ISO-10303-21;
HEADER;
FILE_DESCRIPTION (( 'STEP AP203' ),
    '1' );
FILE_NAME ('TK018F3716.STEP',
    '2026-05-18T03:27:08',
    ( '' ),
    ( '' ),
    'SwSTEP 2.0',
    'SolidWorks 2022',
    '' );
FILE_SCHEMA (( 'CONFIG_CONTROL_DESIGN' ));
ENDSEC;

DATA;
#1 = ORIENTED_EDGE ( 'NONE', *, *, #2480, .T. ) ;
#2 = ADVANCED_FACE ( 'NONE', ( #6293 ), #6181, .F. ) ;
#3 = ADVANCED_FACE ( 'NONE', ( #4578 ), #688, .F. ) ;
#4 = VECTOR ( 'NONE', #873, 1000.000000000000000 ) ;
#5 = VERTEX_POINT ( 'NONE', #1791 ) ;
#6 = CARTESIAN_POINT ( 'NONE',  ( 29.69999999999997442, -0.1000000000000000056, -2.000000000000000000 ) ) ;
#7 = DIRECTION ( 'NONE',  ( -0.000000000000000000, 1.000000000000000000, -0.000000000000000000 ) ) ;
#8 = EDGE_CURVE ( 'NONE', #3705, #6179, #537, .T. ) ;
#9 = CARTESIAN_POINT ( 'NONE',  ( 25.59999999999998010, -0.1000000000000000056, -63.34999999999998721 ) ) ;
#10 = CARTESIAN_POINT ( 'NONE',  ( 47.04999999999999716, -0.7999999999999999334, -48.09999999999998010 ) ) ;
#11 = ORIENTED_EDGE ( 'NONE', *, *, #4080, .T. ) ;
#12 = ORIENTED_EDGE ( 'NONE', *, *, #6114, .F. ) ;
#13 = MANIFOLD_SOLID_BREP ( '凸台-拉伸10[5]', #6727 ) ;
#14 = CARTESIAN_POINT ( 'NONE',  ( 29.76000000000000512, -0.2999999999999999889, -71.09999999999999432 ) ) ;
#15 = CARTESIAN_POINT ( 'NONE',  ( 10.00000000000000533, -0.5000000000000000000, 0.000000000000000000 ) ) ;
#16 = VERTEX_POINT ( 'NONE', #6779 ) ;
#17 = ADVANCED_FACE ( 'NONE', ( #5211 ), #6326, .F. ) ;
#18 = ORIENTED_EDGE ( 'NONE', *, *, #6877, .F. ) ;
#19 = EDGE_CURVE ( 'NONE', #1811, #6565, #2929, .T. ) ;
#20 = CARTESIAN_POINT ( 'NONE',  ( 49.04999999999999716, -0.7999999999999999334, -48.09999999999998010 ) ) ;
#21 = DIRECTION ( 'NONE',  ( 0.000000000000000000, -1.000000000000000000, 0.000000000000000000 ) ) ;
#22 = LINE ( 'NONE', #2728, #5047 ) ;
#23 = DIRECTION ( 'NONE',  ( 0.000000000000000000, 0.000000000000000000, -1.000000000000000000 ) ) ;
#24 = LINE ( 'NONE', #5113, #95 ) ;
#25 = DIRECTION ( 'NONE',  ( -0.000000000000000000, 1.000000000000000000, 0.000000000000000000 ) ) ;
#26 = MANIFOLD_SOLID_BREP ( '凸台-拉伸3', #5774 ) ;
#27 = DIRECTION ( 'NONE',  ( 0.000000000000000000, -1.000000000000000000, 0.000000000000000000 ) ) ;
#28 = ORIENTED_EDGE ( 'NONE', *, *, #248, .T. ) ;
#29 = ADVANCED_FACE ( 'NONE', ( #1099 ), #6814, .T. ) ;
#30 = ORIENTED_EDGE ( 'NONE', *, *, #6710, .T. ) ;
#31 = DIRECTION ( 'NONE',  ( 0.000000000000000000, 0.000000000000000000, -1.000000000000000000 ) ) ;
#32 = CARTESIAN_POINT ( 'NONE',  ( 33.70000000000000995, -2.299999999999999822, -37.29999999999999716 ) ) ;
#33 = FACE_OUTER_BOUND ( 'NONE', #5941, .T. ) ;
#34 = CC_DESIGN_PERSON_AND_ORGANIZATION_ASSIGNMENT ( #141, #4592, ( #584 ) ) ;
#35 = CARTESIAN_POINT ( 'NONE',  ( 27.50000000000000355, -0.5000000000000000000, -70.59999999999999432 ) ) ;
#36 = CARTESIAN_POINT ( 'NONE',  ( 28.09999999999998010, -0.1000000000000000056, -63.34999999999998721 ) ) ;
#37 = ORIENTED_EDGE ( 'NONE', *, *, #6068, .T. ) ;
#38 = VECTOR ( 'NONE', #1990, 1000.000000000000000 ) ;
#39 = ORIENTED_EDGE ( 'NONE', *, *, #4163, .T. ) ;
#40 = AXIS2_PLACEMENT_3D ( 'NONE', #5902, #5307, #6945 ) ;
#41 = LINE ( 'NONE', #2294, #5515 ) ;
#42 = CARTESIAN_POINT ( 'NONE',  ( 34.83031945056170997, 1.244639535854047407, -6.999999999999999112 ) ) ;
#43 = EDGE_CURVE ( 'NONE', #3430, #7326, #4937, .T. ) ;
#44 = DIRECTION ( 'NONE',  ( -1.000000000000000000, 0.000000000000000000, 3.659754168727450359E-17 ) ) ;
#45 = EDGE_CURVE ( 'NONE', #1710, #5747, #6743, .T. ) ;
#46 = DIRECTION ( 'NONE',  ( 0.000000000000000000, -1.000000000000000000, 0.000000000000000000 ) ) ;
#47 = ORIENTED_EDGE ( 'NONE', *, *, #773, .T. ) ;
#48 = ORIENTED_EDGE ( 'NONE', *, *, #7293, .F. ) ;
#49 = ADVANCED_FACE ( 'NONE', ( #3916 ), #3500, .T. ) ;
#50 = LINE ( 'NONE', #4907, #385 ) ;
#51 = CARTESIAN_POINT ( 'NONE',  ( 28.99999999999998934, -0.2000000000000000111, -67.90000000000001990 ) ) ;
#52 = ORIENTED_EDGE ( 'NONE', *, *, #2885, .F. ) ;
#53 = ORIENTED_EDGE ( 'NONE', *, *, #4651, .T. ) ;
#54 = CARTESIAN_POINT ( 'NONE',  ( 27.50000000000000355, -0.5000000000000000000, 0.000000000000000000 ) ) ;
#55 = PLANE ( 'NONE',  #3978 ) ;
#56 = CARTESIAN_POINT ( 'NONE',  ( 28.70000000000000284, 1.500000000000000000, -36.60000000000000142 ) ) ;
#57 = DIRECTION ( 'NONE',  ( -0.000000000000000000, 1.000000000000000000, -0.000000000000000000 ) ) ;
#58 = LINE ( 'NONE', #1728, #5079 ) ;
#59 = CARTESIAN_POINT ( 'NONE',  ( 29.70000000000000639, -0.1000000000000000056, -37.29999999999999716 ) ) ;
#60 = EDGE_CURVE ( 'NONE', #5869, #840, #93, .T. ) ;
#61 = DIRECTION ( 'NONE',  ( 0.000000000000000000, 0.000000000000000000, 1.000000000000000000 ) ) ;
#62 = ORIENTED_EDGE ( 'NONE', *, *, #7154, .F. ) ;
#63 = ORIENTED_EDGE ( 'NONE', *, *, #1583, .F. ) ;
#64 = FACE_OUTER_BOUND ( 'NONE', #2919, .T. ) ;
#65 = LINE ( 'NONE', #1286, #415 ) ;
#66 = CIRCLE ( 'NONE', #2908, 0.5000000000000004441 ) ;
#67 = DIRECTION ( 'NONE',  ( 1.000000000000000000, 0.000000000000000000, 0.000000000000000000 ) ) ;
#68 = VECTOR ( 'NONE', #1639, 1000.000000000000000 ) ;
#69 = DATE_AND_TIME ( #1154, #6501 ) ;
#70 = ADVANCED_FACE ( 'NONE', ( #3387 ), #6255, .F. ) ;
#71 = FACE_OUTER_BOUND ( 'NONE', #3149, .T. ) ;
#72 = DIRECTION ( 'NONE',  ( 0.000000000000000000, -1.000000000000000000, 0.000000000000000000 ) ) ;
#73 = EDGE_LOOP ( 'NONE', ( #6523, #6698, #7289, #7273 ) ) ;
#74 = VECTOR ( 'NONE', #4754, 1000.000000000000000 ) ;
#75 = VECTOR ( 'NONE', #3751, 1000.000000000000000 ) ;
#76 = ORIENTED_EDGE ( 'NONE', *, *, #4651, .F. ) ;
#77 = DIRECTION ( 'NONE',  ( -0.000000000000000000, -1.000000000000000000, -0.000000000000000000 ) ) ;
#78 = DIRECTION ( 'NONE',  ( -1.000000000000000000, 0.000000000000000000, 0.000000000000000000 ) ) ;
#79 = DIRECTION ( 'NONE',  ( 1.000000000000000000, 0.000000000000000000, 0.000000000000000000 ) ) ;
#80 = AXIS2_PLACEMENT_3D ( 'NONE', #243, #7068, #3548 ) ;
#81 = CARTESIAN_POINT ( 'NONE',  ( 47.04999999999999716, -0.7999999999999999334, -53.59999999999998010 ) ) ;
#82 = EDGE_LOOP ( 'NONE', ( #4786, #6861, #3028, #1569 ) ) ;
#83 = ORIENTED_EDGE ( 'NONE', *, *, #1363, .F. ) ;
#84 = EDGE_CURVE ( 'NONE', #2901, #1173, #6134, .T. ) ;
#85 = EDGE_CURVE ( 'NONE', #3874, #3030, #2840, .T. ) ;
#86 = AXIS2_PLACEMENT_3D ( 'NONE', #1839, #6378, #4766 ) ;
#87 = CARTESIAN_POINT ( 'NONE',  ( 7.000000000000009770, 1.244639535854047407, -42.73031945056171566 ) ) ;
#88 = DIRECTION ( 'NONE',  ( -0.000000000000000000, -0.000000000000000000, 1.000000000000000000 ) ) ;
#89 = AXIS2_PLACEMENT_3D ( 'NONE', #6884, #286, #2507 ) ;
#90 = ORIENTED_EDGE ( 'NONE', *, *, #6267, .T. ) ;
#91 = CIRCLE ( 'NONE', #2449, 0.5000000000000004441 ) ;
#92 = EDGE_CURVE ( 'NONE', #1975, #573, #3991, .T. ) ;
#93 = LINE ( 'NONE', #6216, #5889 ) ;
#94 = LINE ( 'NONE', #1137, #4913 ) ;
#95 = VECTOR ( 'NONE', #967, 1000.000000000000000 ) ;
#96 = CARTESIAN_POINT ( 'NONE',  ( 0.000000000000000000, -0.3000000000000000444, 0.000000000000000000 ) ) ;
#97 = CARTESIAN_POINT ( 'NONE',  ( 29.69999999999998153, 0.1000000000000000056, -63.34999999999998721 ) ) ;
#98 = DIRECTION ( 'NONE',  ( 0.000000000000000000, -1.000000000000000000, 0.000000000000000000 ) ) ;
#99 = EDGE_CURVE ( 'NONE', #709, #6766, #2910, .T. ) ;
#100 = CARTESIAN_POINT ( 'NONE',  ( 0.000000000000000000, -0.3999999999999999667, -48.39999999999999858 ) ) ;
#101 = EDGE_LOOP ( 'NONE', ( #1742, #4310, #6947, #4236 ) ) ;
#102 = EDGE_LOOP ( 'NONE', ( #90, #6502, #5523, #2370 ) ) ;
#103 = VERTEX_POINT ( 'NONE', #20 ) ;
#104 = CARTESIAN_POINT ( 'NONE',  ( 28.74999999999998579, -0.3000000000000000444, -68.90000000000001990 ) ) ;
#105 = LINE ( 'NONE', #4173, #4567 ) ;
#106 = LINE ( 'NONE', #2364, #4605 ) ;
#107 = PERSON_AND_ORGANIZATION_ROLE ( 'creator' ) ;
#108 = DIRECTION ( 'NONE',  ( 0.000000000000000000, 0.000000000000000000, -1.000000000000000000 ) ) ;
#109 = CARTESIAN_POINT ( 'NONE',  ( 25.29999999999999005, -0.3000000000000000444, -68.90000000000001990 ) ) ;
#110 = ORIENTED_EDGE ( 'NONE', *, *, #1157, .F. ) ;
#111 = VECTOR ( 'NONE', #7032, 1000.000000000000000 ) ;
#112 = ADVANCED_FACE ( 'NONE', ( #1175 ), #2310, .T. ) ;
#113 = ORIENTED_EDGE ( 'NONE', *, *, #1435, .F. ) ;
#114 = CARTESIAN_POINT ( 'NONE',  ( 30.19000000000000838, -0.3999999999999999667, -71.09999999999999432 ) ) ;
#115 = VECTOR ( 'NONE', #1992, 1000.000000000000000 ) ;
#116 = CARTESIAN_POINT ( 'NONE',  ( 29.69999999999997442, -1.500000000000000000, -2.000000000000000000 ) ) ;
#117 = DIRECTION ( 'NONE',  ( 0.000000000000000000, -0.000000000000000000, 1.000000000000000000 ) ) ;
#118 = CARTESIAN_POINT ( 'NONE',  ( 27.99999999999998579, -0.3000000000000000444, -68.90000000000001990 ) ) ;
#119 = ORIENTED_EDGE ( 'NONE', *, *, #6290, .F. ) ;
#120 = VECTOR ( 'NONE', #4683, 1000.000000000000000 ) ;
#121 = CARTESIAN_POINT ( 'NONE',  ( 31.19999999999999218, -0.5000000000000000000, -55.59999999999998721 ) ) ;
#122 = CARTESIAN_POINT ( 'NONE',  ( 10.00000000000000533, -0.3999999999999999667, 0.000000000000000000 ) ) ;
#123 = ORIENTED_EDGE ( 'NONE', *, *, #5135, .F. ) ;
#124 = CARTESIAN_POINT ( 'NONE',  ( 30.92000000000000526, -0.2999999999999999889, -69.09999999999999432 ) ) ;
#125 = AXIS2_PLACEMENT_3D ( 'NONE', #5388, #5324, #4761 ) ;
#126 = DIRECTION ( 'NONE',  ( 0.000000000000000000, 0.000000000000000000, -1.000000000000000000 ) ) ;
#127 = DIRECTION ( 'NONE',  ( 0.000000000000000000, 0.000000000000000000, -1.000000000000000000 ) ) ;
#128 = ADVANCED_FACE ( 'NONE', ( #877 ), #1429, .F. ) ;
#129 = CARTESIAN_POINT ( 'NONE',  ( 19.27000000000000313, -0.4000000000000000222, -41.29999999999999716 ) ) ;
#130 = EDGE_CURVE ( 'NONE', #3833, #6960, #3098, .T. ) ;
#131 = DIRECTION ( 'NONE',  ( -0.000000000000000000, 1.000000000000000000, -0.000000000000000000 ) ) ;
#132 = ORIENTED_EDGE ( 'NONE', *, *, #832, .T. ) ;
#133 = ORIENTED_EDGE ( 'NONE', *, *, #1055, .T. ) ;
#134 = ORIENTED_EDGE ( 'NONE', *, *, #917, .F. ) ;
#135 = APPLICATION_CONTEXT ( 'configuration controlled 3d designs of mechanical parts and assemblies' ) ;
#136 = ADVANCED_FACE ( 'NONE', ( #252 ), #1950, .T. ) ;
#137 = DIRECTION ( 'NONE',  ( 1.000000000000000000, -0.000000000000000000, 1.541976423090507466E-14 ) ) ;
#138 = DIRECTION ( 'NONE',  ( 0.000000000000000000, 0.000000000000000000, 1.000000000000000000 ) ) ;
#139 = DIRECTION ( 'NONE',  ( 0.000000000000000000, 0.000000000000000000, -1.000000000000000000 ) ) ;
#140 = CARTESIAN_POINT ( 'NONE',  ( 31.65000000000000568, -0.2999999999999999889, -71.09999999999999432 ) ) ;
#141 = PERSON_AND_ORGANIZATION ( #4543, #3788 ) ;
#142 = DIRECTION ( 'NONE',  ( 0.000000000000000000, 0.000000000000000000, -1.000000000000000000 ) ) ;
#143 = LINE ( 'NONE', #1741, #4371 ) ;
#144 = EDGE_LOOP ( 'NONE', ( #3586, #6125, #3114, #5848, #2956, #3826, #2682, #605 ) ) ;
#145 = ORIENTED_EDGE ( 'NONE', *, *, #5723, .F. ) ;
#146 = DIRECTION ( 'NONE',  ( 1.000000000000000000, 0.000000000000000000, -0.000000000000000000 ) ) ;
#147 = CARTESIAN_POINT ( 'NONE',  ( 20.26999999999999957, -0.4000000000000000222, -41.29999999999999716 ) ) ;
#148 = CARTESIAN_POINT ( 'NONE',  ( 23.99999999999998579, -0.2000000000000000111, -65.50000000000001421 ) ) ;
#149 = PLANE ( 'NONE',  #2716 ) ;
#150 = ADVANCED_FACE ( 'NONE', ( #4772 ), #3736, .T. ) ;
#151 = ORIENTED_EDGE ( 'NONE', *, *, #827, .T. ) ;
#152 = CIRCLE ( 'NONE', #1442, 3.999999999999996447 ) ;
#153 = VERTEX_POINT ( 'NONE', #4256 ) ;
#154 = AXIS2_PLACEMENT_3D ( 'NONE', #5268, #1821, #1269 ) ;
#155 = CARTESIAN_POINT ( 'NONE',  ( 2.000000000000000888, -2.299999999999999822, -6.000000000000024869 ) ) ;
#156 = CARTESIAN_POINT ( 'NONE',  ( 26.04999999999998650, 0.000000000000000000, -70.90000000000001990 ) ) ;
#157 = AXIS2_PLACEMENT_3D ( 'NONE', #6769, #3939, #1198 ) ;
#158 = MANIFOLD_SOLID_BREP ( '凸台-拉伸4', #5185 ) ;
#159 = EDGE_CURVE ( 'NONE', #6639, #4661, #1915, .T. ) ;
#160 = ORIENTED_EDGE ( 'NONE', *, *, #7018, .T. ) ;
#161 = LINE ( 'NONE', #3501, #3499 ) ;
#162 = DIRECTION ( 'NONE',  ( 0.000000000000000000, 0.000000000000000000, -1.000000000000000000 ) ) ;
#163 = DIRECTION ( 'NONE',  ( 0.000000000000000000, 0.000000000000000000, 1.000000000000000000 ) ) ;
#164 = CARTESIAN_POINT ( 'NONE',  ( 10.10000000000000497, -0.3999999999999999667, -48.39999999999999858 ) ) ;
#165 = DIRECTION ( 'NONE',  ( -0.000000000000000000, -0.000000000000000000, -1.000000000000000000 ) ) ;
#166 = ORIENTED_EDGE ( 'NONE', *, *, #4367, .F. ) ;
#167 = ORIENTED_EDGE ( 'NONE', *, *, #2989, .T. ) ;
#168 = ADVANCED_FACE ( 'NONE', ( #5893 ), #2477, .T. ) ;
#169 = EDGE_CURVE ( 'NONE', #1315, #4824, #1989, .T. ) ;
#170 = DIRECTION ( 'NONE',  ( 1.000000000000000000, 0.000000000000000000, 0.000000000000000000 ) ) ;
#171 = DIRECTION ( 'NONE',  ( 0.000000000000000000, -1.000000000000000000, 0.000000000000000000 ) ) ;
#172 = DIRECTION ( 'NONE',  ( -1.000000000000000000, 0.000000000000000000, 4.956352788505149463E-16 ) ) ;
#173 = FACE_OUTER_BOUND ( 'NONE', #1081, .T. ) ;
#174 = CARTESIAN_POINT ( 'NONE',  ( 26.50000000000000355, -0.5000000000000000000, -57.09999999999999432 ) ) ;
#175 = FACE_OUTER_BOUND ( 'NONE', #2626, .T. ) ;
#176 = ORIENTED_EDGE ( 'NONE', *, *, #5843, .F. ) ;
#177 = VECTOR ( 'NONE', #735, 1000.000000000000000 ) ;
#178 = ORIENTED_EDGE ( 'NONE', *, *, #2267, .T. ) ;
#179 = DIRECTION ( 'NONE',  ( 0.000000000000000000, 0.000000000000000000, -1.000000000000000000 ) ) ;
#180 = CARTESIAN_POINT ( 'NONE',  ( 28.19999999999999218, -0.1000000000000000056, -65.55000000000001137 ) ) ;
#181 = DIRECTION ( 'NONE',  ( 1.000000000000000000, 0.000000000000000000, 0.000000000000000000 ) ) ;
#182 = CARTESIAN_POINT ( 'NONE',  ( 25.59999999999998010, -0.1000000000000000056, -64.84999999999999432 ) ) ;
#183 = ADVANCED_FACE ( 'NONE', ( #811 ), #3066, .T. ) ;
#184 = ORIENTED_EDGE ( 'NONE', *, *, #3608, .T. ) ;
#185 = VECTOR ( 'NONE', #3753, 1000.000000000000000 ) ;
#186 = AXIS2_PLACEMENT_3D ( 'NONE', #673, #2933, #146 ) ;
#187 = ORIENTED_EDGE ( 'NONE', *, *, #1767, .T. ) ;
#188 = AXIS2_PLACEMENT_3D ( 'NONE', #5467, #7140, #5986 ) ;
#189 = LINE ( 'NONE', #1787, #641 ) ;
#190 = DIRECTION ( 'NONE',  ( 0.000000000000000000, 1.000000000000000000, 0.000000000000000000 ) ) ;
#191 = DIRECTION ( 'NONE',  ( 0.000000000000000000, -1.000000000000000000, 0.000000000000000000 ) ) ;
#192 = VERTEX_POINT ( 'NONE', #7079 ) ;
#193 = ORIENTED_EDGE ( 'NONE', *, *, #2502, .F. ) ;
#194 = VECTOR ( 'NONE', #5143, 1000.000000000000000 ) ;
#195 = VECTOR ( 'NONE', #1848, 1000.000000000000000 ) ;
#196 = EDGE_CURVE ( 'NONE', #3510, #6345, #2054, .T. ) ;
#197 = DIRECTION ( 'NONE',  ( -1.000000000000000000, 0.000000000000000000, -0.000000000000000000 ) ) ;
#198 = CLOSED_SHELL ( 'NONE', ( #6869, #2098, #2636, #309, #1941, #4199 ) ) ;
#199 = DIRECTION ( 'NONE',  ( 0.000000000000000000, 1.000000000000000000, 0.000000000000000000 ) ) ;
#200 = CARTESIAN_POINT ( 'NONE',  ( 29.49999999999999289, -0.2000000000000000111, -67.90000000000001990 ) ) ;
#201 = CARTESIAN_POINT ( 'NONE',  ( 31.95000000000000639, -0.3999999999999999667, -71.09999999999999432 ) ) ;
#202 = AXIS2_PLACEMENT_3D ( 'NONE', #2163, #4398, #4359 ) ;
#203 = ORIENTED_EDGE ( 'NONE', *, *, #3795, .F. ) ;
#204 = VERTEX_POINT ( 'NONE', #3174 ) ;
#205 = AXIS2_PLACEMENT_3D ( 'NONE', #1124, #2108, #3338 ) ;
#206 = CARTESIAN_POINT ( 'NONE',  ( 7.000000000000000000, 0.000000000000000000, -43.60000000000000142 ) ) ;
#207 = PLANE ( 'NONE',  #3989 ) ;
#208 = CARTESIAN_POINT ( 'NONE',  ( 10.00000000000000533, -0.5000000000000000000, 0.000000000000000000 ) ) ;
#209 = LINE ( 'NONE', #6998, #4715 ) ;
#210 = CARTESIAN_POINT ( 'NONE',  ( 29.46000000000000796, -0.2999999999999999889, -71.09999999999999432 ) ) ;
#211 = DIRECTION ( 'NONE',  ( -0.000000000000000000, 1.000000000000000000, -0.000000000000000000 ) ) ;
#212 = CIRCLE ( 'NONE', #6967, 0.5000000000000004441 ) ;
#213 = ADVANCED_FACE ( 'NONE', ( #1398 ), #5960, .T. ) ;
#214 = EDGE_LOOP ( 'NONE', ( #4861, #2144, #6915, #5078 ) ) ;
#215 = EDGE_LOOP ( 'NONE', ( #5492, #4817, #5322, #3080, #6724, #2052, #6985, #5617, #5439, #4393, #1929, #499, #491, #849, #5537, #5165, #7272, #5158, #1872, #4899, #6407, #7112, #2157, #2080, #1243, #4218, #7094 ) ) ;
#216 = DIRECTION ( 'NONE',  ( 0.000000000000000000, 1.000000000000000000, 0.000000000000000000 ) ) ;
#217 = LINE ( 'NONE', #2407, #6913 ) ;
#218 = LINE ( 'NONE', #5928, #2931 ) ;
#219 = DIRECTION ( 'NONE',  ( -0.000000000000000000, 1.000000000000000000, 0.000000000000000000 ) ) ;
#220 = ADVANCED_FACE ( 'NONE', ( #7038 ), #3689, .T. ) ;
#221 = VECTOR ( 'NONE', #1304, 1000.000000000000000 ) ;
#222 = EDGE_LOOP ( 'NONE', ( #454, #4224, #3478, #4216 ) ) ;
#223 = EDGE_CURVE ( 'NONE', #2124, #2021, #7004, .T. ) ;
#224 = VECTOR ( 'NONE', #2967, 1000.000000000000000 ) ;
#225 = DIRECTION ( 'NONE',  ( 0.000000000000000000, 1.000000000000000000, 0.000000000000000000 ) ) ;
#226 = EDGE_CURVE ( 'NONE', #1397, #4439, #6559, .T. ) ;
#227 = VECTOR ( 'NONE', #1762, 1000.000000000000000 ) ;
#228 = CARTESIAN_POINT ( 'NONE',  ( 49.04999999999999716, -0.5000000000000000000, -53.29999999999997584 ) ) ;
#229 = LINE ( 'NONE', #1859, #221 ) ;
#230 = DIRECTION ( 'NONE',  ( 0.000000000000000000, 0.000000000000000000, -1.000000000000000000 ) ) ;
#231 = VECTOR ( 'NONE', #211, 1000.000000000000000 ) ;
#232 = ORIENTED_EDGE ( 'NONE', *, *, #1784, .T. ) ;
#233 = VERTEX_POINT ( 'NONE', #1508 ) ;
#234 = CARTESIAN_POINT ( 'NONE',  ( 7.000000000000000000, 0.5000000000000000000, -7.000000000000000000 ) ) ;
#235 = CARTESIAN_POINT ( 'NONE',  ( 2.000000000000004441, -0.1000000000000000056, -37.29999999999996874 ) ) ;
#236 = DIRECTION ( 'NONE',  ( 0.000000000000000000, -1.000000000000000000, 0.000000000000000000 ) ) ;
#237 = DIRECTION ( 'NONE',  ( -0.000000000000000000, -0.000000000000000000, -1.000000000000000000 ) ) ;
#238 = EDGE_CURVE ( 'NONE', #2346, #4635, #958, .T. ) ;
#239 = ORIENTED_EDGE ( 'NONE', *, *, #6786, .F. ) ;
#240 = ADVANCED_FACE ( 'NONE', ( #4366 ), #5594, .F. ) ;
#241 = ORIENTED_EDGE ( 'NONE', *, *, #1856, .F. ) ;
#242 = DIRECTION ( 'NONE',  ( 0.000000000000000000, 1.000000000000000000, 0.000000000000000000 ) ) ;
#243 = CARTESIAN_POINT ( 'NONE',  ( 26.50000000000000355, -0.3999999999999999667, -57.09999999999999432 ) ) ;
#244 = DIRECTION ( 'NONE',  ( 1.000000000000000000, 0.000000000000000000, 0.000000000000000000 ) ) ;
#245 = PLANE ( 'NONE',  #6154 ) ;
#246 = FACE_OUTER_BOUND ( 'NONE', #2616, .T. ) ;
#247 = CARTESIAN_POINT ( 'NONE',  ( 30.49999999999997868, -0.1000000000000000056, -65.04999999999998295 ) ) ;
#248 = EDGE_CURVE ( 'NONE', #4648, #2999, #399, .T. ) ;
#249 = ORIENTED_EDGE ( 'NONE', *, *, #6237, .T. ) ;
#250 = ORIENTED_EDGE ( 'NONE', *, *, #2440, .T. ) ;
#251 = EDGE_CURVE ( 'NONE', #7155, #662, #2814, .T. ) ;
#252 = FACE_OUTER_BOUND ( 'NONE', #3313, .T. ) ;
#253 = CARTESIAN_POINT ( 'NONE',  ( 25.59999999999998010, -0.1000000000000000056, -64.84999999999999432 ) ) ;
#254 = FACE_OUTER_BOUND ( 'NONE', #5863, .T. ) ;
#255 = DIRECTION ( 'NONE',  ( -0.000000000000000000, 1.000000000000000000, -0.000000000000000000 ) ) ;
#256 = VERTEX_POINT ( 'NONE', #2211 ) ;
#257 = ORIENTED_EDGE ( 'NONE', *, *, #5456, .T. ) ;
#258 = DIRECTION ( 'NONE',  ( 1.000000000000000000, 0.000000000000000000, -0.000000000000000000 ) ) ;
#259 = EDGE_CURVE ( 'NONE', #4350, #901, #7074, .T. ) ;
#260 = EDGE_CURVE ( 'NONE', #3714, #3005, #2817, .T. ) ;
#261 = DIRECTION ( 'NONE',  ( 0.000000000000000000, 0.000000000000000000, -1.000000000000000000 ) ) ;
#262 = DIRECTION ( 'NONE',  ( 0.000000000000000000, -1.000000000000000000, 0.000000000000000000 ) ) ;
#263 = CARTESIAN_POINT ( 'NONE',  ( 2.000000000000000888, -1.500000000000000000, -6.000000000000026645 ) ) ;
#264 = CIRCLE ( 'NONE', #6318, 0.9999999999999870104 ) ;
#265 = ORIENTED_EDGE ( 'NONE', *, *, #1085, .F. ) ;
#266 = EDGE_CURVE ( 'NONE', #1553, #3528, #5478, .T. ) ;
#267 = ORIENTED_EDGE ( 'NONE', *, *, #5010, .T. ) ;
#268 = EDGE_LOOP ( 'NONE', ( #4051, #145, #5925, #7201 ) ) ;
#269 = CIRCLE ( 'NONE', #1447, 4.999999999999998224 ) ;
#270 = AXIS2_PLACEMENT_3D ( 'NONE', #14, #2268, #2943 ) ;
#271 = DIRECTION ( 'NONE',  ( 0.000000000000000000, -0.000000000000000000, 1.000000000000000000 ) ) ;
#272 = CARTESIAN_POINT ( 'NONE',  ( 46.79999999999999716, -0.7999999999999999334, -48.39999999999997726 ) ) ;
#273 = CARTESIAN_POINT ( 'NONE',  ( 28.00000000000000711, -0.6000000000000000888, -71.09999999999999432 ) ) ;
#274 = VERTEX_POINT ( 'NONE', #2656 ) ;
#275 = EDGE_CURVE ( 'NONE', #5924, #6266, #6156, .T. ) ;
#276 = ORIENTED_EDGE ( 'NONE', *, *, #279, .T. ) ;
#277 = DIRECTION ( 'NONE',  ( -0.000000000000000000, -1.000000000000000000, -0.000000000000000000 ) ) ;
#278 = DIRECTION ( 'NONE',  ( -0.000000000000000000, -1.000000000000000000, -0.000000000000000000 ) ) ;
#279 = EDGE_CURVE ( 'NONE', #5735, #6725, #3810, .T. ) ;
#280 = DIRECTION ( 'NONE',  ( 0.000000000000000000, 0.000000000000000000, 1.000000000000000000 ) ) ;
#281 = FACE_OUTER_BOUND ( 'NONE', #6903, .T. ) ;
#282 = CARTESIAN_POINT ( 'NONE',  ( 28.70000000000000284, 1.500000000000000444, -2.000000000000008882 ) ) ;
#283 = CARTESIAN_POINT ( 'NONE',  ( 0.000000000000000000, -0.3999999999999999667, -47.09999999999998010 ) ) ;
#284 = ORIENTED_EDGE ( 'NONE', *, *, #1533, .T. ) ;
#285 = ORIENTED_EDGE ( 'NONE', *, *, #5504, .T. ) ;
#286 = DIRECTION ( 'NONE',  ( -1.000000000000000000, 0.000000000000000000, 0.000000000000000000 ) ) ;
#287 = EDGE_CURVE ( 'NONE', #858, #5173, #5557, .T. ) ;
#288 = PLANE ( 'NONE',  #6908 ) ;
#289 = CARTESIAN_POINT ( 'NONE',  ( 32.50000000000000000, -0.6000000000000000888, -70.59999999999998010 ) ) ;
#290 = CARTESIAN_POINT ( 'NONE',  ( 28.99999999999998934, -0.1000000000000000056, -67.40000000000001990 ) ) ;
#291 = ORIENTED_EDGE ( 'NONE', *, *, #3202, .F. ) ;
#292 = EDGE_LOOP ( 'NONE', ( #1202, #52, #4276, #4195 ) ) ;
#293 = DIRECTION ( 'NONE',  ( -1.000000000000000000, -0.000000000000000000, -0.000000000000000000 ) ) ;
#294 = CARTESIAN_POINT ( 'NONE',  ( 24.99999999999998579, -0.3000000000000000444, -68.90000000000001990 ) ) ;
#295 = PLANE ( 'NONE',  #7090 ) ;
#296 = VECTOR ( 'NONE', #2427, 1000.000000000000000 ) ;
#297 = AXIS2_PLACEMENT_3D ( 'NONE', #5213, #1377, #1274 ) ;
#298 = CARTESIAN_POINT ( 'NONE',  ( 15.89999999999997016, -0.2000000000000000111, -42.29999999999999716 ) ) ;
#299 = ADVANCED_FACE ( 'NONE', ( #5083 ), #6078, .F. ) ;
#300 = ORIENTED_EDGE ( 'NONE', *, *, #5946, .T. ) ;
#301 = ORIENTED_EDGE ( 'NONE', *, *, #6812, .T. ) ;
#302 = VERTEX_POINT ( 'NONE', #6757 ) ;
#303 = EDGE_CURVE ( 'NONE', #7326, #5679, #513, .T. ) ;
#304 = CIRCLE ( 'NONE', #6116, 1.000000000000000888 ) ;
#305 = LINE ( 'NONE', #3674, #545 ) ;
#306 = CARTESIAN_POINT ( 'NONE',  ( 17.84999999999999787, 1.244639535854047407, -42.73031945056171566 ) ) ;
#307 = DIRECTION ( 'NONE',  ( -0.000000000000000000, 1.000000000000000000, -0.000000000000000000 ) ) ;
#308 = VECTOR ( 'NONE', #4762, 1000.000000000000000 ) ;
#309 = ADVANCED_FACE ( 'NONE', ( #7348 ), #6227, .F. ) ;
#310 = VERTEX_POINT ( 'NONE', #1111 ) ;
#311 = ORIENTED_EDGE ( 'NONE', *, *, #4232, .T. ) ;
#312 = VECTOR ( 'NONE', #5332, 1000.000000000000000 ) ;
#313 = DIRECTION ( 'NONE',  ( 0.000000000000000000, 0.000000000000000000, -1.000000000000000000 ) ) ;
#314 = DIRECTION ( 'NONE',  ( -1.734723475976805517E-15, 0.000000000000000000, -1.000000000000000000 ) ) ;
#315 = EDGE_CURVE ( 'NONE', #3256, #2756, #3213, .T. ) ;
#316 = VECTOR ( 'NONE', #3060, 1000.000000000000000 ) ;
#317 = LINE ( 'NONE', #2013, #2539 ) ;
#318 = DIRECTION ( 'NONE',  ( -0.000000000000000000, -0.000000000000000000, -1.000000000000000000 ) ) ;
#319 = CARTESIAN_POINT ( 'NONE',  ( 28.29999999999999005, -0.3000000000000000444, -68.90000000000001990 ) ) ;
#320 = DIRECTION ( 'NONE',  ( -1.000000000000000000, 0.000000000000000000, 0.000000000000000000 ) ) ;
#321 = AXIS2_PLACEMENT_3D ( 'NONE', #5252, #5674, #3404 ) ;
#322 = VERTEX_POINT ( 'NONE', #7265 ) ;
#323 = VERTEX_POINT ( 'NONE', #3887 ) ;
#324 = AXIS2_PLACEMENT_3D ( 'NONE', #1104, #6186, #5626 ) ;
#325 = ORIENTED_EDGE ( 'NONE', *, *, #5935, .F. ) ;
#326 = CARTESIAN_POINT ( 'NONE',  ( 6.999999999999999112, 1.244639535854047407, -0.8696805494382867652 ) ) ;
#327 = PLANE ( 'NONE',  #4412 ) ;
#328 = CARTESIAN_POINT ( 'NONE',  ( 4.071067811865475505, 1.500000000000000666, -2.000000000000002220 ) ) ;
#329 = CIRCLE ( 'NONE', #1275, 3.999999999999996447 ) ;
#330 = DIRECTION ( 'NONE',  ( 0.000000000000000000, -1.000000000000000000, 0.000000000000000000 ) ) ;
#331 = EDGE_LOOP ( 'NONE', ( #7190, #2210, #3303, #1813 ) ) ;
#332 = ADVANCED_FACE ( 'NONE', ( #436 ), #5631, .T. ) ;
#333 = VERTEX_POINT ( 'NONE', #4404 ) ;
#334 = CARTESIAN_POINT ( 'NONE',  ( 24.99999999999999645, -0.5000000000000000000, -41.29999999999999716 ) ) ;
#335 = VECTOR ( 'NONE', #4436, 1000.000000000000000 ) ;
#336 = CARTESIAN_POINT ( 'NONE',  ( 49.04999999999999716, -0.7999999999999999334, -48.39999999999997726 ) ) ;
#337 = CARTESIAN_POINT ( 'NONE',  ( 17.84999999999999787, 0.5000000000000000000, -43.60000000000000142 ) ) ;
#338 = CARTESIAN_POINT ( 'NONE',  ( 12.60000000000000497, -0.3999999999999999667, -44.29999999999999716 ) ) ;
#339 = EDGE_LOOP ( 'NONE', ( #2957, #3266, #5450, #3464 ) ) ;
#340 = VERTEX_POINT ( 'NONE', #6677 ) ;
#341 = ORIENTED_EDGE ( 'NONE', *, *, #2065, .F. ) ;
#342 = VECTOR ( 'NONE', #1067, 1000.000000000000000 ) ;
#343 = DIRECTION ( 'NONE',  ( -0.000000000000000000, 1.000000000000000000, -0.000000000000000000 ) ) ;
#344 = AXIS2_PLACEMENT_3D ( 'NONE', #6379, #72, #1290 ) ;
#345 = DIRECTION ( 'NONE',  ( -1.000000000000000000, 0.000000000000000000, -0.000000000000000000 ) ) ;
#346 = CARTESIAN_POINT ( 'NONE',  ( 25.74999999999998934, -0.3000000000000000444, -70.90000000000001990 ) ) ;
#347 = EDGE_LOOP ( 'NONE', ( #4098, #3509, #992, #1722 ) ) ;
#348 = EDGE_LOOP ( 'NONE', ( #4084, #5363, #1454, #3147 ) ) ;
#349 = VECTOR ( 'NONE', #470, 1000.000000000000000 ) ;
#350 = ORIENTED_EDGE ( 'NONE', *, *, #6210, .T. ) ;
#351 = PLANE ( 'NONE',  #6319 ) ;
#352 = DIRECTION ( 'NONE',  ( 0.000000000000000000, 0.000000000000000000, 1.000000000000000000 ) ) ;
#353 = EDGE_CURVE ( 'NONE', #4234, #5899, #1586, .T. ) ;
#354 = DIRECTION ( 'NONE',  ( -0.000000000000000000, 0.000000000000000000, 1.000000000000000000 ) ) ;
#355 = EDGE_CURVE ( 'NONE', #3596, #3306, #3287, .T. ) ;
#356 = DIRECTION ( 'NONE',  ( -0.000000000000000000, 1.000000000000000000, 0.000000000000000000 ) ) ;
#357 = CARTESIAN_POINT ( 'NONE',  ( 0.000000000000000000, 0.1000000000000000056, 0.000000000000000000 ) ) ;
#358 = DIRECTION ( 'NONE',  ( -0.000000000000000000, 1.000000000000000000, -0.000000000000000000 ) ) ;
#359 = CARTESIAN_POINT ( 'NONE',  ( 29.69999999999998153, 0.1000000000000000056, -63.34999999999998721 ) ) ;
#360 = ORIENTED_EDGE ( 'NONE', *, *, #827, .F. ) ;
#361 = EDGE_CURVE ( 'NONE', #4261, #695, #571, .T. ) ;
#362 = VERTEX_POINT ( 'NONE', #4038 ) ;
#363 = ORIENTED_EDGE ( 'NONE', *, *, #4336, .T. ) ;
#364 = DIRECTION ( 'NONE',  ( -0.000000000000000000, 1.000000000000000000, 0.000000000000000000 ) ) ;
#365 = DIRECTION ( 'NONE',  ( 1.108449505416492044E-16, 0.000000000000000000, -1.000000000000000000 ) ) ;
#366 = CARTESIAN_POINT ( 'NONE',  ( 33.70000000000000995, -1.500000000000000000, -37.29999999999999716 ) ) ;
#367 = CARTESIAN_POINT ( 'NONE',  ( 0.000000000000000000, 0.5000000000000000000, -36.60000000000000142 ) ) ;
#368 = DIRECTION ( 'NONE',  ( 0.000000000000000000, 0.000000000000000000, 1.000000000000000000 ) ) ;
#369 = ORIENTED_EDGE ( 'NONE', *, *, #4986, .T. ) ;
#370 = ORIENTED_EDGE ( 'NONE', *, *, #1538, .F. ) ;
#371 = DIRECTION ( 'NONE',  ( 0.000000000000000000, -1.000000000000000000, 0.000000000000000000 ) ) ;
#372 = DIRECTION ( 'NONE',  ( 0.000000000000000000, 0.000000000000000000, -1.000000000000000000 ) ) ;
#373 = LINE ( 'NONE', #3144, #6870 ) ;
#374 = EDGE_CURVE ( 'NONE', #103, #3129, #597, .T. ) ;
#375 = LINE ( 'NONE', #7126, #2820 ) ;
#376 = ORIENTED_EDGE ( 'NONE', *, *, #5496, .T. ) ;
#377 = ORIENTED_EDGE ( 'NONE', *, *, #3660, .T. ) ;
#378 = FACE_OUTER_BOUND ( 'NONE', #4333, .T. ) ;
#379 = EDGE_CURVE ( 'NONE', #4284, #4111, #1247, .T. ) ;
#380 = CARTESIAN_POINT ( 'NONE',  ( 27.69999999999999574, -0.1000000000000000056, -58.55000000000001847 ) ) ;
#381 = DIRECTION ( 'NONE',  ( -0.000000000000000000, -0.000000000000000000, 1.000000000000000000 ) ) ;
#382 = VERTEX_POINT ( 'NONE', #3513 ) ;
#383 = VECTOR ( 'NONE', #1114, 1000.000000000000000 ) ;
#384 = ORIENTED_EDGE ( 'NONE', *, *, #223, .F. ) ;
#385 = VECTOR ( 'NONE', #2645, 1000.000000000000000 ) ;
#386 = ORIENTED_EDGE ( 'NONE', *, *, #620, .F. ) ;
#387 = CARTESIAN_POINT ( 'NONE',  ( 0.000000000000000000, -0.3999999999999999667, -54.59999999999998010 ) ) ;
#388 = DIRECTION ( 'NONE',  ( 0.000000000000000000, 1.000000000000000000, 0.000000000000000000 ) ) ;
#389 = CARTESIAN_POINT ( 'NONE',  ( 23.99999999999998579, -0.2000000000000000111, -59.29999999999999005 ) ) ;
#390 = DIRECTION ( 'NONE',  ( 0.000000000000000000, 0.000000000000000000, -1.000000000000000000 ) ) ;
#391 = DIRECTION ( 'NONE',  ( 1.000000000000000000, 0.000000000000000000, 0.000000000000000000 ) ) ;
#392 = CARTESIAN_POINT ( 'NONE',  ( 27.24999999999998934, -0.3000000000000000444, -68.90000000000001990 ) ) ;
#393 = DIRECTION ( 'NONE',  ( 1.000000000000000000, 0.000000000000000000, 0.000000000000000000 ) ) ;
#394 = ORIENTED_EDGE ( 'NONE', *, *, #5302, .F. ) ;
#395 = ADVANCED_FACE ( 'NONE', ( #3547 ), #4004, .F. ) ;
#396 = ORIENTED_EDGE ( 'NONE', *, *, #1818, .T. ) ;
#397 = ADVANCED_FACE ( 'NONE', ( #5118 ), #1217, .F. ) ;
#398 = ORIENTED_EDGE ( 'NONE', *, *, #7251, .F. ) ;
#399 = LINE ( 'NONE', #553, #6732 ) ;
#400 = DIRECTION ( 'NONE',  ( 1.000000000000000000, 0.000000000000000000, -0.000000000000000000 ) ) ;
#401 = APPROVAL_ROLE ( '' ) ;
#402 = CARTESIAN_POINT ( 'NONE',  ( 6.999999999999999112, 1.500000000000000444, -2.000000000000001776 ) ) ;
#403 = B_SPLINE_CURVE_WITH_KNOTS ( 'NONE', 2,
 ( #5280, #2877, #622 ),
 .UNSPECIFIED., .F., .F.,
 ( 3, 3 ),
 ( 0.000000000000000000, 1.000000000000000000 ),
 .UNSPECIFIED. ) ;
#404 = DIRECTION ( 'NONE',  ( 0.000000000000000000, 0.000000000000000000, -1.000000000000000000 ) ) ;
#405 = ORIENTED_EDGE ( 'NONE', *, *, #7351, .F. ) ;
#406 = VERTEX_POINT ( 'NONE', #4555 ) ;
#407 = LINE ( 'NONE', #2551, #1332 ) ;
#408 = CARTESIAN_POINT ( 'NONE',  ( 29.03000000000000824, -0.3999999999999999667, -71.09999999999999432 ) ) ;
#409 = LINE ( 'NONE', #3820, #2232 ) ;
#410 = ADVANCED_FACE ( 'NONE', ( #64 ), #5152, .T. ) ;
#411 = DIRECTION ( 'NONE',  ( 1.486905836551547896E-15, 0.000000000000000000, -1.000000000000000000 ) ) ;
#412 = VERTEX_POINT ( 'NONE', #6823 ) ;
#413 = VERTEX_POINT ( 'NONE', #698 ) ;
#414 = ORIENTED_EDGE ( 'NONE', *, *, #2361, .F. ) ;
#415 = VECTOR ( 'NONE', #4591, 1000.000000000000000 ) ;
#416 = CARTESIAN_POINT ( 'NONE',  ( 47.55000000000000426, -0.7999999999999999334, 0.000000000000000000 ) ) ;
#417 = DIRECTION ( 'NONE',  ( 0.000000000000000000, 0.000000000000000000, 1.000000000000000000 ) ) ;
#418 = PLANE ( 'NONE',  #2072 ) ;
#419 = EDGE_LOOP ( 'NONE', ( #2870, #2643, #697, #4363 ) ) ;
#420 = VECTOR ( 'NONE', #7057, 1000.000000000000000 ) ;
#421 = AXIS2_PLACEMENT_3D ( 'NONE', #6768, #4496, #1676 ) ;
#422 = EDGE_CURVE ( 'NONE', #1196, #5400, #4068, .T. ) ;
#423 = ORIENTED_EDGE ( 'NONE', *, *, #4660, .F. ) ;
#424 = ORIENTED_EDGE ( 'NONE', *, *, #1112, .T. ) ;
#425 = DIRECTION ( 'NONE',  ( -0.000000000000000000, 0.000000000000000000, 1.000000000000000000 ) ) ;
#426 = CARTESIAN_POINT ( 'NONE',  ( 28.30000000000000426, -0.2999999999999999889, -71.09999999999999432 ) ) ;
#427 = AXIS2_PLACEMENT_3D ( 'NONE', #1940, #138, #802 ) ;
#428 = DIRECTION ( 'NONE',  ( 1.000000000000000000, 0.000000000000000000, 0.000000000000000000 ) ) ;
#429 = LINE ( 'NONE', #2691, #4825 ) ;
#430 = DIRECTION ( 'NONE',  ( 1.000000000000000000, 0.000000000000000000, 0.000000000000000000 ) ) ;
#431 = PLANE ( 'NONE',  #6746 ) ;
#432 = VERTEX_POINT ( 'NONE', #2392 ) ;
#433 = VERTEX_POINT ( 'NONE', #1736 ) ;
#434 = VECTOR ( 'NONE', #2088, 1000.000000000000000 ) ;
#435 = ORIENTED_EDGE ( 'NONE', *, *, #6427, .T. ) ;
#436 = FACE_OUTER_BOUND ( 'NONE', #954, .T. ) ;
#437 = DIRECTION ( 'NONE',  ( 1.000000000000000000, -0.000000000000000000, -0.000000000000000000 ) ) ;
#438 = CLOSED_SHELL ( 'NONE', ( #5666, #2231, #6303, #4156, #3678, #5639, #2121, #4088, #5846, #3796, #3188, #136, #4773, #3703, #70, #1334, #3358, #594, #7291, #4509, #2606, #582, #4499, #6170, #332, #1802, #6569, #456, #3073, #2164, #1908, #1195, #299, #6801, #808, #5622, #1772, #4638, #6393 ) ) ;
#439 = DIRECTION ( 'NONE',  ( 0.000000000000000000, -0.000000000000000000, -1.000000000000000000 ) ) ;
#440 = LINE ( 'NONE', #2703, #3037 ) ;
#441 = FACE_OUTER_BOUND ( 'NONE', #935, .T. ) ;
#442 = AXIS2_PLACEMENT_3D ( 'NONE', #4516, #2278, #2731 ) ;
#443 = ORIENTED_EDGE ( 'NONE', *, *, #5167, .T. ) ;
#444 = EDGE_LOOP ( 'NONE', ( #848, #6344, #2530, #5556 ) ) ;
#445 = ORIENTED_EDGE ( 'NONE', *, *, #5496, .F. ) ;
#446 = DIRECTION ( 'NONE',  ( 0.000000000000000000, 0.000000000000000000, -1.000000000000000000 ) ) ;
#447 = CIRCLE ( 'NONE', #800, 1.000000000000000888 ) ;
#448 = FACE_OUTER_BOUND ( 'NONE', #915, .T. ) ;
#449 = FACE_OUTER_BOUND ( 'NONE', #6015, .T. ) ;
#450 = ADVANCED_FACE ( 'NONE', ( #6268 ), #6863, .F. ) ;
#451 = EDGE_CURVE ( 'NONE', #4138, #2034, #5710, .T. ) ;
#452 = CARTESIAN_POINT ( 'NONE',  ( 24.49999999999999289, -0.2000000000000000111, -65.90000000000001990 ) ) ;
#453 = EDGE_LOOP ( 'NONE', ( #1404, #1481, #3769, #7064 ) ) ;
#454 = ORIENTED_EDGE ( 'NONE', *, *, #3900, .F. ) ;
#455 = ORIENTED_EDGE ( 'NONE', *, *, #4493, .T. ) ;
#456 = ADVANCED_FACE ( 'NONE', ( #629 ), #4590, .F. ) ;
#457 = DIRECTION ( 'NONE',  ( 0.000000000000000000, 0.000000000000000000, 1.000000000000000000 ) ) ;
#458 = DIRECTION ( 'NONE',  ( 0.000000000000000000, 0.000000000000000000, 1.000000000000000000 ) ) ;
#459 = EDGE_LOOP ( 'NONE', ( #151, #341, #3451, #5387 ) ) ;
#460 = AXIS2_PLACEMENT_3D ( 'NONE', #5414, #930, #2593 ) ;
#461 = ORIENTED_EDGE ( 'NONE', *, *, #6824, .F. ) ;
#462 = EDGE_LOOP ( 'NONE', ( #2158, #5407, #2751, #1244 ) ) ;
#463 = CIRCLE ( 'NONE', #1995, 3.999999999999996447 ) ;
#464 = DIRECTION ( 'NONE',  ( 0.000000000000000000, -1.000000000000000000, 0.000000000000000000 ) ) ;
#465 = CARTESIAN_POINT ( 'NONE',  ( 33.70000000000000995, -1.500000000000000000, -37.29999999999999716 ) ) ;
#466 = DIRECTION ( 'NONE',  ( -0.000000000000000000, -1.000000000000000000, -0.000000000000000000 ) ) ;
#467 = DIRECTION ( 'NONE',  ( -1.000000000000000000, 0.000000000000000000, 0.000000000000000000 ) ) ;
#468 = LINE ( 'NONE', #4477, #5538 ) ;
#469 = EDGE_CURVE ( 'NONE', #6265, #3990, #2990, .T. ) ;
#470 = DIRECTION ( 'NONE',  ( -0.000000000000000000, -1.000000000000000000, -0.000000000000000000 ) ) ;
#471 = ORIENTED_EDGE ( 'NONE', *, *, #3484, .T. ) ;
#472 = AXIS2_PLACEMENT_3D ( 'NONE', #5670, #2955, #4097 ) ;
#473 = ORIENTED_EDGE ( 'NONE', *, *, #1718, .T. ) ;
#474 = EDGE_LOOP ( 'NONE', ( #5574, #3082, #1186, #2839 ) ) ;
#475 = CARTESIAN_POINT ( 'NONE',  ( 25.74999999999998579, -0.1000000000000000056, -62.40000000000000568 ) ) ;
#476 = DIRECTION ( 'NONE',  ( -0.000000000000000000, 1.000000000000000000, -0.000000000000000000 ) ) ;
#477 = LINE ( 'NONE', #3289, #4640 ) ;
#478 =( NAMED_UNIT ( * ) PLANE_ANGLE_UNIT ( ) SI_UNIT ( $, .RADIAN. ) );
#479 = ADVANCED_FACE ( 'NONE', ( #5188 ), #1150, .T. ) ;
#480 = CARTESIAN_POINT ( 'NONE',  ( 31.62893218813453444, 1.500000000000000666, -41.59999999999998721 ) ) ;
#481 = CARTESIAN_POINT ( 'NONE',  ( 31.19999999999997442, -0.5000000000000000000, 9.020562075079396891E-15 ) ) ;
#482 = ORIENTED_EDGE ( 'NONE', *, *, #1438, .F. ) ;
#483 = ORIENTED_EDGE ( 'NONE', *, *, #6765, .F. ) ;
#484 = ORIENTED_EDGE ( 'NONE', *, *, #2858, .T. ) ;
#485 = FACE_BOUND ( 'NONE', #214, .T. ) ;
#486 = PLANE ( 'NONE',  #1812 ) ;
#487 = DIRECTION ( 'NONE',  ( 0.000000000000000000, -1.000000000000000000, 0.000000000000000000 ) ) ;
#488 = DIRECTION ( 'NONE',  ( 0.000000000000000000, 0.000000000000000000, 1.000000000000000000 ) ) ;
#489 = ORIENTED_EDGE ( 'NONE', *, *, #1288, .T. ) ;
#490 = VERTEX_POINT ( 'NONE', #6337 ) ;
#491 = ORIENTED_EDGE ( 'NONE', *, *, #1302, .T. ) ;
#492 = ADVANCED_FACE ( 'NONE', ( #4653 ), #5501, .T. ) ;
#493 = EDGE_CURVE ( 'NONE', #6547, #4409, #867, .T. ) ;
#494 = EDGE_CURVE ( 'NONE', #6673, #233, #2498, .T. ) ;
#495 = CARTESIAN_POINT ( 'NONE',  ( 2.000000000000001332, -0.1000000000000000056, -6.000000000000027534 ) ) ;
#496 = LINE ( 'NONE', #1057, #3618 ) ;
#497 = EDGE_CURVE ( 'NONE', #5106, #5984, #4244, .T. ) ;
#498 = EDGE_LOOP ( 'NONE', ( #6039, #7244, #3527, #473 ) ) ;
#499 = ORIENTED_EDGE ( 'NONE', *, *, #3087, .T. ) ;
#500 = EDGE_LOOP ( 'NONE', ( #4421, #1001, #3209, #5612 ) ) ;
#501 = LINE ( 'NONE', #2761, #3017 ) ;
#502 = LINE ( 'NONE', #6067, #3379 ) ;
#503 = LINE ( 'NONE', #4397, #6751 ) ;
#504 = CARTESIAN_POINT ( 'NONE',  ( 6.000000000000029310, -0.1000000000000000056, -2.000000000000000000 ) ) ;
#505 = DIRECTION ( 'NONE',  ( 0.000000000000000000, -1.000000000000000000, 0.000000000000000000 ) ) ;
#506 = EDGE_CURVE ( 'NONE', #1044, #5628, #4833, .T. ) ;
#507 = LINE ( 'NONE', #7184, #2366 ) ;
#508 = VECTOR ( 'NONE', #2816, 1000.000000000000000 ) ;
#509 = ORIENTED_EDGE ( 'NONE', *, *, #6484, .T. ) ;
#510 = AXIS2_PLACEMENT_3D ( 'NONE', #6881, #4052, #6911 ) ;
#511 = ORIENTED_EDGE ( 'NONE', *, *, #5930, .T. ) ;
#512 = ORIENTED_EDGE ( 'NONE', *, *, #6222, .F. ) ;
#513 = LINE ( 'NONE', #1032, #3522 ) ;
#514 = VECTOR ( 'NONE', #1847, 1000.000000000000000 ) ;
#515 = LINE ( 'NONE', #3846, #2785 ) ;
#516 = CARTESIAN_POINT ( 'NONE',  ( 35.70000000000000284, 0.5000000000000000000, -36.60000000000000853 ) ) ;
#517 = CARTESIAN_POINT ( 'NONE',  ( 29.69999999999999929, -1.500000000000000000, -6.000000000000000000 ) ) ;
#518 = DIRECTION ( 'NONE',  ( -0.000000000000000000, 1.000000000000000000, -0.000000000000000000 ) ) ;
#519 = ORIENTED_EDGE ( 'NONE', *, *, #4432, .T. ) ;
#520 = EDGE_LOOP ( 'NONE', ( #1830, #3556, #2192, #4283 ) ) ;
#521 = EDGE_CURVE ( 'NONE', #5554, #6406, #3932, .T. ) ;
#522 = EDGE_LOOP ( 'NONE', ( #926, #2760, #5064, #6163 ) ) ;
#523 = LINE ( 'NONE', #2781, #3380 ) ;
#524 = CARTESIAN_POINT ( 'NONE',  ( 2.000000000000001332, -0.1000000000000000056, -6.000000000000027534 ) ) ;
#525 = DIRECTION ( 'NONE',  ( -1.000000000000000000, 0.000000000000000000, -0.000000000000000000 ) ) ;
#526 = LINE ( 'NONE', #5533, #3885 ) ;
#527 = ORIENTED_EDGE ( 'NONE', *, *, #5849, .T. ) ;
#528 = ORIENTED_EDGE ( 'NONE', *, *, #7146, .T. ) ;
#529 = ORIENTED_EDGE ( 'NONE', *, *, #686, .T. ) ;
#530 = CARTESIAN_POINT ( 'NONE',  ( 34.83031945056170997, 1.244639535854047407, -6.999999999999999112 ) ) ;
#531 = CARTESIAN_POINT ( 'NONE',  ( 2.000000000000000888, -2.299999999999999822, -6.000000000000024869 ) ) ;
#532 = EDGE_CURVE ( 'NONE', #1480, #406, #5850, .T. ) ;
#533 = ORIENTED_EDGE ( 'NONE', *, *, #1438, .T. ) ;
#534 = ORIENTED_EDGE ( 'NONE', *, *, #4895, .T. ) ;
#535 = AXIS2_PLACEMENT_3D ( 'NONE', #6758, #1668, #3364 ) ;
#536 = ADVANCED_FACE ( 'NONE', ( #801 ), #1906, .F. ) ;
#537 = LINE ( 'NONE', #5142, #1964 ) ;
#538 = FACE_OUTER_BOUND ( 'NONE', #1222, .T. ) ;
#539 = DIRECTION ( 'NONE',  ( 0.000000000000000000, 0.000000000000000000, -1.000000000000000000 ) ) ;
#540 = PLANE ( 'NONE',  #6631 ) ;
#541 = PLANE ( 'NONE',  #5896 ) ;
#542 = EDGE_CURVE ( 'NONE', #5134, #2328, #3021, .T. ) ;
#543 = DIRECTION ( 'NONE',  ( -0.000000000000000000, -0.000000000000000000, 1.000000000000000000 ) ) ;
#544 = VECTOR ( 'NONE', #6104, 1000.000000000000000 ) ;
#545 = VECTOR ( 'NONE', #3116, 1000.000000000000000 ) ;
#546 = DIRECTION ( 'NONE',  ( -0.000000000000000000, 1.000000000000000000, 0.000000000000000000 ) ) ;
#547 = VERTEX_POINT ( 'NONE', #206 ) ;
#548 = ORIENTED_EDGE ( 'NONE', *, *, #60, .F. ) ;
#549 = ADVANCED_FACE ( 'NONE', ( #4796 ), #6512, .F. ) ;
#550 = AXIS2_PLACEMENT_3D ( 'NONE', #1230, #3490, #2827 ) ;
#551 = VECTOR ( 'NONE', #6457, 1000.000000000000000 ) ;
#552 = ORIENTED_EDGE ( 'NONE', *, *, #785, .T. ) ;
#553 = CARTESIAN_POINT ( 'NONE',  ( 0.000000000000000000, -0.5000000000000000000, -44.59999999999999432 ) ) ;
#554 = DIRECTION ( 'NONE',  ( 0.000000000000000000, 1.000000000000000000, 0.000000000000000000 ) ) ;
#555 = DIRECTION ( 'NONE',  ( 0.000000000000000000, -1.000000000000000000, 0.000000000000000000 ) ) ;
#556 = CARTESIAN_POINT ( 'NONE',  ( 29.70000000000000639, -0.1000000000000000056, -37.29999999999999716 ) ) ;
#557 = LINE ( 'NONE', #3813, #1295 ) ;
#558 = VECTOR ( 'NONE', #5883, 1000.000000000000000 ) ;
#559 = ORIENTED_EDGE ( 'NONE', *, *, #2822, .F. ) ;
#560 = AXIS2_PLACEMENT_3D ( 'NONE', #1329, #4081, #6348 ) ;
#561 = VERTEX_POINT ( 'NONE', #2571 ) ;
#562 = CARTESIAN_POINT ( 'NONE',  ( 25.29999999999999005, -0.3000000000000000444, -68.90000000000001990 ) ) ;
#563 = AXIS2_PLACEMENT_3D ( 'NONE', #5620, #4610, #5069 ) ;
#564 = CARTESIAN_POINT ( 'NONE',  ( 28.30000000000000782, -0.2999999999999999889, -69.09999999999999432 ) ) ;
#565 = DIRECTION ( 'NONE',  ( 0.000000000000000000, 0.000000000000000000, -1.000000000000000000 ) ) ;
#566 = LINE ( 'NONE', #5758, #5514 ) ;
#567 = ADVANCED_BREP_SHAPE_REPRESENTATION ( 'TK018F3716', ( #5041, #7200, #26, #158, #2444, #5086, #2614, #7183, #4896, #2416, #2467, #5067, #2375, #4830, #4758, #13, #2272, #4857, #7284, #4770, #2362, #4736, #4710, #2286, #7297, #5696 ), #4147 ) ;
#568 = VECTOR ( 'NONE', #1936, 1000.000000000000000 ) ;
#569 = PLANE ( 'NONE',  #4700 ) ;
#570 = EDGE_CURVE ( 'NONE', #6673, #433, #7029, .T. ) ;
#571 = CIRCLE ( 'NONE', #321, 0.5000000000000004441 ) ;
#572 = VERTEX_POINT ( 'NONE', #2011 ) ;
#573 = VERTEX_POINT ( 'NONE', #5985 ) ;
#574 = VECTOR ( 'NONE', #4977, 1000.000000000000000 ) ;
#575 = FACE_OUTER_BOUND ( 'NONE', #2653, .T. ) ;
#576 = DIRECTION ( 'NONE',  ( 0.000000000000000000, 0.000000000000000000, -1.000000000000000000 ) ) ;
#577 = ADVANCED_FACE ( 'NONE', ( #3161 ), #4277, .T. ) ;
#578 = VECTOR ( 'NONE', #2337, 1000.000000000000000 ) ;
#579 = ORIENTED_EDGE ( 'NONE', *, *, #1490, .F. ) ;
#580 = VERTEX_POINT ( 'NONE', #3715 ) ;
#581 = DIRECTION ( 'NONE',  ( -0.000000000000000000, -1.000000000000000000, -0.000000000000000000 ) ) ;
#582 = ADVANCED_FACE ( 'NONE', ( #5430 ), #351, .F. ) ;
#583 = CARTESIAN_POINT ( 'NONE',  ( 28.19999999999999218, -0.2000000000000000111, -67.40000000000001990 ) ) ;
#584 = SECURITY_CLASSIFICATION ( '', '', #6793 ) ;
#585 = CARTESIAN_POINT ( 'NONE',  ( 28.74999999999998579, -0.3000000000000000444, -70.90000000000001990 ) ) ;
#586 = CARTESIAN_POINT ( 'NONE',  ( 26.49999999999999645, -0.5000000000000000000, -56.09999999999998721 ) ) ;
#587 = DIRECTION ( 'NONE',  ( -0.000000000000000000, 0.000000000000000000, 1.000000000000000000 ) ) ;
#588 = FACE_OUTER_BOUND ( 'NONE', #2112, .T. ) ;
#589 = VECTOR ( 'NONE', #6377, 1000.000000000000000 ) ;
#590 = CARTESIAN_POINT ( 'NONE',  ( 2.000000000000002665, 1.500000000000000444, -36.60000000000000142 ) ) ;
#591 = ORIENTED_EDGE ( 'NONE', *, *, #5214, .F. ) ;
#592 = ORIENTED_EDGE ( 'NONE', *, *, #1055, .F. ) ;
#593 = AXIS2_PLACEMENT_3D ( 'NONE', #1117, #4525, #404 ) ;
#594 = ADVANCED_FACE ( 'NONE', ( #3606 ), #5882, .T. ) ;
#595 = ADVANCED_FACE ( 'NONE', ( #3646 ), #834, .F. ) ;
#596 = EDGE_CURVE ( 'NONE', #1156, #1480, #1128, .T. ) ;
#597 = LINE ( 'NONE', #1283, #2453 ) ;
#598 = CARTESIAN_POINT ( 'NONE',  ( 30.92000000000000526, -0.2999999999999999889, -71.09999999999999432 ) ) ;
#599 = CARTESIAN_POINT ( 'NONE',  ( 29.69999999999998153, 0.1000000000000000056, -63.34999999999998721 ) ) ;
#600 = PERSON_AND_ORGANIZATION ( #4543, #3788 ) ;
#601 = LINE ( 'NONE', #5122, #6730 ) ;
#602 = AXIS2_PLACEMENT_3D ( 'NONE', #4969, #5088, #4445 ) ;
#603 = DIRECTION ( 'NONE',  ( 0.000000000000000000, 0.000000000000000000, 1.000000000000000000 ) ) ;
#604 = EDGE_CURVE ( 'NONE', #4609, #1523, #2868, .T. ) ;
#605 = ORIENTED_EDGE ( 'NONE', *, *, #5726, .F. ) ;
#606 = VECTOR ( 'NONE', #3168, 1000.000000000000000 ) ;
#607 = ORIENTED_EDGE ( 'NONE', *, *, #3244, .F. ) ;
#608 = CARTESIAN_POINT ( 'NONE',  ( 28.59999999999998010, -0.1000000000000000056, -64.84999999999999432 ) ) ;
#609 = DIRECTION ( 'NONE',  ( -0.000000000000000000, 1.000000000000000000, -0.000000000000000000 ) ) ;
#610 = CARTESIAN_POINT ( 'NONE',  ( 19.27000000000000313, -0.5000000000000000000, -44.29999999999999716 ) ) ;
#611 = CARTESIAN_POINT ( 'NONE',  ( 0.000000000000000000, -0.5000000000000000000, -41.29999999999999716 ) ) ;
#612 = ORIENTED_EDGE ( 'NONE', *, *, #4464, .F. ) ;
#613 = ORIENTED_EDGE ( 'NONE', *, *, #2323, .T. ) ;
#614 = EDGE_CURVE ( 'NONE', #1293, #2756, #50, .T. ) ;
#615 = CARTESIAN_POINT ( 'NONE',  ( 29.69999999999998153, 0.1000000000000000056, -63.34999999999998721 ) ) ;
#616 = CARTESIAN_POINT ( 'NONE',  ( 49.29999999999999716, -0.7999999999999999334, -48.39999999999997726 ) ) ;
#617 = VERTEX_POINT ( 'NONE', #5466 ) ;
#618 = ORIENTED_EDGE ( 'NONE', *, *, #2800, .F. ) ;
#619 = CARTESIAN_POINT ( 'NONE',  ( 29.99999999999997868, -0.2000000000000000111, -65.54999999999998295 ) ) ;
#620 = EDGE_CURVE ( 'NONE', #2652, #4383, #2081, .T. ) ;
#621 = CARTESIAN_POINT ( 'NONE',  ( 9.500000000000005329, -0.5000000000000000000, -45.09999999999999432 ) ) ;
#622 = CARTESIAN_POINT ( 'NONE',  ( 28.70000000000000284, 1.500000000000000444, -41.60000000000000142 ) ) ;
#623 = DIRECTION ( 'NONE',  ( 1.000000000000000000, 0.000000000000000000, 0.000000000000000000 ) ) ;
#624 = CARTESIAN_POINT ( 'NONE',  ( 0.000000000000000000, -0.3999999999999999667, -67.59999999999998010 ) ) ;
#625 = CARTESIAN_POINT ( 'NONE',  ( 9.500000000000005329, -0.5000000000000000000, -45.09999999999999432 ) ) ;
#626 = CARTESIAN_POINT ( 'NONE',  ( 24.49999999999997868, -0.1000000000000000056, -51.90000000000000568 ) ) ;
#627 = EDGE_LOOP ( 'NONE', ( #722, #4203, #3305, #484 ) ) ;
#628 = ORIENTED_EDGE ( 'NONE', *, *, #43, .F. ) ;
#629 = FACE_OUTER_BOUND ( 'NONE', #5376, .T. ) ;
#630 = DIRECTION ( 'NONE',  ( 6.938893903907232322E-16, 0.000000000000000000, -1.000000000000000000 ) ) ;
#631 = FACE_OUTER_BOUND ( 'NONE', #4413, .T. ) ;
#632 = VECTOR ( 'NONE', #1781, 1000.000000000000000 ) ;
#633 = COORDINATED_UNIVERSAL_TIME_OFFSET ( 8, 0, .AHEAD. ) ;
#634 = DIRECTION ( 'NONE',  ( 0.000000000000000000, -1.000000000000000000, 0.000000000000000000 ) ) ;
#635 = LINE ( 'NONE', #6900, #5806 ) ;
#636 = EDGE_CURVE ( 'NONE', #6960, #16, #4355, .T. ) ;
#637 = ADVANCED_FACE ( 'NONE', ( #6248 ), #6809, .F. ) ;
#638 = ORIENTED_EDGE ( 'NONE', *, *, #4367, .T. ) ;
#639 = AXIS2_PLACEMENT_3D ( 'NONE', #6384, #6347, #5722 ) ;
#640 = ORIENTED_EDGE ( 'NONE', *, *, #773, .F. ) ;
#641 = VECTOR ( 'NONE', #1370, 1000.000000000000000 ) ;
#642 = DIRECTION ( 'NONE',  ( -1.000000000000000000, -0.000000000000000000, -0.000000000000000000 ) ) ;
#643 = FACE_OUTER_BOUND ( 'NONE', #1174, .T. ) ;
#644 = CARTESIAN_POINT ( 'NONE',  ( 6.000000000000029310, -0.1000000000000000056, -1.999999999999999112 ) ) ;
#645 = FACE_OUTER_BOUND ( 'NONE', #500, .T. ) ;
#646 =( BOUNDED_SURFACE ( )  B_SPLINE_SURFACE ( 2, 3, ( 
 ( #3777, #879, #3135, #960 ),
 ( #7118, #3731, #6083, #5404 ),
 ( #402, #328, #4329, #4850 ) ),
 .UNSPECIFIED., .F., .F., .F. ) 
 B_SPLINE_SURFACE_WITH_KNOTS ( ( 3, 3 ),
 ( 4, 4 ),
 ( 0.000000000000000000, 1.000000000000000000 ),
 ( 0.000000000000000000, 1.000000000000000000 ),
 .UNSPECIFIED. ) 
 GEOMETRIC_REPRESENTATION_ITEM ( )  RATIONAL_B_SPLINE_SURFACE ( (
 ( 1.000000000000000000, 0.8047378541243649375, 0.8047378541243649375, 1.000000000000000000),
 ( 1.000000000000000000, 0.8047378541243649375, 0.8047378541243649375, 1.000000000000000000),
 ( 1.000000000000000000, 0.8047378541243649375, 0.8047378541243649375, 1.000000000000000000) ) ) 
 REPRESENTATION_ITEM ( '' )  SURFACE ( )  );
#647 = ORIENTED_EDGE ( 'NONE', *, *, #7066, .F. ) ;
#648 = ORIENTED_EDGE ( 'NONE', *, *, #5495, .T. ) ;
#649 = EDGE_CURVE ( 'NONE', #4226, #1820, #5693, .T. ) ;
#650 = CARTESIAN_POINT ( 'NONE',  ( 0.000000000000000000, 0.000000000000000000, 0.000000000000000000 ) ) ;
#651 = LINE ( 'NONE', #616, #671 ) ;
#652 = ORIENTED_EDGE ( 'NONE', *, *, #758, .F. ) ;
#653 = DIRECTION ( 'NONE',  ( 1.000000000000000000, 0.000000000000000000, 1.734723475976810546E-16 ) ) ;
#654 = FACE_OUTER_BOUND ( 'NONE', #222, .T. ) ;
#655 = CARTESIAN_POINT ( 'NONE',  ( 29.69999999999999929, -2.299999999999999822, -6.000000000000000000 ) ) ;
#656 = DIRECTION ( 'NONE',  ( 0.000000000000000000, -0.000000000000000000, -1.000000000000000000 ) ) ;
#657 = FACE_OUTER_BOUND ( 'NONE', #4959, .T. ) ;
#658 = CARTESIAN_POINT ( 'NONE',  ( 49.69999999999999574, -0.5000000000000000000, -54.09999999999998010 ) ) ;
#659 = EDGE_CURVE ( 'NONE', #858, #3545, #2303, .T. ) ;
#660 = ORIENTED_EDGE ( 'NONE', *, *, #5101, .F. ) ;
#661 = ORIENTED_EDGE ( 'NONE', *, *, #1260, .T. ) ;
#662 = VERTEX_POINT ( 'NONE', #4538 ) ;
#663 = DIRECTION ( 'NONE',  ( 1.000000000000000000, 0.000000000000000000, 0.000000000000000000 ) ) ;
#664 = PLANE ( 'NONE',  #1604 ) ;
#665 = VECTOR ( 'NONE', #5987, 1000.000000000000000 ) ;
#666 = AXIS2_PLACEMENT_3D ( 'NONE', #5827, #6835, #179 ) ;
#667 = LINE ( 'NONE', #5328, #6950 ) ;
#668 = DIRECTION ( 'NONE',  ( 9.698933172394305536E-17, 0.000000000000000000, -1.000000000000000000 ) ) ;
#669 = ORIENTED_EDGE ( 'NONE', *, *, #4200, .F. ) ;
#670 = VECTOR ( 'NONE', #5665, 1000.000000000000000 ) ;
#671 = VECTOR ( 'NONE', #2190, 1000.000000000000000 ) ;
#672 = ORIENTED_EDGE ( 'NONE', *, *, #2564, .F. ) ;
#673 = CARTESIAN_POINT ( 'NONE',  ( 25.59999999999998010, 0.1000000000000000056, -64.84999999999999432 ) ) ;
#674 = DIRECTION ( 'NONE',  ( -1.000000000000000000, 0.000000000000000000, 0.000000000000000000 ) ) ;
#675 = LINE ( 'NONE', #3374, #6464 ) ;
#676 = CIRCLE ( 'NONE', #1369, 0.3999999999999975797 ) ;
#677 = CARTESIAN_POINT ( 'NONE',  ( 29.69999999999997442, -1.500000000000000000, -2.000000000000000000 ) ) ;
#678 = VERTEX_POINT ( 'NONE', #1685 ) ;
#679 = AXIS2_PLACEMENT_3D ( 'NONE', #2022, #3774, #3132 ) ;
#680 = EDGE_CURVE ( 'NONE', #3528, #2901, #1600, .T. ) ;
#681 = VECTOR ( 'NONE', #1079, 1000.000000000000000 ) ;
#682 = EDGE_CURVE ( 'NONE', #3528, #4970, #2283, .T. ) ;
#683 = PLANE ( 'NONE',  #40 ) ;
#684 = PLANE ( 'NONE',  #2468 ) ;
#685 = VERTEX_POINT ( 'NONE', #3460 ) ;
#686 = EDGE_CURVE ( 'NONE', #6536, #4771, #2904, .T. ) ;
#687 = VECTOR ( 'NONE', #1661, 1000.000000000000000 ) ;
#688 = PLANE ( 'NONE',  #563 ) ;
#689 = CARTESIAN_POINT ( 'NONE',  ( 47.04999999999999716, -0.7999999999999999334, -48.09999999999998010 ) ) ;
#690 = VECTOR ( 'NONE', #7279, 1000.000000000000000 ) ;
#691 = DIRECTION ( 'NONE',  ( -0.000000000000000000, -1.000000000000000000, -0.000000000000000000 ) ) ;
#692 = DIRECTION ( 'NONE',  ( -0.000000000000000000, 1.000000000000000000, 0.000000000000000000 ) ) ;
#693 = DIRECTION ( 'NONE',  ( -0.000000000000000000, 0.000000000000000000, 1.000000000000000000 ) ) ;
#694 = CARTESIAN_POINT ( 'NONE',  ( 25.29999999999998650, -0.3000000000000000444, -70.90000000000001990 ) ) ;
#695 = VERTEX_POINT ( 'NONE', #6212 ) ;
#696 = EDGE_LOOP ( 'NONE', ( #2271, #2687, #3476, #5638 ) ) ;
#697 = ORIENTED_EDGE ( 'NONE', *, *, #2306, .F. ) ;
#698 = CARTESIAN_POINT ( 'NONE',  ( 28.30000000000000426, -0.3999999999999999667, -71.09999999999999432 ) ) ;
#699 = CARTESIAN_POINT ( 'NONE',  ( 26.79999999999998650, -0.3000000000000000444, -70.90000000000001990 ) ) ;
#700 = EDGE_CURVE ( 'NONE', #3950, #7128, #4863, .T. ) ;
#701 = VECTOR ( 'NONE', #2162, 1000.000000000000000 ) ;
#702 = FACE_OUTER_BOUND ( 'NONE', #498, .T. ) ;
#703 = DIRECTION ( 'NONE',  ( -1.000000000000000000, 0.000000000000000000, 0.000000000000000000 ) ) ;
#704 = CALENDAR_DATE ( 2026, 18, 5 ) ;
#705 = CARTESIAN_POINT ( 'NONE',  ( 35.69999999999999574, 0.000000000000000000, -7.000000000000000000 ) ) ;
#706 = DIRECTION ( 'NONE',  ( 1.000000000000000000, -0.000000000000000000, 1.156482317317870344E-15 ) ) ;
#707 = ORIENTED_EDGE ( 'NONE', *, *, #1085, .T. ) ;
#708 = CIRCLE ( 'NONE', #7346, 3.999999999999996447 ) ;
#709 = VERTEX_POINT ( 'NONE', #3761 ) ;
#710 = PLANE ( 'NONE',  #2909 ) ;
#711 = EDGE_CURVE ( 'NONE', #4824, #3562, #3983, .T. ) ;
#712 = VECTOR ( 'NONE', #255, 1000.000000000000000 ) ;
#713 = LINE ( 'NONE', #4739, #4647 ) ;
#714 = DIRECTION ( 'NONE',  ( -1.000000000000000000, 0.000000000000000000, -0.000000000000000000 ) ) ;
#715 = FACE_OUTER_BOUND ( 'NONE', #5826, .T. ) ;
#716 = ORIENTED_EDGE ( 'NONE', *, *, #4493, .F. ) ;
#717 = ORIENTED_EDGE ( 'NONE', *, *, #941, .T. ) ;
#718 = AXIS2_PLACEMENT_3D ( 'NONE', #4478, #6752, #1662 ) ;
#719 = CARTESIAN_POINT ( 'NONE',  ( 7.000000000000000000, 0.5000000000000000000, -36.60000000000000142 ) ) ;
#720 = LINE ( 'NONE', #5308, #7217 ) ;
#721 = EDGE_CURVE ( 'NONE', #617, #5878, #3946, .T. ) ;
#722 = ORIENTED_EDGE ( 'NONE', *, *, #6930, .T. ) ;
#723 = EDGE_CURVE ( 'NONE', #5, #4284, #3344, .T. ) ;
#724 = CYLINDRICAL_SURFACE ( 'NONE', #297, 0.5000000000000004441 ) ;
#725 = PLANE ( 'NONE',  #5640 ) ;
#726 = CARTESIAN_POINT ( 'NONE',  ( 30.19000000000000838, -0.2999999999999999889, -71.09999999999999432 ) ) ;
#727 = CARTESIAN_POINT ( 'NONE',  ( 6.000000000000031086, -1.500000000000000000, -41.29999999999999716 ) ) ;
#728 = CARTESIAN_POINT ( 'NONE',  ( 49.69999999999999574, -0.2999999999999999889, -54.09999999999998010 ) ) ;
#729 = ORIENTED_EDGE ( 'NONE', *, *, #686, .F. ) ;
#730 = UNCERTAINTY_MEASURE_WITH_UNIT (LENGTH_MEASURE( 1.000000000000000082E-05 ), #4487, 'distance_accuracy_value', 'NONE');
#731 = ORIENTED_EDGE ( 'NONE', *, *, #1607, .F. ) ;
#732 = CARTESIAN_POINT ( 'NONE',  ( 2.899494936611664908, 0.5000000000000000000, -43.60000000000000142 ) ) ;
#733 = FACE_OUTER_BOUND ( 'NONE', #1007, .T. ) ;
#734 = ADVANCED_FACE ( 'NONE', ( #5061 ), #7328, .F. ) ;
#735 = DIRECTION ( 'NONE',  ( -1.000000000000000000, 0.000000000000000000, 0.000000000000000000 ) ) ;
#736 = PLANE ( 'NONE',  #1061 ) ;
#737 = LINE ( 'NONE', #1289, #2559 ) ;
#738 = CARTESIAN_POINT ( 'NONE',  ( 26.04999999999998650, -0.3000000000000000444, -70.90000000000001990 ) ) ;
#739 = ORIENTED_EDGE ( 'NONE', *, *, #4844, .F. ) ;
#740 = ORIENTED_EDGE ( 'NONE', *, *, #5650, .T. ) ;
#741 = CARTESIAN_POINT ( 'NONE',  ( 28.30000000000000782, -0.2999999999999999889, -69.09999999999999432 ) ) ;
#742 = DIRECTION ( 'NONE',  ( 0.000000000000000000, 0.000000000000000000, 1.000000000000000000 ) ) ;
#743 = LINE ( 'NONE', #7081, #2684 ) ;
#744 = DIRECTION ( 'NONE',  ( 0.000000000000000000, 0.000000000000000000, -1.000000000000000000 ) ) ;
#745 = VERTEX_POINT ( 'NONE', #5655 ) ;
#746 = AXIS2_PLACEMENT_3D ( 'NONE', #6455, #2062, #258 ) ;
#747 = ADVANCED_FACE ( 'NONE', ( #575 ), #2833, .F. ) ;
#748 = ORIENTED_EDGE ( 'NONE', *, *, #2802, .T. ) ;
#749 = VECTOR ( 'NONE', #1558, 1000.000000000000000 ) ;
#750 = DIRECTION ( 'NONE',  ( -1.000000000000000000, 0.000000000000000000, 0.000000000000000000 ) ) ;
#751 = CARTESIAN_POINT ( 'NONE',  ( 29.69999999999997442, -2.299999999999999822, -2.000000000000000000 ) ) ;
#752 = CARTESIAN_POINT ( 'NONE',  ( 27.50000000000000355, -0.6000000000000000888, -70.59999999999999432 ) ) ;
#753 = ORIENTED_EDGE ( 'NONE', *, *, #6112, .T. ) ;
#754 = ORIENTED_EDGE ( 'NONE', *, *, #3558, .T. ) ;
#755 = B_SPLINE_CURVE_WITH_KNOTS ( 'NONE', 2,
 ( #1686, #3984, #4506 ),
 .UNSPECIFIED., .F., .F.,
 ( 3, 3 ),
 ( 0.000000000000000000, 1.000000000000000000 ),
 .UNSPECIFIED. ) ;
#756 = PLANE ( 'NONE',  #3982 ) ;
#757 = FACE_OUTER_BOUND ( 'NONE', #2111, .T. ) ;
#758 = EDGE_CURVE ( 'NONE', #2726, #1523, #821, .T. ) ;
#759 = DIRECTION ( 'NONE',  ( -0.000000000000000000, 1.000000000000000000, -0.000000000000000000 ) ) ;
#760 = CARTESIAN_POINT ( 'NONE',  ( 20.27000000000000313, -0.5000000000000000000, -44.29999999999999716 ) ) ;
#761 = ORIENTED_EDGE ( 'NONE', *, *, #5849, .F. ) ;
#762 = VERTEX_POINT ( 'NONE', #228 ) ;
#763 = CARTESIAN_POINT ( 'NONE',  ( 29.69999999999998153, 0.1000000000000000056, -64.84999999999999432 ) ) ;
#764 = DIRECTION ( 'NONE',  ( 0.000000000000000000, 0.000000000000000000, 1.000000000000000000 ) ) ;
#765 = EDGE_CURVE ( 'NONE', #3228, #7093, #4190, .T. ) ;
#766 = CARTESIAN_POINT ( 'NONE',  ( 31.95000000000000639, -0.2999999999999999889, -71.09999999999999432 ) ) ;
#767 = EDGE_CURVE ( 'NONE', #1281, #3773, #5205, .T. ) ;
#768 = CARTESIAN_POINT ( 'NONE',  ( 28.70000000000000639, 0.5000000000000000000, -1.387778780781445676E-14 ) ) ;
#769 = PLANE ( 'NONE',  #86 ) ;
#770 = LINE ( 'NONE', #1880, #5323 ) ;
#771 = EDGE_LOOP ( 'NONE', ( #6175, #1494, #1015, #4296 ) ) ;
#772 = EDGE_CURVE ( 'NONE', #412, #3574, #7011, .T. ) ;
#773 = EDGE_CURVE ( 'NONE', #5747, #2034, #4606, .T. ) ;
#774 = VECTOR ( 'NONE', #4405, 1000.000000000000000 ) ;
#775 = ORIENTED_EDGE ( 'NONE', *, *, #604, .F. ) ;
#776 = DIRECTION ( 'NONE',  ( -1.000000000000000000, 0.000000000000000000, 0.000000000000000000 ) ) ;
#777 = CARTESIAN_POINT ( 'NONE',  ( 9.500000000000008882, -0.5000000000000000000, -44.59999999999999432 ) ) ;
#778 = CARTESIAN_POINT ( 'NONE',  ( 25.59999999999998010, -0.1000000000000000056, -63.34999999999998721 ) ) ;
#779 = CARTESIAN_POINT ( 'NONE',  ( 15.89999999999998082, -0.2000000000000000111, -43.29999999999999716 ) ) ;
#780 = ORIENTED_EDGE ( 'NONE', *, *, #5174, .T. ) ;
#781 = VECTOR ( 'NONE', #4165, 1000.000000000000000 ) ;
#782 = VECTOR ( 'NONE', #171, 1000.000000000000000 ) ;
#783 = CARTESIAN_POINT ( 'NONE',  ( 12.60000000000000497, -0.4000000000000000222, -41.29999999999999716 ) ) ;
#784 = CARTESIAN_POINT ( 'NONE',  ( 46.79999999999999716, -0.7999999999999999334, -48.39999999999997726 ) ) ;
#785 = EDGE_CURVE ( 'NONE', #7155, #4111, #189, .T. ) ;
#786 = EDGE_CURVE ( 'NONE', #4519, #5899, #4708, .T. ) ;
#787 = CARTESIAN_POINT ( 'NONE',  ( 6.000000000000000888, -2.299999999999999822, -5.999999999999999112 ) ) ;
#788 = ORIENTED_EDGE ( 'NONE', *, *, #5254, .F. ) ;
#789 = ORIENTED_EDGE ( 'NONE', *, *, #5295, .T. ) ;
#790 = CIRCLE ( 'NONE', #4468, 3.999999999999996447 ) ;
#791 = CYLINDRICAL_SURFACE ( 'NONE', #4918, 3.999999999999996447 ) ;
#792 = CLOSED_SHELL ( 'NONE', ( #1824, #240, #6000, #6675, #3199, #7084, #4571, #3467, #5529, #6196, #1308, #1893, #6972, #4207, #6618, #6896, #1899, #5271, #5125 ) ) ;
#793 = EDGE_CURVE ( 'NONE', #7253, #2424, #5864, .T. ) ;
#794 = LINE ( 'NONE', #7099, #1955 ) ;
#795 = PLANE ( 'NONE',  #6124 ) ;
#796 = CARTESIAN_POINT ( 'NONE',  ( 28.30000000000000426, -0.3999999999999999667, -71.09999999999999432 ) ) ;
#797 = AXIS2_PLACEMENT_3D ( 'NONE', #4955, #3093, #2650 ) ;
#798 = ORIENTED_EDGE ( 'NONE', *, *, #2361, .T. ) ;
#799 = VERTEX_POINT ( 'NONE', #155 ) ;
#800 = AXIS2_PLACEMENT_3D ( 'NONE', #5273, #191, #1660 ) ;
#801 = FACE_OUTER_BOUND ( 'NONE', #1215, .T. ) ;
#802 = DIRECTION ( 'NONE',  ( 1.000000000000000000, 0.000000000000000000, -0.000000000000000000 ) ) ;
#803 = CARTESIAN_POINT ( 'NONE',  ( 26.04999999999998650, -0.3000000000000000444, -70.90000000000001990 ) ) ;
#804 = DIRECTION ( 'NONE',  ( -1.000000000000000000, 0.000000000000000000, -0.000000000000000000 ) ) ;
#805 = LINE ( 'NONE', #5750, #4112 ) ;
#806 = DIRECTION ( 'NONE',  ( 0.000000000000000000, 0.000000000000000000, -1.000000000000000000 ) ) ;
#807 = EDGE_LOOP ( 'NONE', ( #717, #5107, #1898, #4129 ) ) ;
#808 = ADVANCED_FACE ( 'NONE', ( #4636 ), #683, .F. ) ;
#809 = ADVANCED_FACE ( 'NONE', ( #6394 ), #6358, .F. ) ;
#810 = ORIENTED_EDGE ( 'NONE', *, *, #1396, .F. ) ;
#811 = FACE_OUTER_BOUND ( 'NONE', #1647, .T. ) ;
#812 = LINE ( 'NONE', #1467, #3099 ) ;
#813 = ADVANCED_FACE ( 'NONE', ( #6322 ), #1233, .F. ) ;
#814 = CARTESIAN_POINT ( 'NONE',  ( 31.99999999999999289, -0.6000000000000000888, -67.59999999999998010 ) ) ;
#815 = DIRECTION ( 'NONE',  ( -0.000000000000000000, -0.000000000000000000, -1.000000000000000000 ) ) ;
#816 = VECTOR ( 'NONE', #2396, 1000.000000000000000 ) ;
#817 = ORIENTED_EDGE ( 'NONE', *, *, #2664, .T. ) ;
#818 = VECTOR ( 'NONE', #815, 1000.000000000000000 ) ;
#819 = EDGE_LOOP ( 'NONE', ( #160, #3907, #1645, #267 ) ) ;
#820 = DIRECTION ( 'NONE',  ( -0.000000000000000000, -1.000000000000000000, -0.000000000000000000 ) ) ;
#821 = LINE ( 'NONE', #3077, #5243 ) ;
#822 = CARTESIAN_POINT ( 'NONE',  ( 49.19999999999999574, -0.2999999999999999889, -54.09999999999998010 ) ) ;
#823 = CARTESIAN_POINT ( 'NONE',  ( 46.39999999999999858, -0.5000000000000000000, -48.59999999999999432 ) ) ;
#824 = ORIENTED_EDGE ( 'NONE', *, *, #6321, .T. ) ;
#825 = ORIENTED_EDGE ( 'NONE', *, *, #6176, .F. ) ;
#826 = ORIENTED_EDGE ( 'NONE', *, *, #5709, .T. ) ;
#827 = EDGE_CURVE ( 'NONE', #1523, #3596, #5833, .T. ) ;
#828 = CARTESIAN_POINT ( 'NONE',  ( 29.70000000000000639, -1.500000000000000000, -37.29999999999999716 ) ) ;
#829 = CARTESIAN_POINT ( 'NONE',  ( 10.00000000000000533, -0.5000000000000000000, -44.59999999999999432 ) ) ;
#830 = DIRECTION ( 'NONE',  ( 1.000000000000000000, 0.000000000000000000, 0.000000000000000000 ) ) ;
#831 = ORIENTED_EDGE ( 'NONE', *, *, #1324, .F. ) ;
#832 = EDGE_CURVE ( 'NONE', #3942, #841, #4747, .T. ) ;
#833 = ORIENTED_EDGE ( 'NONE', *, *, #1324, .T. ) ;
#834 = PLANE ( 'NONE',  #1130 ) ;
#835 = LINE ( 'NONE', #1318, #4927 ) ;
#836 = CARTESIAN_POINT ( 'NONE',  ( 49.19999999999999574, -0.3999999999999999667, -54.09999999999998010 ) ) ;
#837 = LINE ( 'NONE', #1982, #2954 ) ;
#838 = FACE_OUTER_BOUND ( 'NONE', #339, .T. ) ;
#839 = DIRECTION ( 'NONE',  ( 0.000000000000000000, 0.000000000000000000, 1.000000000000000000 ) ) ;
#840 = VERTEX_POINT ( 'NONE', #1895 ) ;
#841 = VERTEX_POINT ( 'NONE', #5767 ) ;
#842 = DIRECTION ( 'NONE',  ( -0.000000000000000000, -1.000000000000000000, -0.000000000000000000 ) ) ;
#843 = CARTESIAN_POINT ( 'NONE',  ( 26.49999999999998934, 0.000000000000000000, -70.90000000000001990 ) ) ;
#844 = EDGE_CURVE ( 'NONE', #5474, #4469, #5804, .T. ) ;
#845 = CARTESIAN_POINT ( 'NONE',  ( 27.24999999999998934, -0.3000000000000000444, -70.90000000000001990 ) ) ;
#846 = EDGE_CURVE ( 'NONE', #875, #362, #1572, .T. ) ;
#847 = LINE ( 'NONE', #5929, #6761 ) ;
#848 = ORIENTED_EDGE ( 'NONE', *, *, #1151, .T. ) ;
#849 = ORIENTED_EDGE ( 'NONE', *, *, #6478, .T. ) ;
#850 = CARTESIAN_POINT ( 'NONE',  ( 20.20000000000000995, -0.1000000000000000056, -41.30000000000003268 ) ) ;
#851 = CARTESIAN_POINT ( 'NONE',  ( 29.46000000000000796, -0.3999999999999999667, -71.09999999999999432 ) ) ;
#852 = CARTESIAN_POINT ( 'NONE',  ( 6.999999999999999112, 1.244639535854047407, -42.73031945056171566 ) ) ;
#853 = EDGE_CURVE ( 'NONE', #4998, #3950, #6681, .T. ) ;
#854 = DIRECTION ( 'NONE',  ( 0.000000000000000000, 0.000000000000000000, -1.000000000000000000 ) ) ;
#855 = VECTOR ( 'NONE', #7232, 1000.000000000000000 ) ;
#856 = AXIS2_PLACEMENT_3D ( 'NONE', #1455, #4727, #4171 ) ;
#857 = EDGE_LOOP ( 'NONE', ( #5720, #2577, #3340, #511 ) ) ;
#858 = VERTEX_POINT ( 'NONE', #5239 ) ;
#859 = ORIENTED_EDGE ( 'NONE', *, *, #6355, .T. ) ;
#860 = ADVANCED_FACE ( 'NONE', ( #2412 ), #4125, .F. ) ;
#861 = AXIS2_PLACEMENT_3D ( 'NONE', #1597, #2862, #3901 ) ;
#862 = DIRECTION ( 'NONE',  ( -0.000000000000000000, -0.000000000000000000, 1.000000000000000000 ) ) ;
#863 = DIRECTION ( 'NONE',  ( 0.000000000000000000, 0.000000000000000000, -1.000000000000000000 ) ) ;
#864 = DIRECTION ( 'NONE',  ( 1.000000000000000000, 0.000000000000000000, 3.469446951953620105E-15 ) ) ;
#865 = EDGE_LOOP ( 'NONE', ( #6993, #731, #946, #1280 ) ) ;
#866 = ORIENTED_EDGE ( 'NONE', *, *, #5279, .T. ) ;
#867 = LINE ( 'NONE', #3680, #3195 ) ;
#868 = DIRECTION ( 'NONE',  ( -2.775557561562888984E-15, 0.000000000000000000, 1.000000000000000000 ) ) ;
#869 = DIRECTION ( 'NONE',  ( -0.000000000000000000, 1.000000000000000000, -0.000000000000000000 ) ) ;
#870 = CARTESIAN_POINT ( 'NONE',  ( 29.69999999999997442, -2.299999999999999822, -2.000000000000000000 ) ) ;
#871 = ADVANCED_FACE ( 'NONE', ( #6567 ), #5372, .T. ) ;
#872 = LINE ( 'NONE', #2575, #2812 ) ;
#873 = DIRECTION ( 'NONE',  ( -1.000000000000000000, 0.000000000000000000, 2.081668171172108939E-13 ) ) ;
#874 = ORIENTED_EDGE ( 'NONE', *, *, #990, .T. ) ;
#875 = VERTEX_POINT ( 'NONE', #4893 ) ;
#876 = ORIENTED_EDGE ( 'NONE', *, *, #5336, .T. ) ;
#877 = FACE_OUTER_BOUND ( 'NONE', #5692, .T. ) ;
#878 = DIRECTION ( 'NONE',  ( -0.000000000000000000, 1.000000000000000000, 0.000000000000000000 ) ) ;
#879 = CARTESIAN_POINT ( 'NONE',  ( 2.899494936611664908, 0.5000000000000000000, -5.080887426301077839E-16 ) ) ;
#880 = DIRECTION ( 'NONE',  ( -0.000000000000000000, -1.000000000000000000, -0.000000000000000000 ) ) ;
#881 = ORIENTED_EDGE ( 'NONE', *, *, #506, .F. ) ;
#882 = VERTEX_POINT ( 'NONE', #851 ) ;
#883 = DIRECTION ( 'NONE',  ( -0.000000000000000000, 1.000000000000000000, -0.000000000000000000 ) ) ;
#884 = DIRECTION ( 'NONE',  ( 0.000000000000000000, 0.000000000000000000, 1.000000000000000000 ) ) ;
#885 = FACE_OUTER_BOUND ( 'NONE', #1426, .T. ) ;
#886 = CIRCLE ( 'NONE', #5272, 0.5000000000000004441 ) ;
#887 = AXIS2_PLACEMENT_3D ( 'NONE', #5497, #2638, #457 ) ;
#888 = CARTESIAN_POINT ( 'NONE',  ( 30.92000000000000526, -0.2999999999999999889, -69.09999999999999432 ) ) ;
#889 = ORIENTED_EDGE ( 'NONE', *, *, #6886, .F. ) ;
#890 = ORIENTED_EDGE ( 'NONE', *, *, #4294, .T. ) ;
#891 = ORIENTED_EDGE ( 'NONE', *, *, #5935, .T. ) ;
#892 = EDGE_CURVE ( 'NONE', #2415, #1871, #4820, .T. ) ;
#893 = ADVANCED_FACE ( 'NONE', ( #1439 ), #4379, .T. ) ;
#894 = VECTOR ( 'NONE', #5646, 1000.000000000000000 ) ;
#895 = AXIS2_PLACEMENT_3D ( 'NONE', #3425, #3461, #3868 ) ;
#896 = CYLINDRICAL_SURFACE ( 'NONE', #887, 0.5000000000000004441 ) ;
#897 = LINE ( 'NONE', #3153, #3734 ) ;
#898 = CARTESIAN_POINT ( 'NONE',  ( 33.70000000000000995, -1.500000000000000000, -37.29999999999999716 ) ) ;
#899 = ADVANCED_FACE ( 'NONE', ( #4780 ), #5413, .T. ) ;
#900 = VECTOR ( 'NONE', #2154, 1000.000000000000000 ) ;
#901 = VERTEX_POINT ( 'NONE', #2553 ) ;
#902 = AXIS2_PLACEMENT_3D ( 'NONE', #3661, #6450, #3033 ) ;
#903 = ORIENTED_EDGE ( 'NONE', *, *, #5089, .F. ) ;
#904 = EDGE_LOOP ( 'NONE', ( #2010, #4169, #3412, #2987, #6174, #3486, #2265, #1167, #5034, #3688, #1665, #4846 ) ) ;
#905 = DIRECTION ( 'NONE',  ( 0.000000000000000000, 1.000000000000000000, 0.000000000000000000 ) ) ;
#906 = FACE_OUTER_BOUND ( 'NONE', #4495, .T. ) ;
#907 = AXIS2_PLACEMENT_3D ( 'NONE', #4626, #5887, #6307 ) ;
#908 = DIRECTION ( 'NONE',  ( 1.000000000000000000, 0.000000000000000000, -0.000000000000000000 ) ) ;
#909 = DIRECTION ( 'NONE',  ( 0.000000000000000000, -1.000000000000000000, 0.000000000000000000 ) ) ;
#910 = PLANE ( 'NONE',  #4942 ) ;
#911 = PLANE ( 'NONE',  #6485 ) ;
#912 = CARTESIAN_POINT ( 'NONE',  ( 29.69999999999999929, -2.299999999999999822, -6.000000000000000000 ) ) ;
#913 = VECTOR ( 'NONE', #1547, 1000.000000000000000 ) ;
#914 = ORIENTED_EDGE ( 'NONE', *, *, #542, .T. ) ;
#915 = EDGE_LOOP ( 'NONE', ( #2053, #2968, #2179, #5157 ) ) ;
#916 = VECTOR ( 'NONE', #3804, 1000.000000000000000 ) ;
#917 = EDGE_CURVE ( 'NONE', #2743, #5907, #6050, .T. ) ;
#918 = ORIENTED_EDGE ( 'NONE', *, *, #4335, .F. ) ;
#919 = CARTESIAN_POINT ( 'NONE',  ( 28.70000000000000284, 1.244639535854047407, -0.8696805494382910950 ) ) ;
#920 = CARTESIAN_POINT ( 'NONE',  ( 49.19999999999999574, -0.5000000000000000000, -47.09999999999998010 ) ) ;
#921 = DIRECTION ( 'NONE',  ( 1.000000000000000000, 0.000000000000000000, 1.541976423090507782E-14 ) ) ;
#922 = AXIS2_PLACEMENT_3D ( 'NONE', #4749, #6460, #854 ) ;
#923 = CARTESIAN_POINT ( 'NONE',  ( 31.65000000000000568, -0.3999999999999999667, -71.09999999999999432 ) ) ;
#924 = VERTEX_POINT ( 'NONE', #3109 ) ;
#925 = EDGE_CURVE ( 'NONE', #5659, #6406, #6610, .T. ) ;
#926 = ORIENTED_EDGE ( 'NONE', *, *, #8, .T. ) ;
#927 = DIRECTION ( 'NONE',  ( -0.000000000000000000, 1.000000000000000000, -0.000000000000000000 ) ) ;
#928 = CIRCLE ( 'NONE', #472, 0.5000000000000004441 ) ;
#929 = DIRECTION ( 'NONE',  ( -3.469446951953611033E-15, -0.000000000000000000, -1.000000000000000000 ) ) ;
#930 = DIRECTION ( 'NONE',  ( 0.000000000000000000, 0.000000000000000000, -1.000000000000000000 ) ) ;
#931 = AXIS2_PLACEMENT_3D ( 'NONE', #2712, #487, #2747 ) ;
#932 = LINE ( 'NONE', #3224, #2341 ) ;
#933 = VERTEX_POINT ( 'NONE', #408 ) ;
#934 = CC_DESIGN_APPROVAL ( #2344, ( #3192 ) ) ;
#935 = EDGE_LOOP ( 'NONE', ( #4374, #5964, #3361, #257 ) ) ;
#936 = VECTOR ( 'NONE', #466, 1000.000000000000000 ) ;
#937 = CARTESIAN_POINT ( 'NONE',  ( 29.70000000000000639, -0.1000000000000000056, -37.29999999999999716 ) ) ;
#938 = VECTOR ( 'NONE', #3177, 1000.000000000000000 ) ;
#939 = LINE ( 'NONE', #5350, #781 ) ;
#940 = PLANE ( 'NONE',  #2436 ) ;
#941 = EDGE_CURVE ( 'NONE', #6406, #6957, #2629, .T. ) ;
#942 = EDGE_CURVE ( 'NONE', #4661, #490, #6011, .T. ) ;
#943 = EDGE_LOOP ( 'NONE', ( #2568, #1544, #5442, #2266 ) ) ;
#944 = ORIENTED_EDGE ( 'NONE', *, *, #2989, .F. ) ;
#945 = VECTOR ( 'NONE', #3094, 1000.000000000000000 ) ;
#946 = ORIENTED_EDGE ( 'NONE', *, *, #4791, .F. ) ;
#947 = CARTESIAN_POINT ( 'NONE',  ( 30.49999999999997868, -0.2000000000000000111, -59.04999999999999716 ) ) ;
#948 = CARTESIAN_POINT ( 'NONE',  ( 0.000000000000000000, 0.1000000000000000056, 0.000000000000000000 ) ) ;
#949 = CARTESIAN_POINT ( 'NONE',  ( 29.46000000000000796, -0.2999999999999999889, -71.09999999999999432 ) ) ;
#950 = CARTESIAN_POINT ( 'NONE',  ( 47.04999999999999716, -0.7999999999999999334, -48.09999999999998010 ) ) ;
#951 = DIRECTION ( 'NONE',  ( -0.000000000000000000, 1.000000000000000000, 0.000000000000000000 ) ) ;
#952 = CARTESIAN_POINT ( 'NONE',  ( 31.65000000000000568, -0.2999999999999999889, -71.09999999999999432 ) ) ;
#953 = DIRECTION ( 'NONE',  ( -0.000000000000000000, 1.000000000000000000, -0.000000000000000000 ) ) ;
#954 = EDGE_LOOP ( 'NONE', ( #1770, #119, #3190, #6008 ) ) ;
#955 = ORIENTED_EDGE ( 'NONE', *, *, #941, .F. ) ;
#956 = EDGE_CURVE ( 'NONE', #5426, #5553, #2669, .T. ) ;
#957 = VERTEX_POINT ( 'NONE', #4264 ) ;
#958 = LINE ( 'NONE', #6448, #1860 ) ;
#959 = CARTESIAN_POINT ( 'NONE',  ( 2.000000000000000888, -2.299999999999999822, -6.000000000000024869 ) ) ;
#960 = CARTESIAN_POINT ( 'NONE',  ( -9.629649721936179265E-32, 0.5000000000000000000, -6.999999999999999112 ) ) ;
#961 = PLANE ( 'NONE',  #4140 ) ;
#962 = ORIENTED_EDGE ( 'NONE', *, *, #5695, .F. ) ;
#963 = VERTEX_POINT ( 'NONE', #1961 ) ;
#964 = CARTESIAN_POINT ( 'NONE',  ( 33.70000000000000284, 1.500000000000000444, -36.60000000000000853 ) ) ;
#965 = DIRECTION ( 'NONE',  ( -1.000000000000000000, -0.000000000000000000, -0.000000000000000000 ) ) ;
#966 = DIRECTION ( 'NONE',  ( 1.000000000000000000, 0.000000000000000000, -3.469446951953611033E-15 ) ) ;
#967 = DIRECTION ( 'NONE',  ( 0.000000000000000000, 0.000000000000000000, 1.000000000000000000 ) ) ;
#968 = EDGE_CURVE ( 'NONE', #323, #4186, #2517, .T. ) ;
#969 = ORIENTED_EDGE ( 'NONE', *, *, #2463, .T. ) ;
#970 = ORIENTED_EDGE ( 'NONE', *, *, #3494, .F. ) ;
#971 = ORIENTED_EDGE ( 'NONE', *, *, #6847, .T. ) ;
#972 = DIRECTION ( 'NONE',  ( 0.000000000000000000, -0.000000000000000000, -1.000000000000000000 ) ) ;
#973 = AXIS2_PLACEMENT_3D ( 'NONE', #1190, #3446, #4557 ) ;
#974 = DIRECTION ( 'NONE',  ( -3.469446951953611033E-15, -0.000000000000000000, -1.000000000000000000 ) ) ;
#975 = DIRECTION ( 'NONE',  ( -3.469446951953620105E-15, -0.000000000000000000, 1.000000000000000000 ) ) ;
#976 = EDGE_LOOP ( 'NONE', ( #6370, #1593, #4621, #6334 ) ) ;
#977 = VECTOR ( 'NONE', #2096, 1000.000000000000000 ) ;
#978 = ORIENTED_EDGE ( 'NONE', *, *, #1981, .T. ) ;
#979 = VECTOR ( 'NONE', #6029, 1000.000000000000000 ) ;
#980 = EDGE_LOOP ( 'NONE', ( #3016, #6641, #5274, #3159 ) ) ;
#981 = EDGE_CURVE ( 'NONE', #4757, #1226, #5969, .T. ) ;
#982 = CARTESIAN_POINT ( 'NONE',  ( 46.79999999999999716, -0.5000000000000000000, -53.29999999999997584 ) ) ;
#983 = LINE ( 'NONE', #6218, #544 ) ;
#984 = LINE ( 'NONE', #5507, #701 ) ;
#985 = DIRECTION ( 'NONE',  ( 0.000000000000000000, 1.000000000000000000, 0.000000000000000000 ) ) ;
#986 = CARTESIAN_POINT ( 'NONE',  ( 0.000000000000000000, -0.7999999999999999334, -48.39999999999997726 ) ) ;
#987 = DIRECTION ( 'NONE',  ( 0.000000000000000000, 0.000000000000000000, 1.000000000000000000 ) ) ;
#988 = ORIENTED_EDGE ( 'NONE', *, *, #4954, .F. ) ;
#989 = ORIENTED_EDGE ( 'NONE', *, *, #1267, .F. ) ;
#990 = EDGE_CURVE ( 'NONE', #2251, #5948, #5839, .T. ) ;
#991 = EDGE_CURVE ( 'NONE', #3129, #6821, #4229, .T. ) ;
#992 = ORIENTED_EDGE ( 'NONE', *, *, #130, .F. ) ;
#993 = DIRECTION ( 'NONE',  ( 0.000000000000000000, 0.000000000000000000, -1.000000000000000000 ) ) ;
#994 = CARTESIAN_POINT ( 'NONE',  ( 6.000000000000029310, 0.000000000000000000, -2.000000000000000000 ) ) ;
#995 = PLANE ( 'NONE',  #5809 ) ;
#996 = CARTESIAN_POINT ( 'NONE',  ( 27.69999999999999574, -0.1000000000000000056, -58.55000000000001847 ) ) ;
#997 = LINE ( 'NONE', #2217, #3181 ) ;
#998 = ADVANCED_FACE ( 'NONE', ( #4855 ), #2063, .T. ) ;
#999 = ORIENTED_EDGE ( 'NONE', *, *, #6497, .T. ) ;
#1000 = VERTEX_POINT ( 'NONE', #6089 ) ;
#1001 = ORIENTED_EDGE ( 'NONE', *, *, #7255, .F. ) ;
#1002 = DIRECTION ( 'NONE',  ( 0.000000000000000000, 0.000000000000000000, 1.000000000000000000 ) ) ;
#1003 = CARTESIAN_POINT ( 'NONE',  ( 28.70000000000000284, 1.500000000000000000, -7.000000000000000000 ) ) ;
#1004 = DIRECTION ( 'NONE',  ( 0.000000000000000000, 0.000000000000000000, -1.000000000000000000 ) ) ;
#1005 = LINE ( 'NONE', #3263, #5304 ) ;
#1006 = ORIENTED_EDGE ( 'NONE', *, *, #1637, .T. ) ;
#1007 = EDGE_LOOP ( 'NONE', ( #6806, #4343, #6382, #1374 ) ) ;
#1008 = ORIENTED_EDGE ( 'NONE', *, *, #2257, .F. ) ;
#1009 = EDGE_CURVE ( 'NONE', #6429, #573, #5489, .T. ) ;
#1010 = AXIS2_PLACEMENT_3D ( 'NONE', #836, #1942, #280 ) ;
#1011 = AXIS2_PLACEMENT_3D ( 'NONE', #2371, #1746, #4630 ) ;
#1012 = CARTESIAN_POINT ( 'NONE',  ( 29.99999999999997868, -0.1000000000000000056, -65.04999999999998295 ) ) ;
#1013 = CARTESIAN_POINT ( 'NONE',  ( 0.000000000000000000, -0.5000000000000000000, -48.59999999999999432 ) ) ;
#1014 = LINE ( 'NONE', #7133, #3029 ) ;
#1015 = ORIENTED_EDGE ( 'NONE', *, *, #2435, .F. ) ;
#1016 = CIRCLE ( 'NONE', #5169, 4.000000000000000000 ) ;
#1017 = AXIS2_PLACEMENT_3D ( 'NONE', #2234, #2793, #5578 ) ;
#1018 = VERTEX_POINT ( 'NONE', #6495 ) ;
#1019 = EDGE_LOOP ( 'NONE', ( #5516, #3597, #6225, #798 ) ) ;
#1020 = ADVANCED_FACE ( 'NONE', ( #3666 ), #486, .F. ) ;
#1021 = CARTESIAN_POINT ( 'NONE',  ( 29.99999999999997868, -0.2000000000000000111, -58.54999999999999716 ) ) ;
#1022 = CARTESIAN_POINT ( 'NONE',  ( 27.50000000000000355, -0.5000000000000000000, -70.59999999999999432 ) ) ;
#1023 = AXIS2_PLACEMENT_3D ( 'NONE', #1284, #6963, #764 ) ;
#1024 = LINE ( 'NONE', #3279, #936 ) ;
#1025 = LINE ( 'NONE', #6553, #6961 ) ;
#1026 = CARTESIAN_POINT ( 'NONE',  ( 30.49000000000000554, -0.2999999999999999889, -71.09999999999999432 ) ) ;
#1027 = CARTESIAN_POINT ( 'NONE',  ( 30.92000000000000526, -0.3999999999999999667, -69.09999999999999432 ) ) ;
#1028 = ORIENTED_EDGE ( 'NONE', *, *, #5726, .T. ) ;
#1029 = ORIENTED_EDGE ( 'NONE', *, *, #570, .T. ) ;
#1030 = CIRCLE ( 'NONE', #6247, 0.5000000000000004441 ) ;
#1031 = VERTEX_POINT ( 'NONE', #5013 ) ;
#1032 = CARTESIAN_POINT ( 'NONE',  ( 2.000000000000000888, -1.500000000000000000, -6.000000000000024869 ) ) ;
#1033 = DIRECTION ( 'NONE',  ( -1.000000000000000000, 0.000000000000000000, 0.000000000000000000 ) ) ;
#1034 = LINE ( 'NONE', #6643, #4759 ) ;
#1035 = AXIS2_PLACEMENT_3D ( 'NONE', #5661, #581, #653 ) ;
#1036 = APPLICATION_PROTOCOL_DEFINITION ( 'international standard', 'config_control_design', 1994, #4067 ) ;
#1037 = FACE_OUTER_BOUND ( 'NONE', #5186, .T. ) ;
#1038 = DIRECTION ( 'NONE',  ( 0.000000000000000000, 0.000000000000000000, 1.000000000000000000 ) ) ;
#1039 = CC_DESIGN_PERSON_AND_ORGANIZATION_ASSIGNMENT ( #5121, #107, ( #3192 ) ) ;
#1040 = EDGE_CURVE ( 'NONE', #5066, #5554, #6688, .T. ) ;
#1041 = AXIS2_PLACEMENT_3D ( 'NONE', #7110, #3126, #7144 ) ;
#1042 = ORIENTED_EDGE ( 'NONE', *, *, #3492, .F. ) ;
#1043 = ADVANCED_FACE ( 'NONE', ( #2296 ), #3333, .T. ) ;
#1044 = VERTEX_POINT ( 'NONE', #5685 ) ;
#1045 = VERTEX_POINT ( 'NONE', #3858 ) ;
#1046 = DIRECTION ( 'NONE',  ( -0.000000000000000000, -1.000000000000000000, -0.000000000000000000 ) ) ;
#1047 = EDGE_CURVE ( 'NONE', #4519, #1472, #2882, .T. ) ;
#1048 = VECTOR ( 'NONE', #1051, 1000.000000000000000 ) ;
#1049 = DIRECTION ( 'NONE',  ( -0.000000000000000000, -1.000000000000000000, -0.000000000000000000 ) ) ;
#1050 = DIRECTION ( 'NONE',  ( -1.000000000000000000, -0.000000000000000000, 1.998529350203694707E-16 ) ) ;
#1051 = DIRECTION ( 'NONE',  ( -1.734723475976805517E-15, -0.000000000000000000, -1.000000000000000000 ) ) ;
#1052 = ORIENTED_EDGE ( 'NONE', *, *, #3071, .T. ) ;
#1053 = ORIENTED_EDGE ( 'NONE', *, *, #3708, .T. ) ;
#1054 = ORIENTED_EDGE ( 'NONE', *, *, #1363, .T. ) ;
#1055 = EDGE_CURVE ( 'NONE', #1882, #6493, #5571, .T. ) ;
#1056 = DIRECTION ( 'NONE',  ( 1.000000000000000000, 0.000000000000000000, 0.000000000000000000 ) ) ;
#1057 = CARTESIAN_POINT ( 'NONE',  ( 25.59999999999998010, 0.1000000000000000056, -64.84999999999999432 ) ) ;
#1058 = CC_DESIGN_SECURITY_CLASSIFICATION ( #584, ( #2836 ) ) ;
#1059 = ORIENTED_EDGE ( 'NONE', *, *, #7130, .F. ) ;
#1060 = EDGE_CURVE ( 'NONE', #6276, #2588, #1748, .T. ) ;
#1061 = AXIS2_PLACEMENT_3D ( 'NONE', #2993, #1353, #804 ) ;
#1062 = VERTEX_POINT ( 'NONE', #3297 ) ;
#1063 = ORIENTED_EDGE ( 'NONE', *, *, #6310, .F. ) ;
#1064 = VECTOR ( 'NONE', #6162, 1000.000000000000000 ) ;
#1065 = LINE ( 'NONE', #1100, #194 ) ;
#1066 = CARTESIAN_POINT ( 'NONE',  ( 26.49999999999998934, -0.3000000000000000444, -68.90000000000001990 ) ) ;
#1067 = DIRECTION ( 'NONE',  ( -0.000000000000000000, 1.000000000000000000, -0.000000000000000000 ) ) ;
#1068 = DIRECTION ( 'NONE',  ( 0.000000000000000000, -0.000000000000000000, 1.000000000000000000 ) ) ;
#1069 = DIRECTION ( 'NONE',  ( 1.734723475976805517E-15, 0.000000000000000000, 1.000000000000000000 ) ) ;
#1070 = LINE ( 'NONE', #3242, #4490 ) ;
#1071 = ADVANCED_FACE ( 'NONE', ( #2181 ), #5095, .T. ) ;
#1072 = ORIENTED_EDGE ( 'NONE', *, *, #4617, .T. ) ;
#1073 = ORIENTED_EDGE ( 'NONE', *, *, #6888, .T. ) ;
#1074 = ORIENTED_EDGE ( 'NONE', *, *, #5956, .F. ) ;
#1075 = CARTESIAN_POINT ( 'NONE',  ( 28.00000000000000355, -0.5000000000000000000, -70.59999999999999432 ) ) ;
#1076 = LINE ( 'NONE', #5558, #6229 ) ;
#1077 = CARTESIAN_POINT ( 'NONE',  ( 29.69999999999998153, 0.1000000000000000056, -64.84999999999999432 ) ) ;
#1078 = DIRECTION ( 'NONE',  ( 1.000000000000000000, 0.000000000000000000, 0.000000000000000000 ) ) ;
#1079 = DIRECTION ( 'NONE',  ( -0.000000000000000000, 1.000000000000000000, -0.000000000000000000 ) ) ;
#1080 = DIRECTION ( 'NONE',  ( -2.775557561562888984E-15, 0.000000000000000000, 1.000000000000000000 ) ) ;
#1081 = EDGE_LOOP ( 'NONE', ( #5377, #4561, #6572, #1556 ) ) ;
#1082 = EDGE_LOOP ( 'NONE', ( #2484, #3936, #5931, #3428 ) ) ;
#1083 = ORIENTED_EDGE ( 'NONE', *, *, #3578, .F. ) ;
#1084 = LINE ( 'NONE', #7239, #3727 ) ;
#1085 = EDGE_CURVE ( 'NONE', #2251, #695, #5129, .T. ) ;
#1086 = ADVANCED_FACE ( 'NONE', ( #4564 ), #4015, .T. ) ;
#1087 = DIRECTION ( 'NONE',  ( 0.000000000000000000, 0.000000000000000000, 1.000000000000000000 ) ) ;
#1088 = DIRECTION ( 'NONE',  ( 1.000000000000000000, 0.000000000000000000, 0.000000000000000000 ) ) ;
#1089 = CARTESIAN_POINT ( 'NONE',  ( 32.50000000000000000, -0.3999999999999999667, -70.59999999999998010 ) ) ;
#1090 = ORIENTED_EDGE ( 'NONE', *, *, #5522, .T. ) ;
#1091 = ORIENTED_EDGE ( 'NONE', *, *, #1224, .F. ) ;
#1092 = ORIENTED_EDGE ( 'NONE', *, *, #169, .F. ) ;
#1093 = EDGE_CURVE ( 'NONE', #4750, #1207, #6168, .T. ) ;
#1094 = DIRECTION ( 'NONE',  ( -0.000000000000000000, 1.000000000000000000, -0.000000000000000000 ) ) ;
#1095 = DIRECTION ( 'NONE',  ( 0.000000000000000000, -1.000000000000000000, 0.000000000000000000 ) ) ;
#1096 = ORIENTED_EDGE ( 'NONE', *, *, #1653, .T. ) ;
#1097 = EDGE_CURVE ( 'NONE', #2346, #2717, #6552, .T. ) ;
#1098 = EDGE_LOOP ( 'NONE', ( #184, #1582, #3534, #3211 ) ) ;
#1099 = FACE_OUTER_BOUND ( 'NONE', #6397, .T. ) ;
#1100 = CARTESIAN_POINT ( 'NONE',  ( 27.24999999999998934, -0.3000000000000000444, -68.90000000000001990 ) ) ;
#1101 = CARTESIAN_POINT ( 'NONE',  ( 0.000000000000000000, -0.7999999999999999334, -53.59999999999998010 ) ) ;
#1102 = PLANE ( 'NONE',  #1652 ) ;
#1103 = CARTESIAN_POINT ( 'NONE',  ( 25.29999999999999005, 0.000000000000000000, -68.90000000000001990 ) ) ;
#1104 = CARTESIAN_POINT ( 'NONE',  ( 0.000000000000000000, -0.2999999999999999889, 0.000000000000000000 ) ) ;
#1105 = CARTESIAN_POINT ( 'NONE',  ( 29.69999999999999929, -0.1000000000000000056, -6.000000000000000000 ) ) ;
#1106 = VECTOR ( 'NONE', #4664, 1000.000000000000000 ) ;
#1107 = ORIENTED_EDGE ( 'NONE', *, *, #4865, .F. ) ;
#1108 = VECTOR ( 'NONE', #6843, 1000.000000000000000 ) ;
#1109 = ORIENTED_EDGE ( 'NONE', *, *, #84, .F. ) ;
#1110 = ORIENTED_EDGE ( 'NONE', *, *, #3004, .F. ) ;
#1111 = CARTESIAN_POINT ( 'NONE',  ( 28.30000000000000426, -0.2999999999999999889, -71.09999999999999432 ) ) ;
#1112 = EDGE_CURVE ( 'NONE', #3053, #4575, #6240, .T. ) ;
#1113 = CARTESIAN_POINT ( 'NONE',  ( 10.70000000000000639, -0.3999999999999999667, 0.000000000000000000 ) ) ;
#1114 = DIRECTION ( 'NONE',  ( 0.000000000000000000, 0.000000000000000000, -1.000000000000000000 ) ) ;
#1115 = DIRECTION ( 'NONE',  ( 0.000000000000000000, 0.000000000000000000, 1.000000000000000000 ) ) ;
#1116 = CARTESIAN_POINT ( 'NONE',  ( 32.29105799245948560, 1.244639535854047629, -42.73031945056172276 ) ) ;
#1117 = CARTESIAN_POINT ( 'NONE',  ( 0.000000000000000000, 1.500000000000000000, -7.000000000000000000 ) ) ;
#1118 = ORIENTED_EDGE ( 'NONE', *, *, #1810, .T. ) ;
#1119 = ORIENTED_EDGE ( 'NONE', *, *, #7105, .T. ) ;
#1120 = VERTEX_POINT ( 'NONE', #2782 ) ;
#1121 = FACE_OUTER_BOUND ( 'NONE', #5209, .T. ) ;
#1122 = CARTESIAN_POINT ( 'NONE',  ( 35.69999999999999574, 0.5000000000000000000, -36.60000000000000142 ) ) ;
#1123 = DIRECTION ( 'NONE',  ( 0.000000000000000000, -1.000000000000000000, 0.000000000000000000 ) ) ;
#1124 = CARTESIAN_POINT ( 'NONE',  ( 35.69999999999999574, 1.500000000000000000, -7.000000000000000000 ) ) ;
#1125 = EDGE_CURVE ( 'NONE', #3707, #7215, #5051, .T. ) ;
#1126 = ORIENTED_EDGE ( 'NONE', *, *, #6391, .F. ) ;
#1127 = ORIENTED_EDGE ( 'NONE', *, *, #6987, .T. ) ;
#1128 = LINE ( 'NONE', #615, #3692 ) ;
#1129 = PLANE ( 'NONE',  #3861 ) ;
#1130 = AXIS2_PLACEMENT_3D ( 'NONE', #3089, #2531, #5614 ) ;
#1131 = EDGE_CURVE ( 'NONE', #7228, #7128, #269, .T. ) ;
#1132 = EDGE_LOOP ( 'NONE', ( #2059, #6077, #2787, #6879 ) ) ;
#1133 = ADVANCED_FACE ( 'NONE', ( #1712 ), #6837, .F. ) ;
#1134 = EDGE_LOOP ( 'NONE', ( #2319, #423, #2305, #4862 ) ) ;
#1135 = CIRCLE ( 'NONE', #7165, 4.999999999999997335 ) ;
#1136 = CARTESIAN_POINT ( 'NONE',  ( 24.49999999999997868, -0.2000000000000000111, -51.90000000000000568 ) ) ;
#1137 = CARTESIAN_POINT ( 'NONE',  ( 27.50000000000000355, -0.5000000000000000000, -57.10000000000000142 ) ) ;
#1138 = ADVANCED_FACE ( 'NONE', ( #448 ), #7240, .T. ) ;
#1139 = DIRECTION ( 'NONE',  ( 0.000000000000000000, 1.000000000000000000, 0.000000000000000000 ) ) ;
#1140 = FACE_OUTER_BOUND ( 'NONE', #5141, .T. ) ;
#1141 = CARTESIAN_POINT ( 'NONE',  ( 24.49999999999998579, -0.2000000000000000111, -70.40000000000001990 ) ) ;
#1142 = DIRECTION ( 'NONE',  ( 9.050731179009497601E-15, 0.000000000000000000, -1.000000000000000000 ) ) ;
#1143 = AXIS2_PLACEMENT_3D ( 'NONE', #4092, #3502, #3994 ) ;
#1144 = AXIS2_PLACEMENT_3D ( 'NONE', #3049, #271, #4716 ) ;
#1145 = DIRECTION ( 'NONE',  ( -0.000000000000000000, -1.000000000000000000, -0.000000000000000000 ) ) ;
#1146 = ORIENTED_EDGE ( 'NONE', *, *, #2719, .F. ) ;
#1147 = ORIENTED_EDGE ( 'NONE', *, *, #1525, .F. ) ;
#1148 = AXIS2_PLACEMENT_3D ( 'NONE', #3310, #4465, #6739 ) ;
#1149 = ORIENTED_EDGE ( 'NONE', *, *, #3823, .T. ) ;
#1150 = PLANE ( 'NONE',  #5580 ) ;
#1151 = EDGE_CURVE ( 'NONE', #7275, #1356, #3698, .T. ) ;
#1152 = PLANE ( 'NONE',  #535 ) ;
#1153 = CARTESIAN_POINT ( 'NONE',  ( 27.50000000000000355, -0.5000000000000000000, -68.09999999999998010 ) ) ;
#1154 = CALENDAR_DATE ( 2026, 18, 5 ) ;
#1155 = LINE ( 'NONE', #5156, #1522 ) ;
#1156 = VERTEX_POINT ( 'NONE', #5755 ) ;
#1157 = EDGE_CURVE ( 'NONE', #6957, #4138, #4048, .T. ) ;
#1158 = VECTOR ( 'NONE', #1220, 1000.000000000000000 ) ;
#1159 = ORIENTED_EDGE ( 'NONE', *, *, #4966, .T. ) ;
#1160 = LINE ( 'NONE', #5606, #4090 ) ;
#1161 = DIRECTION ( 'NONE',  ( -1.000000000000000000, 0.000000000000000000, 0.000000000000000000 ) ) ;
#1162 = CARTESIAN_POINT ( 'NONE',  ( 30.19000000000000838, -0.3999999999999999667, -71.09999999999999432 ) ) ;
#1163 = CIRCLE ( 'NONE', #5296, 6.999999999999999112 ) ;
#1164 = CARTESIAN_POINT ( 'NONE',  ( 2.000000000000000888, 0.000000000000000000, -6.000000000000028422 ) ) ;
#1165 = AXIS2_PLACEMENT_3D ( 'NONE', #1188, #3444, #6305 ) ;
#1166 = EDGE_CURVE ( 'NONE', #3253, #3430, #3523, .T. ) ;
#1167 = ORIENTED_EDGE ( 'NONE', *, *, #6622, .T. ) ;
#1168 = ORIENTED_EDGE ( 'NONE', *, *, #3020, .F. ) ;
#1169 = VECTOR ( 'NONE', #6804, 1000.000000000000000 ) ;
#1170 = CARTESIAN_POINT ( 'NONE',  ( 28.70000000000000284, 0.5000000000000000000, -7.000000000000000000 ) ) ;
#1171 = LINE ( 'NONE', #7285, #7055 ) ;
#1172 = AXIS2_PLACEMENT_3D ( 'NONE', #5265, #2865, #1264 ) ;
#1173 = VERTEX_POINT ( 'NONE', #1296 ) ;
#1174 = EDGE_LOOP ( 'NONE', ( #3487, #1257, #661, #5311 ) ) ;
#1175 = FACE_OUTER_BOUND ( 'NONE', #2150, .T. ) ;
#1176 = CYLINDRICAL_SURFACE ( 'NONE', #5285, 0.5000000000000004441 ) ;
#1177 = EDGE_CURVE ( 'NONE', #1315, #6693, #5859, .T. ) ;
#1178 = CARTESIAN_POINT ( 'NONE',  ( 32.49999999999999289, -0.6000000000000000888, -68.09999999999998010 ) ) ;
#1179 = EDGE_CURVE ( 'NONE', #1472, #5995, #1815, .T. ) ;
#1180 = DIRECTION ( 'NONE',  ( -1.000000000000000000, -0.000000000000000000, -0.000000000000000000 ) ) ;
#1181 = DIRECTION ( 'NONE',  ( -0.000000000000000000, -1.000000000000000000, -0.000000000000000000 ) ) ;
#1182 = FACE_OUTER_BOUND ( 'NONE', #3234, .T. ) ;
#1183 = AXIS2_PLACEMENT_3D ( 'NONE', #2064, #966, #3222 ) ;
#1184 = DIRECTION ( 'NONE',  ( 0.000000000000000000, 0.000000000000000000, -1.000000000000000000 ) ) ;
#1185 = ORIENTED_EDGE ( 'NONE', *, *, #1047, .F. ) ;
#1186 = ORIENTED_EDGE ( 'NONE', *, *, #6112, .F. ) ;
#1187 = AXIS2_PLACEMENT_3D ( 'NONE', #5179, #4581, #4032 ) ;
#1188 = CARTESIAN_POINT ( 'NONE',  ( 27.50000000000000355, -0.6000000000000000888, -68.09999999999998010 ) ) ;
#1189 = CARTESIAN_POINT ( 'NONE',  ( 31.99999999999999289, -0.5000000000000000000, -68.09999999999998010 ) ) ;
#1190 = CARTESIAN_POINT ( 'NONE',  ( 33.70000000000000995, -1.500000000000000000, -37.29999999999999716 ) ) ;
#1191 = CARTESIAN_POINT ( 'NONE',  ( 0.000000000000000000, 0.000000000000000000, 0.000000000000000000 ) ) ;
#1192 = VECTOR ( 'NONE', #5362, 1000.000000000000000 ) ;
#1193 = LINE ( 'NONE', #1809, #2589 ) ;
#1194 = ORIENTED_EDGE ( 'NONE', *, *, #2863, .F. ) ;
#1195 = ADVANCED_FACE ( 'NONE', ( #1918 ), #3454, .T. ) ;
#1196 = VERTEX_POINT ( 'NONE', #2439 ) ;
#1197 = FACE_OUTER_BOUND ( 'NONE', #82, .T. ) ;
#1198 = DIRECTION ( 'NONE',  ( 0.000000000000000000, -0.000000000000000000, -1.000000000000000000 ) ) ;
#1199 = PLANE ( 'NONE',  #2795 ) ;
#1200 = CARTESIAN_POINT ( 'NONE',  ( 47.04999999999999716, -0.5000000000000000000, -48.09999999999998010 ) ) ;
#1201 = ORIENTED_EDGE ( 'NONE', *, *, #5036, .F. ) ;
#1202 = ORIENTED_EDGE ( 'NONE', *, *, #2724, .T. ) ;
#1203 = DIRECTION ( 'NONE',  ( 1.000000000000000000, 0.000000000000000000, -3.717264591378876642E-16 ) ) ;
#1204 = CARTESIAN_POINT ( 'NONE',  ( 28.59999999999998010, 0.1000000000000000056, -64.84999999999999432 ) ) ;
#1205 = ADVANCED_FACE ( 'NONE', ( #4698 ), #5263, .T. ) ;
#1206 = ORIENTED_EDGE ( 'NONE', *, *, #361, .F. ) ;
#1207 = VERTEX_POINT ( 'NONE', #3001 ) ;
#1208 = DIRECTION ( 'NONE',  ( -1.734723475976805517E-15, -0.000000000000000000, -1.000000000000000000 ) ) ;
#1209 = DIRECTION ( 'NONE',  ( -0.000000000000000000, -1.000000000000000000, -0.000000000000000000 ) ) ;
#1210 = CARTESIAN_POINT ( 'NONE',  ( 12.60000000000000497, -0.5000000000000000000, -41.29999999999999716 ) ) ;
#1211 = DIRECTION ( 'NONE',  ( 0.000000000000000000, 0.000000000000000000, 1.000000000000000000 ) ) ;
#1212 = DIRECTION ( 'NONE',  ( 0.000000000000000000, 0.000000000000000000, 1.000000000000000000 ) ) ;
#1213 = PLANE ( 'NONE',  #3525 ) ;
#1214 = DIRECTION ( 'NONE',  ( 1.734723475976805517E-15, 0.000000000000000000, 1.000000000000000000 ) ) ;
#1215 = EDGE_LOOP ( 'NONE', ( #241, #2476, #370, #4160 ) ) ;
#1216 = EDGE_LOOP ( 'NONE', ( #2920, #2035, #607, #4020 ) ) ;
#1217 = PLANE ( 'NONE',  #3873 ) ;
#1218 = CARTESIAN_POINT ( 'NONE',  ( 29.03000000000001180, -0.3999999999999999667, -69.09999999999999432 ) ) ;
#1219 = CIRCLE ( 'NONE', #5727, 7.000000000000000000 ) ;
#1220 = DIRECTION ( 'NONE',  ( 0.000000000000000000, 0.000000000000000000, -1.000000000000000000 ) ) ;
#1221 = LINE ( 'NONE', #2928, #3546 ) ;
#1222 = EDGE_LOOP ( 'NONE', ( #7317, #7095, #2159, #613 ) ) ;
#1223 = ADVANCED_FACE ( 'NONE', ( #4152 ), #4116, .F. ) ;
#1224 = EDGE_CURVE ( 'NONE', #2999, #4384, #1228, .T. ) ;
#1225 = AXIS2_PLACEMENT_3D ( 'NONE', #1328, #3588, #6905 ) ;
#1226 = VERTEX_POINT ( 'NONE', #3032 ) ;
#1227 = CARTESIAN_POINT ( 'NONE',  ( 48.55000000000000426, -0.5999999999999999778, 0.000000000000000000 ) ) ;
#1228 = LINE ( 'NONE', #777, #2758 ) ;
#1229 = ADVANCED_FACE ( 'NONE', ( #643 ), #2895, .F. ) ;
#1230 = CARTESIAN_POINT ( 'NONE',  ( 46.89999999999999858, -0.3999999999999999667, -54.09999999999998010 ) ) ;
#1231 = DIRECTION ( 'NONE',  ( -0.000000000000000000, 1.000000000000000000, 0.000000000000000000 ) ) ;
#1232 = ORIENTED_EDGE ( 'NONE', *, *, #2668, .T. ) ;
#1233 = PLANE ( 'NONE',  #4641 ) ;
#1234 = CARTESIAN_POINT ( 'NONE',  ( 30.19000000000000838, -0.2999999999999999889, -71.09999999999999432 ) ) ;
#1235 = ORIENTED_EDGE ( 'NONE', *, *, #2694, .T. ) ;
#1236 = EDGE_CURVE ( 'NONE', #5017, #2204, #217, .T. ) ;
#1237 = ORIENTED_EDGE ( 'NONE', *, *, #942, .T. ) ;
#1238 = FACE_OUTER_BOUND ( 'NONE', #5238, .T. ) ;
#1239 = CYLINDRICAL_SURFACE ( 'NONE', #1143, 1.000000000000000888 ) ;
#1240 = FACE_OUTER_BOUND ( 'NONE', #5416, .T. ) ;
#1241 = PLANE ( 'NONE',  #6138 ) ;
#1242 = LINE ( 'NONE', #694, #6386 ) ;
#1243 = ORIENTED_EDGE ( 'NONE', *, *, #3036, .T. ) ;
#1244 = ORIENTED_EDGE ( 'NONE', *, *, #2528, .F. ) ;
#1245 = EDGE_CURVE ( 'NONE', #3197, #2541, #2479, .T. ) ;
#1246 = ORIENTED_EDGE ( 'NONE', *, *, #636, .F. ) ;
#1247 = LINE ( 'NONE', #2887, #6606 ) ;
#1248 = DIRECTION ( 'NONE',  ( 0.000000000000000000, 0.000000000000000000, -1.000000000000000000 ) ) ;
#1249 = AXIS2_PLACEMENT_3D ( 'NONE', #2609, #2500, #6550 ) ;
#1250 = VECTOR ( 'NONE', #6401, 1000.000000000000000 ) ;
#1251 = LINE ( 'NONE', #3515, #5092 ) ;
#1252 = CARTESIAN_POINT ( 'NONE',  ( 25.59999999999998010, 0.1000000000000000056, -63.34999999999998721 ) ) ;
#1253 = LINE ( 'NONE', #5258, #5684 ) ;
#1254 = ORIENTED_EDGE ( 'NONE', *, *, #2302, .F. ) ;
#1255 = AXIS2_PLACEMENT_3D ( 'NONE', #655, #2312, #126 ) ;
#1256 = VECTOR ( 'NONE', #343, 1000.000000000000000 ) ;
#1257 = ORIENTED_EDGE ( 'NONE', *, *, #7066, .T. ) ;
#1258 = LINE ( 'NONE', #3557, #3855 ) ;
#1259 = DIRECTION ( 'NONE',  ( -0.000000000000000000, 1.000000000000000000, 0.000000000000000000 ) ) ;
#1260 = EDGE_CURVE ( 'NONE', #957, #7155, #713, .T. ) ;
#1261 = CARTESIAN_POINT ( 'NONE',  ( 30.19000000000000838, -0.2999999999999999889, -71.09999999999999432 ) ) ;
#1262 = EDGE_CURVE ( 'NONE', #274, #875, #2935, .T. ) ;
#1263 = AXIS2_PLACEMENT_3D ( 'NONE', #4873, #3276, #314 ) ;
#1264 = DIRECTION ( 'NONE',  ( -1.000000000000000000, 0.000000000000000000, -0.000000000000000000 ) ) ;
#1265 = VERTEX_POINT ( 'NONE', #6449 ) ;
#1266 = EDGE_LOOP ( 'NONE', ( #2410, #612, #6654, #1096 ) ) ;
#1267 = EDGE_CURVE ( 'NONE', #6753, #6028, #5233, .T. ) ;
#1268 = CIRCLE ( 'NONE', #3271, 1.000000000000000888 ) ;
#1269 = DIRECTION ( 'NONE',  ( 0.000000000000000000, 0.000000000000000000, 1.000000000000000000 ) ) ;
#1270 = LINE ( 'NONE', #3565, #551 ) ;
#1271 = ORIENTED_EDGE ( 'NONE', *, *, #5736, .T. ) ;
#1272 = VECTOR ( 'NONE', #4645, 1000.000000000000000 ) ;
#1273 = EDGE_CURVE ( 'NONE', #1914, #7215, #4600, .T. ) ;
#1274 = DIRECTION ( 'NONE',  ( 0.000000000000000000, 0.000000000000000000, -1.000000000000000000 ) ) ;
#1275 = AXIS2_PLACEMENT_3D ( 'NONE', #4582, #6297, #6426 ) ;
#1276 = DIRECTION ( 'NONE',  ( 0.000000000000000000, 1.000000000000000000, 0.000000000000000000 ) ) ;
#1277 = DIRECTION ( 'NONE',  ( 0.000000000000000000, 0.000000000000000000, 1.000000000000000000 ) ) ;
#1278 = CARTESIAN_POINT ( 'NONE',  ( 24.99999999999998579, -0.2000000000000000111, -70.40000000000001990 ) ) ;
#1279 = CARTESIAN_POINT ( 'NONE',  ( 46.89999999999999858, -0.5000000000000000000, -47.09999999999998010 ) ) ;
#1280 = ORIENTED_EDGE ( 'NONE', *, *, #2885, .T. ) ;
#1281 = VERTEX_POINT ( 'NONE', #5445 ) ;
#1282 = VECTOR ( 'NONE', #5446, 1000.000000000000000 ) ;
#1283 = CARTESIAN_POINT ( 'NONE',  ( 49.04999999999999716, -0.7999999999999999334, -48.09999999999998010 ) ) ;
#1284 = CARTESIAN_POINT ( 'NONE',  ( 49.19999999999999574, -0.3999999999999999667, -47.59999999999998010 ) ) ;
#1285 = CIRCLE ( 'NONE', #5908, 0.5000000000000004441 ) ;
#1286 = CARTESIAN_POINT ( 'NONE',  ( 28.73000000000000753, -0.2999999999999999889, -71.09999999999999432 ) ) ;
#1287 = CARTESIAN_POINT ( 'NONE',  ( 0.000000000000000000, -0.3000000000000000444, 0.000000000000000000 ) ) ;
#1288 = EDGE_CURVE ( 'NONE', #1446, #3519, #2023, .T. ) ;
#1289 = CARTESIAN_POINT ( 'NONE',  ( 20.27000000000000313, -0.4000000000000000222, -44.29999999999999716 ) ) ;
#1290 = DIRECTION ( 'NONE',  ( 0.000000000000000000, -0.000000000000000000, -1.000000000000000000 ) ) ;
#1291 = EDGE_LOOP ( 'NONE', ( #2635, #4784, #2109, #3915, #2103, #5575, #2581, #2744, #4949, #988, #4980, #6200, #889, #4447, #5196, #4428, #6292, #6921, #386, #4997, #6615, #325, #1949, #2788, #1412, #134, #1757, #4814, #6014, #4011, #2696, #579, #833, #7209, #5536 ) ) ;
#1292 = VECTOR ( 'NONE', #4198, 1000.000000000000114 ) ;
#1293 = VERTEX_POINT ( 'NONE', #2657 ) ;
#1294 = CARTESIAN_POINT ( 'NONE',  ( 24.49999999999999289, -0.2000000000000000111, -65.90000000000001990 ) ) ;
#1295 = VECTOR ( 'NONE', #2140, 1000.000000000000000 ) ;
#1296 = CARTESIAN_POINT ( 'NONE',  ( 28.70000000000000284, 1.500000000000000444, -2.000000000000009770 ) ) ;
#1297 = LINE ( 'NONE', #5860, #7189 ) ;
#1298 = DIRECTION ( 'NONE',  ( -0.000000000000000000, -1.000000000000000000, -0.000000000000000000 ) ) ;
#1299 = ORIENTED_EDGE ( 'NONE', *, *, #3654, .F. ) ;
#1300 = EDGE_LOOP ( 'NONE', ( #4113, #4703, #4723, #1778 ) ) ;
#1301 = VECTOR ( 'NONE', #5472, 1000.000000000000000 ) ;
#1302 = EDGE_CURVE ( 'NONE', #6276, #6354, #264, .T. ) ;
#1303 = CARTESIAN_POINT ( 'NONE',  ( 28.74999999999998224, 0.1000000000000000056, -62.40000000000000568 ) ) ;
#1304 = DIRECTION ( 'NONE',  ( 1.000000000000000000, 0.000000000000000000, 0.000000000000000000 ) ) ;
#1305 = ORIENTED_EDGE ( 'NONE', *, *, #3307, .F. ) ;
#1306 = ORIENTED_EDGE ( 'NONE', *, *, #7104, .T. ) ;
#1307 = EDGE_CURVE ( 'NONE', #5463, #924, #812, .T. ) ;
#1308 = ADVANCED_FACE ( 'NONE', ( #4921 ), #288, .T. ) ;
#1309 = CARTESIAN_POINT ( 'NONE',  ( 30.92000000000000526, -0.2999999999999999889, -71.09999999999999432 ) ) ;
#1310 = DIRECTION ( 'NONE',  ( -1.000000000000000000, -0.000000000000000000, -0.000000000000000000 ) ) ;
#1311 = FACE_OUTER_BOUND ( 'NONE', #4325, .T. ) ;
#1312 = CARTESIAN_POINT ( 'NONE',  ( 19.20000000000000284, -0.2000000000000000111, -42.30000000000000426 ) ) ;
#1313 = EDGE_CURVE ( 'NONE', #561, #3831, #1510, .T. ) ;
#1314 = CARTESIAN_POINT ( 'NONE',  ( 12.60000000000000497, -0.4000000000000000222, -44.29999999999999716 ) ) ;
#1315 = VERTEX_POINT ( 'NONE', #7192 ) ;
#1316 = ORIENTED_EDGE ( 'NONE', *, *, #4336, .F. ) ;
#1317 = CARTESIAN_POINT ( 'NONE',  ( 28.99999999999998934, -0.1000000000000000056, -67.90000000000001990 ) ) ;
#1318 = CARTESIAN_POINT ( 'NONE',  ( 31.95000000000000639, -0.2999999999999999889, -71.09999999999999432 ) ) ;
#1319 = CARTESIAN_POINT ( 'NONE',  ( 0.8696805494382842117, 1.244639535854047407, -6.999999999999999112 ) ) ;
#1320 = DIRECTION ( 'NONE',  ( -0.000000000000000000, -0.000000000000000000, -1.000000000000000000 ) ) ;
#1321 = DIRECTION ( 'NONE',  ( 0.000000000000000000, -1.000000000000000000, 0.000000000000000000 ) ) ;
#1322 = CARTESIAN_POINT ( 'NONE',  ( 28.19999999999999218, -0.1000000000000000056, -67.40000000000001990 ) ) ;
#1323 = VERTEX_POINT ( 'NONE', #4288 ) ;
#1324 = EDGE_CURVE ( 'NONE', #2975, #4384, #7261, .T. ) ;
#1325 = EDGE_CURVE ( 'NONE', #5831, #7173, #5894, .T. ) ;
#1326 = ORIENTED_EDGE ( 'NONE', *, *, #3578, .T. ) ;
#1327 = FACE_OUTER_BOUND ( 'NONE', #2641, .T. ) ;
#1328 = CARTESIAN_POINT ( 'NONE',  ( 24.39999999999998792, -0.1000000000000000056, -59.29999999999999005 ) ) ;
#1329 = CARTESIAN_POINT ( 'NONE',  ( 33.70000000000000995, -2.299999999999999822, -37.29999999999999716 ) ) ;
#1330 = CARTESIAN_POINT ( 'NONE',  ( 29.76000000000000867, -0.2999999999999999889, -69.09999999999999432 ) ) ;
#1331 = ORIENTED_EDGE ( 'NONE', *, *, #990, .F. ) ;
#1332 = VECTOR ( 'NONE', #2667, 1000.000000000000000 ) ;
#1333 = VECTOR ( 'NONE', #5102, 1000.000000000000000 ) ;
#1334 = ADVANCED_FACE ( 'NONE', ( #5961 ), #6560, .T. ) ;
#1335 = DIRECTION ( 'NONE',  ( 0.000000000000000000, 0.000000000000000000, 1.000000000000000000 ) ) ;
#1336 = CARTESIAN_POINT ( 'NONE',  ( 28.09999999999998010, 0.1000000000000000056, -63.34999999999998721 ) ) ;
#1337 = CARTESIAN_POINT ( 'NONE',  ( 30.49999999999997868, -0.1000000000000000056, -59.04999999999999716 ) ) ;
#1338 = EDGE_LOOP ( 'NONE', ( #3603, #2094, #2829, #369 ) ) ;
#1339 = ORIENTED_EDGE ( 'NONE', *, *, #1917, .F. ) ;
#1340 = CARTESIAN_POINT ( 'NONE',  ( 26.04999999999998650, -0.3000000000000000444, -70.90000000000001990 ) ) ;
#1341 = CARTESIAN_POINT ( 'NONE',  ( 24.49999999999999289, -0.2000000000000000111, -65.90000000000001990 ) ) ;
#1342 = CARTESIAN_POINT ( 'NONE',  ( 27.69999999999999574, -0.2000000000000000111, -58.55000000000001847 ) ) ;
#1343 = ADVANCED_FACE ( 'NONE', ( #3659 ), #2543, .F. ) ;
#1344 = EDGE_CURVE ( 'NONE', #4261, #2768, #3730, .T. ) ;
#1345 = DIRECTION ( 'NONE',  ( -1.000000000000000000, 0.000000000000000000, 0.000000000000000000 ) ) ;
#1346 = EDGE_CURVE ( 'NONE', #6417, #5463, #152, .T. ) ;
#1347 = ORIENTED_EDGE ( 'NONE', *, *, #5360, .T. ) ;
#1348 = EDGE_LOOP ( 'NONE', ( #5836, #6238, #5320, #5166 ) ) ;
#1349 = EDGE_CURVE ( 'NONE', #6142, #4898, #1360, .T. ) ;
#1350 = DIRECTION ( 'NONE',  ( -2.891205793294680792E-16, 0.000000000000000000, 1.000000000000000000 ) ) ;
#1351 = CARTESIAN_POINT ( 'NONE',  ( 2.000000000000005329, -0.1000000000000000056, -37.29999999999996874 ) ) ;
#1352 = CARTESIAN_POINT ( 'NONE',  ( 30.49999999999997868, -0.2000000000000000111, -65.04999999999998295 ) ) ;
#1353 = DIRECTION ( 'NONE',  ( 0.000000000000000000, 0.000000000000000000, -1.000000000000000000 ) ) ;
#1354 = DIRECTION ( 'NONE',  ( -1.000000000000000000, 0.000000000000000000, 0.000000000000000000 ) ) ;
#1355 = CARTESIAN_POINT ( 'NONE',  ( 49.69999999999999574, -0.3999999999999999667, 0.000000000000000000 ) ) ;
#1356 = VERTEX_POINT ( 'NONE', #3691 ) ;
#1357 = AXIS2_PLACEMENT_3D ( 'NONE', #4069, #6306, #3514 ) ;
#1358 = ORIENTED_EDGE ( 'NONE', *, *, #7130, .T. ) ;
#1359 = DIRECTION ( 'NONE',  ( -0.000000000000000000, 1.000000000000000000, -0.000000000000000000 ) ) ;
#1360 = LINE ( 'NONE', #6525, #977 ) ;
#1361 = DIRECTION ( 'NONE',  ( 0.000000000000000000, -0.000000000000000000, -1.000000000000000000 ) ) ;
#1362 = CARTESIAN_POINT ( 'NONE',  ( 2.000000000000004441, -0.1000000000000000056, -37.29999999999996874 ) ) ;
#1363 = EDGE_CURVE ( 'NONE', #2251, #6063, #3175, .T. ) ;
#1364 = ORIENTED_EDGE ( 'NONE', *, *, #3771, .F. ) ;
#1365 = VECTOR ( 'NONE', #3599, 1000.000000000000000 ) ;
#1366 = AXIS2_PLACEMENT_3D ( 'NONE', #3488, #5232, #3000 ) ;
#1367 = ORIENTED_EDGE ( 'NONE', *, *, #1679, .T. ) ;
#1368 = DIRECTION ( 'NONE',  ( -0.000000000000000000, -1.000000000000000000, -0.000000000000000000 ) ) ;
#1369 = AXIS2_PLACEMENT_3D ( 'NONE', #2722, #5461, #5499 ) ;
#1370 = DIRECTION ( 'NONE',  ( -0.000000000000000000, -1.000000000000000000, -0.000000000000000000 ) ) ;
#1371 = LINE ( 'NONE', #1336, #5054 ) ;
#1372 = CARTESIAN_POINT ( 'NONE',  ( 28.99999999999998934, -0.1000000000000000056, -70.40000000000001990 ) ) ;
#1373 = ADVANCED_FACE ( 'NONE', ( #3214 ), #327, .T. ) ;
#1374 = ORIENTED_EDGE ( 'NONE', *, *, #4835, .F. ) ;
#1375 = ORIENTED_EDGE ( 'NONE', *, *, #6484, .F. ) ;
#1376 = AXIS2_PLACEMENT_3D ( 'NONE', #1261, #4153, #7040 ) ;
#1377 = DIRECTION ( 'NONE',  ( -0.000000000000000000, -1.000000000000000000, -0.000000000000000000 ) ) ;
#1378 = CLOSED_SHELL ( 'NONE', ( #1223, #5383, #4999, #4099, #2859, #6126 ) ) ;
#1379 = CARTESIAN_POINT ( 'NONE',  ( 28.70000000000000284, 0.5000000000000000000, -43.60000000000000142 ) ) ;
#1380 = CARTESIAN_POINT ( 'NONE',  ( 28.99999999999998934, -0.1000000000000000056, -67.90000000000001990 ) ) ;
#1381 = DIRECTION ( 'NONE',  ( -1.000000000000000000, 0.000000000000000000, -0.000000000000000000 ) ) ;
#1382 = VECTOR ( 'NONE', #237, 1000.000000000000000 ) ;
#1383 = VERTEX_POINT ( 'NONE', #3134 ) ;
#1384 = DESIGN_CONTEXT ( 'detailed design', #4067, 'design' ) ;
#1385 = ORIENTED_EDGE ( 'NONE', *, *, #5254, .T. ) ;
#1386 = EDGE_CURVE ( 'NONE', #5338, #3053, #3690, .T. ) ;
#1387 = VECTOR ( 'NONE', #2245, 1000.000000000000000 ) ;
#1388 = EDGE_CURVE ( 'NONE', #2541, #2221, #3621, .T. ) ;
#1389 = DIRECTION ( 'NONE',  ( 0.000000000000000000, 0.000000000000000000, 1.000000000000000000 ) ) ;
#1390 = LINE ( 'NONE', #5325, #7314 ) ;
#1391 = DIRECTION ( 'NONE',  ( 0.000000000000000000, 0.000000000000000000, 1.000000000000000000 ) ) ;
#1392 = CARTESIAN_POINT ( 'NONE',  ( 6.000000000000000888, 0.000000000000000000, -5.999999999999999112 ) ) ;
#1393 = LINE ( 'NONE', #1460, #916 ) ;
#1394 = FACE_OUTER_BOUND ( 'NONE', #4188, .T. ) ;
#1395 = ORIENTED_EDGE ( 'NONE', *, *, #2350, .T. ) ;
#1396 = EDGE_CURVE ( 'NONE', #6345, #6038, #5333, .T. ) ;
#1397 = VERTEX_POINT ( 'NONE', #6158 ) ;
#1398 = FACE_OUTER_BOUND ( 'NONE', #4903, .T. ) ;
#1399 = DIRECTION ( 'NONE',  ( 0.000000000000000000, 0.000000000000000000, 1.000000000000000000 ) ) ;
#1400 = CARTESIAN_POINT ( 'NONE',  ( 35.69999999999999574, 1.500000000000000000, -7.000000000000000000 ) ) ;
#1401 = LINE ( 'NONE', #2819, #2959 ) ;
#1402 = EDGE_CURVE ( 'NONE', #3814, #4181, #1034, .T. ) ;
#1403 = AXIS2_PLACEMENT_3D ( 'NONE', #1287, #4144, #5358 ) ;
#1404 = ORIENTED_EDGE ( 'NONE', *, *, #4530, .T. ) ;
#1405 = VERTEX_POINT ( 'NONE', #3365 ) ;
#1406 = CARTESIAN_POINT ( 'NONE',  ( 12.00000000000000533, -0.4000000000000000222, -44.29999999999999716 ) ) ;
#1407 = DIRECTION ( 'NONE',  ( 0.000000000000000000, -1.000000000000000000, 0.000000000000000000 ) ) ;
#1408 = CARTESIAN_POINT ( 'NONE',  ( 30.49999999999997868, -0.2000000000000000111, -59.04999999999999716 ) ) ;
#1409 = DIRECTION ( 'NONE',  ( -0.000000000000000000, 1.000000000000000000, -0.000000000000000000 ) ) ;
#1410 = VECTOR ( 'NONE', #7269, 1000.000000000000000 ) ;
#1411 = ORIENTED_EDGE ( 'NONE', *, *, #130, .T. ) ;
#1412 = ORIENTED_EDGE ( 'NONE', *, *, #5759, .F. ) ;
#1413 = ORIENTED_EDGE ( 'NONE', *, *, #2385, .T. ) ;
#1414 = EDGE_CURVE ( 'NONE', #5697, #4757, #4523, .T. ) ;
#1415 = DIRECTION ( 'NONE',  ( -0.000000000000000000, 1.000000000000000000, -0.000000000000000000 ) ) ;
#1416 = LINE ( 'NONE', #1341, #1365 ) ;
#1417 = LINE ( 'NONE', #5351, #4217 ) ;
#1418 = EDGE_LOOP ( 'NONE', ( #1306, #2883, #4890, #4013 ) ) ;
#1419 = EDGE_LOOP ( 'NONE', ( #2389, #4303, #1905, #4390 ) ) ;
#1420 = CARTESIAN_POINT ( 'NONE',  ( 6.999999999999999112, 1.500000000000000444, -41.60000000000000142 ) ) ;
#1421 = LINE ( 'NONE', #4245, #558 ) ;
#1422 = CARTESIAN_POINT ( 'NONE',  ( 30.92000000000000526, -0.3999999999999999667, -69.09999999999999432 ) ) ;
#1423 = LINE ( 'NONE', #5821, #589 ) ;
#1424 = DIRECTION ( 'NONE',  ( -1.000000000000000000, -0.000000000000000000, 1.998529350203694707E-16 ) ) ;
#1425 = PLANE ( 'NONE',  #3432 ) ;
#1426 = EDGE_LOOP ( 'NONE', ( #4139, #7113, #6813, #1436 ) ) ;
#1427 = ORIENTED_EDGE ( 'NONE', *, *, #2440, .F. ) ;
#1428 = ORIENTED_EDGE ( 'NONE', *, *, #5423, .F. ) ;
#1429 = PLANE ( 'NONE',  #4225 ) ;
#1430 = CARTESIAN_POINT ( 'NONE',  ( 49.04999999999999716, -0.7999999999999999334, -48.09999999999998010 ) ) ;
#1431 = DIRECTION ( 'NONE',  ( 1.000000000000000000, 0.000000000000000000, 0.000000000000000000 ) ) ;
#1432 = CARTESIAN_POINT ( 'NONE',  ( 49.29999999999999716, -0.7999999999999999334, -48.39999999999997726 ) ) ;
#1433 = EDGE_CURVE ( 'NONE', #4998, #2634, #477, .T. ) ;
#1434 = ORIENTED_EDGE ( 'NONE', *, *, #2719, .T. ) ;
#1435 = EDGE_CURVE ( 'NONE', #2021, #1044, #1219, .T. ) ;
#1436 = ORIENTED_EDGE ( 'NONE', *, *, #3993, .T. ) ;
#1437 = PLANE ( 'NONE',  #3816 ) ;
#1438 = EDGE_CURVE ( 'NONE', #6166, #5126, #6680, .T. ) ;
#1439 = FACE_OUTER_BOUND ( 'NONE', #6613, .T. ) ;
#1440 = DIRECTION ( 'NONE',  ( -0.000000000000000000, 1.000000000000000000, -0.000000000000000000 ) ) ;
#1441 = CARTESIAN_POINT ( 'NONE',  ( 46.79999999999999716, -0.7999999999999999334, -53.29999999999997584 ) ) ;
#1442 = AXIS2_PLACEMENT_3D ( 'NONE', #4257, #5402, #6001 ) ;
#1443 = VECTOR ( 'NONE', #7206, 1000.000000000000000 ) ;
#1444 = ORIENTED_EDGE ( 'NONE', *, *, #6031, .F. ) ;
#1445 = ORIENTED_EDGE ( 'NONE', *, *, #2524, .T. ) ;
#1446 = VERTEX_POINT ( 'NONE', #3889 ) ;
#1447 = AXIS2_PLACEMENT_3D ( 'NONE', #2711, #2225, #1161 ) ;
#1448 = CARTESIAN_POINT ( 'NONE',  ( 46.89999999999999858, -0.2999999999999999889, -54.09999999999998010 ) ) ;
#1449 = PLANE ( 'NONE',  #550 ) ;
#1450 = CARTESIAN_POINT ( 'NONE',  ( 33.70000000000000284, 1.500000000000000444, -36.60000000000000853 ) ) ;
#1451 = VERTEX_POINT ( 'NONE', #1548 ) ;
#1452 = EDGE_CURVE ( 'NONE', #841, #3169, #5085, .T. ) ;
#1453 = ORIENTED_EDGE ( 'NONE', *, *, #6342, .T. ) ;
#1454 = ORIENTED_EDGE ( 'NONE', *, *, #853, .F. ) ;
#1455 = CARTESIAN_POINT ( 'NONE',  ( 6.000000000000003553, -2.299999999999999822, -37.29999999999999716 ) ) ;
#1456 = CARTESIAN_POINT ( 'NONE',  ( 46.79999999999999716, -0.7999999999999999334, -53.29999999999997584 ) ) ;
#1457 = CARTESIAN_POINT ( 'NONE',  ( 46.39999999999999858, -0.5000000000000000000, -47.59999999999998010 ) ) ;
#1458 = CARTESIAN_POINT ( 'NONE',  ( 6.000000000000031086, -2.299999999999999822, -41.29999999999999716 ) ) ;
#1459 = LINE ( 'NONE', #3392, #1976 ) ;
#1460 = CARTESIAN_POINT ( 'NONE',  ( 28.29999999999998650, -0.3000000000000000444, -70.90000000000001990 ) ) ;
#1461 = DIRECTION ( 'NONE',  ( -1.000000000000000000, 0.000000000000000000, 0.000000000000000000 ) ) ;
#1462 = EDGE_CURVE ( 'NONE', #3378, #3218, #6080, .T. ) ;
#1463 = ORIENTED_EDGE ( 'NONE', *, *, #532, .T. ) ;
#1464 = ORIENTED_EDGE ( 'NONE', *, *, #4292, .T. ) ;
#1465 = ORIENTED_EDGE ( 'NONE', *, *, #2267, .F. ) ;
#1466 = CARTESIAN_POINT ( 'NONE',  ( 49.29999999999999716, -0.5000000000000000000, -48.39999999999997726 ) ) ;
#1467 = CARTESIAN_POINT ( 'NONE',  ( 6.000000000000031086, -2.299999999999999822, -41.29999999999999716 ) ) ;
#1468 = CARTESIAN_POINT ( 'NONE',  ( 31.65000000000000568, -0.2999999999999999889, -69.09999999999999432 ) ) ;
#1469 = LINE ( 'NONE', #4185, #115 ) ;
#1470 = EDGE_LOOP ( 'NONE', ( #5259, #1444, #2490, #6135 ) ) ;
#1471 = VECTOR ( 'NONE', #2275, 1000.000000000000000 ) ;
#1472 = VERTEX_POINT ( 'NONE', #3847 ) ;
#1473 = CARTESIAN_POINT ( 'NONE',  ( 27.99999999999998579, 0.000000000000000000, -70.90000000000001990 ) ) ;
#1474 = EDGE_CURVE ( 'NONE', #2259, #1156, #3406, .T. ) ;
#1475 = EDGE_CURVE ( 'NONE', #3349, #2901, #4965, .T. ) ;
#1476 = CARTESIAN_POINT ( 'NONE',  ( 2.466776782839027261E-13, -0.3999999999999999667, -71.10000000000009379 ) ) ;
#1477 = PLANE ( 'NONE',  #460 ) ;
#1478 = VECTOR ( 'NONE', #6328, 1000.000000000000000 ) ;
#1479 = DIRECTION ( 'NONE',  ( 0.000000000000000000, -1.000000000000000000, 0.000000000000000000 ) ) ;
#1480 = VERTEX_POINT ( 'NONE', #1077 ) ;
#1481 = ORIENTED_EDGE ( 'NONE', *, *, #3965, .F. ) ;
#1482 = VERTEX_POINT ( 'NONE', #4486 ) ;
#1483 = AXIS2_PLACEMENT_3D ( 'NONE', #5247, #759, #127 ) ;
#1484 = CIRCLE ( 'NONE', #3506, 0.5000000000000004441 ) ;
#1485 = B_SPLINE_SURFACE_WITH_KNOTS ( 'NONE', 2, 1, ( 
 ( #3050, #1379 ),
 ( #306, #6990 ),
 ( #2639, #2562 ) ),
 .UNSPECIFIED., .F., .F., .F.,
 ( 3, 3 ),
 ( 2, 2 ),
 ( 0.000000000000000000, 1.000000000000000000 ),
 ( 0.000000000000000000, 1.000000000000000000 ),
 .UNSPECIFIED. ) ;
#1486 = DIRECTION ( 'NONE',  ( 0.000000000000000000, -1.000000000000000000, 0.000000000000000000 ) ) ;
#1487 = LINE ( 'NONE', #5977, #6235 ) ;
#1488 = DIRECTION ( 'NONE',  ( 0.000000000000000000, 0.000000000000000000, -1.000000000000000000 ) ) ;
#1489 = EDGE_LOOP ( 'NONE', ( #2958, #435, #6462, #3697, #1601, #2921, #7332, #5384 ) ) ;
#1490 = EDGE_CURVE ( 'NONE', #2975, #2707, #1588, .T. ) ;
#1491 = VECTOR ( 'NONE', #1590, 1000.000000000000000 ) ;
#1492 = ORIENTED_EDGE ( 'NONE', *, *, #1093, .T. ) ;
#1493 = VECTOR ( 'NONE', #216, 1000.000000000000000 ) ;
#1494 = ORIENTED_EDGE ( 'NONE', *, *, #1177, .F. ) ;
#1495 = CARTESIAN_POINT ( 'NONE',  ( 35.69999999999999574, 0.5000000000000000000, -6.999999999999999112 ) ) ;
#1496 = CARTESIAN_POINT ( 'NONE',  ( 30.49999999999997868, -0.1000000000000000056, -59.04999999999999716 ) ) ;
#1497 = AXIS2_PLACEMENT_3D ( 'NONE', #1618, #5030, #5435 ) ;
#1498 = DIRECTION ( 'NONE',  ( -1.000000000000000000, 0.000000000000000000, 0.000000000000000000 ) ) ;
#1499 = CARTESIAN_POINT ( 'NONE',  ( 9.500000000000008882, -0.5000000000000000000, -44.59999999999999432 ) ) ;
#1500 = CARTESIAN_POINT ( 'NONE',  ( 29.69999999999997442, -1.500000000000000000, -2.000000000000000000 ) ) ;
#1501 = CARTESIAN_POINT ( 'NONE',  ( 6.000000000000031086, -2.299999999999999822, -41.29999999999999716 ) ) ;
#1502 = CARTESIAN_POINT ( 'NONE',  ( 27.69999999999999929, -0.2000000000000000111, -51.54999999999999716 ) ) ;
#1503 = VECTOR ( 'NONE', #4182, 1000.000000000000000 ) ;
#1504 = ORIENTED_EDGE ( 'NONE', *, *, #238, .F. ) ;
#1505 = VERTEX_POINT ( 'NONE', #2173 ) ;
#1506 = VECTOR ( 'NONE', #4501, 1000.000000000000000 ) ;
#1507 = EDGE_LOOP ( 'NONE', ( #5781, #2872, #3131, #5007, #6102, #424, #5440, #914 ) ) ;
#1508 = CARTESIAN_POINT ( 'NONE',  ( 26.49999999999999645, -0.5000000000000000000, -56.09999999999998721 ) ) ;
#1509 = EDGE_CURVE ( 'NONE', #6142, #4206, #1704, .T. ) ;
#1510 = LINE ( 'NONE', #5927, #2874 ) ;
#1511 = PERSON_AND_ORGANIZATION ( #4543, #3788 ) ;
#1512 = DIRECTION ( 'NONE',  ( 1.000000000000000000, -0.000000000000000000, -0.000000000000000000 ) ) ;
#1513 = LINE ( 'NONE', #2741, #1656 ) ;
#1514 = EDGE_LOOP ( 'NONE', ( #4843, #618, #2356, #4562 ) ) ;
#1515 = ORIENTED_EDGE ( 'NONE', *, *, #2463, .F. ) ;
#1516 = DIRECTION ( 'NONE',  ( 0.000000000000000000, -1.000000000000000000, 0.000000000000000000 ) ) ;
#1517 = CARTESIAN_POINT ( 'NONE',  ( 29.70000000000000639, -2.299999999999999822, -37.29999999999999716 ) ) ;
#1518 = CARTESIAN_POINT ( 'NONE',  ( 49.04999999999999716, -0.7999999999999999334, -53.29999999999997584 ) ) ;
#1519 = VECTOR ( 'NONE', #4454, 1000.000000000000000 ) ;
#1520 = CARTESIAN_POINT ( 'NONE',  ( 7.000000000000000000, 1.500000000000000444, -7.000000000000000000 ) ) ;
#1521 = VERTEX_POINT ( 'NONE', #3967 ) ;
#1522 = VECTOR ( 'NONE', #4042, 1000.000000000000000 ) ;
#1523 = VERTEX_POINT ( 'NONE', #6120 ) ;
#1524 = ORIENTED_EDGE ( 'NONE', *, *, #2755, .F. ) ;
#1525 = EDGE_CURVE ( 'NONE', #1000, #6266, #6230, .T. ) ;
#1526 = VECTOR ( 'NONE', #4166, 1000.000000000000000 ) ;
#1527 = FACE_OUTER_BOUND ( 'NONE', #6045, .T. ) ;
#1528 = AXIS2_PLACEMENT_3D ( 'NONE', #3410, #5678, #603 ) ;
#1529 = DIRECTION ( 'NONE',  ( 0.000000000000000000, -1.000000000000000000, 0.000000000000000000 ) ) ;
#1530 = DIRECTION ( 'NONE',  ( -0.000000000000000000, 1.000000000000000000, -0.000000000000000000 ) ) ;
#1531 = EDGE_CURVE ( 'NONE', #3018, #5298, #5003, .T. ) ;
#1532 = ORIENTED_EDGE ( 'NONE', *, *, #4941, .T. ) ;
#1533 = EDGE_CURVE ( 'NONE', #6093, #3030, #4443, .T. ) ;
#1534 = ORIENTED_EDGE ( 'NONE', *, *, #2456, .T. ) ;
#1535 = ORIENTED_EDGE ( 'NONE', *, *, #4787, .F. ) ;
#1536 = DIRECTION ( 'NONE',  ( 0.000000000000000000, 0.000000000000000000, -1.000000000000000000 ) ) ;
#1537 = FACE_OUTER_BOUND ( 'NONE', #3971, .T. ) ;
#1538 = EDGE_CURVE ( 'NONE', #2204, #6693, #6717, .T. ) ;
#1539 = LINE ( 'NONE', #3058, #6458 ) ;
#1540 = LINE ( 'NONE', #4910, #342 ) ;
#1541 = CARTESIAN_POINT ( 'NONE',  ( 29.99999999999997868, -0.2000000000000000111, -65.54999999999998295 ) ) ;
#1542 = DIRECTION ( 'NONE',  ( 0.000000000000000000, -0.000000000000000000, -1.000000000000000000 ) ) ;
#1543 = CARTESIAN_POINT ( 'NONE',  ( 48.55000000000000426, -0.5999999999999999778, -52.74999999999999289 ) ) ;
#1544 = ORIENTED_EDGE ( 'NONE', *, *, #4168, .T. ) ;
#1545 = ORIENTED_EDGE ( 'NONE', *, *, #6987, .F. ) ;
#1546 = EDGE_LOOP ( 'NONE', ( #396, #6676, #512, #6734 ) ) ;
#1547 = DIRECTION ( 'NONE',  ( -0.000000000000000000, -0.000000000000000000, 1.000000000000000000 ) ) ;
#1548 = CARTESIAN_POINT ( 'NONE',  ( 47.04999999999999716, -0.5000000000000000000, -48.39999999999997726 ) ) ;
#1549 = CARTESIAN_POINT ( 'NONE',  ( 26.04999999999999005, -0.3000000000000000444, -68.90000000000001990 ) ) ;
#1550 = CARTESIAN_POINT ( 'NONE',  ( 28.30000000000000426, -0.2999999999999999889, -71.09999999999999432 ) ) ;
#1551 = CYLINDRICAL_SURFACE ( 'NONE', #4251, 0.5000000000000004441 ) ;
#1552 = ORIENTED_EDGE ( 'NONE', *, *, #4558, .T. ) ;
#1553 = VERTEX_POINT ( 'NONE', #516 ) ;
#1554 = ADVANCED_FACE ( 'NONE', ( #2773 ), #5040, .F. ) ;
#1555 = ADVANCED_FACE ( 'NONE', ( #33 ), #2288, .F. ) ;
#1556 = ORIENTED_EDGE ( 'NONE', *, *, #4187, .T. ) ;
#1557 = DIRECTION ( 'NONE',  ( -1.000000000000000000, -0.000000000000000000, 0.000000000000000000 ) ) ;
#1558 = DIRECTION ( 'NONE',  ( -1.734723475976805517E-15, -0.000000000000000000, -1.000000000000000000 ) ) ;
#1559 = CARTESIAN_POINT ( 'NONE',  ( 28.70000000000000639, 0.5000000000000000000, -6.938893903907228378E-15 ) ) ;
#1560 = CARTESIAN_POINT ( 'NONE',  ( 15.89999999999998082, -0.2000000000000000111, -43.29999999999999716 ) ) ;
#1561 = ADVANCED_FACE ( 'NONE', ( #4006 ), #5154, .F. ) ;
#1562 = VERTEX_POINT ( 'NONE', #1738 ) ;
#1563 = ORIENTED_EDGE ( 'NONE', *, *, #4667, .T. ) ;
#1564 = EDGE_LOOP ( 'NONE', ( #519, #5940, #7115, #1563 ) ) ;
#1565 = CARTESIAN_POINT ( 'NONE',  ( 29.19999999999997797, 0.1000000000000000056, -63.34999999999998721 ) ) ;
#1566 = AXIS2_PLACEMENT_3D ( 'NONE', #959, #4809, #1951 ) ;
#1567 = CARTESIAN_POINT ( 'NONE',  ( 2.000000000000004441, 0.000000000000000000, -37.29999999999996874 ) ) ;
#1568 = DIRECTION ( 'NONE',  ( -2.216899010832982115E-16, 0.000000000000000000, 1.000000000000000000 ) ) ;
#1569 = ORIENTED_EDGE ( 'NONE', *, *, #2566, .T. ) ;
#1570 = AXIS2_PLACEMENT_3D ( 'NONE', #2372, #4079, #742 ) ;
#1571 = EDGE_LOOP ( 'NONE', ( #384, #5905, #2567, #1627 ) ) ;
#1572 = CIRCLE ( 'NONE', #154, 5.000000000000000000 ) ;
#1573 = VERTEX_POINT ( 'NONE', #5712 ) ;
#1574 = FACE_OUTER_BOUND ( 'NONE', #1831, .T. ) ;
#1575 = ADVANCED_FACE ( 'NONE', ( #631 ), #2889, .T. ) ;
#1576 = PLANE ( 'NONE',  #2671 ) ;
#1577 = EDGE_CURVE ( 'NONE', #6266, #1281, #1806, .T. ) ;
#1578 = CARTESIAN_POINT ( 'NONE',  ( 24.49999999999998579, -0.2000000000000000111, -70.40000000000001990 ) ) ;
#1579 = FACE_OUTER_BOUND ( 'NONE', #4938, .T. ) ;
#1580 = LINE ( 'NONE', #3357, #3041 ) ;
#1581 = DIRECTION ( 'NONE',  ( -0.000000000000000000, 1.000000000000000000, 0.000000000000000000 ) ) ;
#1582 = ORIENTED_EDGE ( 'NONE', *, *, #1060, .F. ) ;
#1583 = EDGE_CURVE ( 'NONE', #1120, #6753, #7045, .T. ) ;
#1584 = EDGE_LOOP ( 'NONE', ( #3097, #4087, #5098, #5769 ) ) ;
#1585 = VERTEX_POINT ( 'NONE', #5901 ) ;
#1586 = LINE ( 'NONE', #3845, #5782 ) ;
#1587 = DIRECTION ( 'NONE',  ( -0.000000000000000000, -1.000000000000000000, -0.000000000000000000 ) ) ;
#1588 = LINE ( 'NONE', #6759, #6797 ) ;
#1589 = DIRECTION ( 'NONE',  ( 0.000000000000000000, 1.000000000000000000, 0.000000000000000000 ) ) ;
#1590 = DIRECTION ( 'NONE',  ( -0.000000000000000000, -1.000000000000000000, -0.000000000000000000 ) ) ;
#1591 = LINE ( 'NONE', #3892, #1064 ) ;
#1592 = EDGE_LOOP ( 'NONE', ( #3980, #5544, #1612, #1654 ) ) ;
#1593 = ORIENTED_EDGE ( 'NONE', *, *, #6691, .F. ) ;
#1594 = EDGE_CURVE ( 'NONE', #617, #3728, #2397, .T. ) ;
#1595 = ORIENTED_EDGE ( 'NONE', *, *, #5425, .T. ) ;
#1596 = CARTESIAN_POINT ( 'NONE',  ( 0.000000000000000000, -0.3999999999999999667, -41.29999999999999716 ) ) ;
#1597 = CARTESIAN_POINT ( 'NONE',  ( 0.000000000000000000, -0.3000000000000000444, 0.000000000000000000 ) ) ;
#1598 = CARTESIAN_POINT ( 'NONE',  ( 25.74999999999998579, 0.1000000000000000056, -59.39999999999999858 ) ) ;
#1599 = LINE ( 'NONE', #2148, #3637 ) ;
#1600 = B_SPLINE_CURVE_WITH_KNOTS ( 'NONE', 2,
 ( #1495, #530, #3424 ),
 .UNSPECIFIED., .F., .F.,
 ( 3, 3 ),
 ( 0.000000000000000000, 1.000000000000000000 ),
 .UNSPECIFIED. ) ;
#1601 = ORIENTED_EDGE ( 'NONE', *, *, #5956, .T. ) ;
#1602 = ORIENTED_EDGE ( 'NONE', *, *, #5124, .F. ) ;
#1603 = EDGE_LOOP ( 'NONE', ( #1753, #2076, #2134, #11 ) ) ;
#1604 = AXIS2_PLACEMENT_3D ( 'NONE', #5190, #172, #1804 ) ;
#1605 = AXIS2_PLACEMENT_3D ( 'NONE', #1227, #776, #5262 ) ;
#1606 = LINE ( 'NONE', #4574, #5648 ) ;
#1607 = EDGE_CURVE ( 'NONE', #2506, #3430, #4263, .T. ) ;
#1608 = CARTESIAN_POINT ( 'NONE',  ( 6.000000000000029310, -1.500000000000000000, -1.999999999999999112 ) ) ;
#1609 = ORIENTED_EDGE ( 'NONE', *, *, #2946, .F. ) ;
#1610 = VECTOR ( 'NONE', #5547, 1000.000000000000000 ) ;
#1611 = CIRCLE ( 'NONE', #6357, 0.3999999999999975797 ) ;
#1612 = ORIENTED_EDGE ( 'NONE', *, *, #1346, .F. ) ;
#1613 = ORIENTED_EDGE ( 'NONE', *, *, #3895, .T. ) ;
#1614 = DIRECTION ( 'NONE',  ( 0.000000000000000000, -0.000000000000000000, 1.000000000000000000 ) ) ;
#1615 = DIRECTION ( 'NONE',  ( 0.000000000000000000, 0.000000000000000000, 1.000000000000000000 ) ) ;
#1616 = AXIS2_PLACEMENT_3D ( 'NONE', #4945, #975, #7214 ) ;
#1617 = CYLINDRICAL_SURFACE ( 'NONE', #3429, 0.5000000000000004441 ) ;
#1618 = CARTESIAN_POINT ( 'NONE',  ( 28.00000000000000355, -0.6000000000000000888, -68.09999999999998010 ) ) ;
#1619 = CARTESIAN_POINT ( 'NONE',  ( 28.29999999999998650, -0.3000000000000000444, -70.90000000000001990 ) ) ;
#1620 = DIRECTION ( 'NONE',  ( 0.000000000000000000, -1.000000000000000000, 0.000000000000000000 ) ) ;
#1621 = ORIENTED_EDGE ( 'NONE', *, *, #542, .F. ) ;
#1622 = CLOSED_SHELL ( 'NONE', ( #860, #1623, #595, #2779, #5814, #4018 ) ) ;
#1623 = ADVANCED_FACE ( 'NONE', ( #4189 ), #5371, .F. ) ;
#1624 = ORIENTED_EDGE ( 'NONE', *, *, #260, .T. ) ;
#1625 = EDGE_CURVE ( 'NONE', #1797, #6766, #6009, .T. ) ;
#1626 = VECTOR ( 'NONE', #4072, 1000.000000000000000 ) ;
#1627 = ORIENTED_EDGE ( 'NONE', *, *, #5616, .T. ) ;
#1628 = DIRECTION ( 'NONE',  ( 0.000000000000000000, 0.000000000000000000, -1.000000000000000000 ) ) ;
#1629 = DIRECTION ( 'NONE',  ( 0.000000000000000000, -1.000000000000000000, 0.000000000000000000 ) ) ;
#1630 = CARTESIAN_POINT ( 'NONE',  ( 28.09999999999998010, -0.1000000000000000056, -63.34999999999998721 ) ) ;
#1631 = AXIS2_PLACEMENT_3D ( 'NONE', #2699, #7229, #2135 ) ;
#1632 = CARTESIAN_POINT ( 'NONE',  ( 28.74999999999998579, -0.3000000000000000444, -70.90000000000001990 ) ) ;
#1633 = FACE_OUTER_BOUND ( 'NONE', #3273, .T. ) ;
#1634 = VECTOR ( 'NONE', #391, 1000.000000000000000 ) ;
#1635 = VERTEX_POINT ( 'NONE', #1406 ) ;
#1636 = ORIENTED_EDGE ( 'NONE', *, *, #1166, .F. ) ;
#1637 = EDGE_CURVE ( 'NONE', #1265, #1031, #3784, .T. ) ;
#1638 = ORIENTED_EDGE ( 'NONE', *, *, #4734, .T. ) ;
#1639 = DIRECTION ( 'NONE',  ( 1.000000000000000000, 0.000000000000000000, 0.000000000000000000 ) ) ;
#1640 = AXIS2_PLACEMENT_3D ( 'NONE', #1763, #4033, #5741 ) ;
#1641 = CARTESIAN_POINT ( 'NONE',  ( 33.69999999999999574, 1.500000000000000444, -36.60000000000000142 ) ) ;
#1642 = CARTESIAN_POINT ( 'NONE',  ( 28.00000000000000711, -0.2999999999999999889, -69.09999999999999432 ) ) ;
#1643 = ADVANCED_FACE ( 'NONE', ( #3183 ), #5451, .T. ) ;
#1644 = PLANE ( 'NONE',  #205 ) ;
#1645 = ORIENTED_EDGE ( 'NONE', *, *, #4617, .F. ) ;
#1646 = ORIENTED_EDGE ( 'NONE', *, *, #2858, .F. ) ;
#1647 = EDGE_LOOP ( 'NONE', ( #2122, #2091, #660, #3987 ) ) ;
#1648 = AXIS2_PLACEMENT_3D ( 'NONE', #3764, #2127, #390 ) ;
#1649 = LINE ( 'NONE', #5062, #4682 ) ;
#1650 = LINE ( 'NONE', #2754, #3512 ) ;
#1651 = ORIENTED_EDGE ( 'NONE', *, *, #6616, .T. ) ;
#1652 = AXIS2_PLACEMENT_3D ( 'NONE', #5667, #23, #5702 ) ;
#1653 = EDGE_CURVE ( 'NONE', #799, #7326, #4227, .T. ) ;
#1654 = ORIENTED_EDGE ( 'NONE', *, *, #4464, .T. ) ;
#1655 = DIRECTION ( 'NONE',  ( 0.000000000000000000, 0.000000000000000000, 1.000000000000000000 ) ) ;
#1656 = VECTOR ( 'NONE', #5637, 1000.000000000000000 ) ;
#1657 = FACE_OUTER_BOUND ( 'NONE', #522, .T. ) ;
#1658 = LINE ( 'NONE', #3801, #1471 ) ;
#1659 = LINE ( 'NONE', #97, #5803 ) ;
#1660 = DIRECTION ( 'NONE',  ( 0.000000000000000000, 0.000000000000000000, -1.000000000000000000 ) ) ;
#1661 = DIRECTION ( 'NONE',  ( -0.000000000000000000, 1.000000000000000000, -0.000000000000000000 ) ) ;
#1662 = DIRECTION ( 'NONE',  ( 0.000000000000000000, 0.000000000000000000, -1.000000000000000000 ) ) ;
#1663 = VERTEX_POINT ( 'NONE', #850 ) ;
#1664 = VECTOR ( 'NONE', #1589, 1000.000000000000000 ) ;
#1665 = ORIENTED_EDGE ( 'NONE', *, *, #1637, .F. ) ;
#1666 = ORIENTED_EDGE ( 'NONE', *, *, #6053, .T. ) ;
#1667 = DIRECTION ( 'NONE',  ( 0.000000000000000000, 1.000000000000000000, 0.000000000000000000 ) ) ;
#1668 = DIRECTION ( 'NONE',  ( 0.000000000000000000, 1.000000000000000000, 0.000000000000000000 ) ) ;
#1669 = DIRECTION ( 'NONE',  ( 1.000000000000000000, 0.000000000000000000, 0.000000000000000000 ) ) ;
#1670 = DIRECTION ( 'NONE',  ( -2.775557561562888984E-15, 0.000000000000000000, 1.000000000000000000 ) ) ;
#1671 = DIRECTION ( 'NONE',  ( 0.000000000000000000, -1.000000000000000000, 0.000000000000000000 ) ) ;
#1672 = PLANE ( 'NONE',  #593 ) ;
#1673 = ORIENTED_EDGE ( 'NONE', *, *, #3328, .F. ) ;
#1674 = ORIENTED_EDGE ( 'NONE', *, *, #315, .T. ) ;
#1675 = ORIENTED_EDGE ( 'NONE', *, *, #5379, .F. ) ;
#1676 = DIRECTION ( 'NONE',  ( 0.000000000000000000, 0.000000000000000000, 1.000000000000000000 ) ) ;
#1677 = DIRECTION ( 'NONE',  ( -0.000000000000000000, -1.000000000000000000, -0.000000000000000000 ) ) ;
#1678 = CYLINDRICAL_SURFACE ( 'NONE', #3897, 0.5000000000000004441 ) ;
#1679 = EDGE_CURVE ( 'NONE', #5058, #6265, #3220, .T. ) ;
#1680 = EDGE_CURVE ( 'NONE', #1553, #3349, #5686, .T. ) ;
#1681 = DIRECTION ( 'NONE',  ( -0.000000000000000000, 0.000000000000000000, -1.000000000000000000 ) ) ;
#1682 = ORIENTED_EDGE ( 'NONE', *, *, #5441, .F. ) ;
#1683 = ORIENTED_EDGE ( 'NONE', *, *, #765, .F. ) ;
#1684 = ADVANCED_FACE ( 'NONE', ( #5340 ), #1437, .T. ) ;
#1685 = CARTESIAN_POINT ( 'NONE',  ( 46.79999999999999716, -0.7999999999999999334, -48.39999999999997726 ) ) ;
#1686 = CARTESIAN_POINT ( 'NONE',  ( 0.000000000000000000, 0.5000000000000000000, -36.60000000000000142 ) ) ;
#1687 = VERTEX_POINT ( 'NONE', #5934 ) ;
#1688 = ORIENTED_EDGE ( 'NONE', *, *, #4815, .F. ) ;
#1689 = CARTESIAN_POINT ( 'NONE',  ( 29.70000000000000639, -2.299999999999999822, -37.29999999999999716 ) ) ;
#1690 = CARTESIAN_POINT ( 'NONE',  ( 49.69999999999999574, -0.2999999999999999889, -54.09999999999998010 ) ) ;
#1691 = CARTESIAN_POINT ( 'NONE',  ( 29.03000000000000824, -0.3999999999999999667, -71.09999999999999432 ) ) ;
#1692 = DIRECTION ( 'NONE',  ( 0.000000000000000000, -1.000000000000000000, 0.000000000000000000 ) ) ;
#1693 = DIRECTION ( 'NONE',  ( -0.000000000000000000, -0.000000000000000000, 1.000000000000000000 ) ) ;
#1694 = DIRECTION ( 'NONE',  ( 1.734723475976805517E-15, 0.000000000000000000, 1.000000000000000000 ) ) ;
#1695 = EDGE_CURVE ( 'NONE', #6028, #3235, #407, .T. ) ;
#1696 = PLANE ( 'NONE',  #6988 ) ;
#1697 = AXIS2_PLACEMENT_3D ( 'NONE', #3929, #555, #5120 ) ;
#1698 = ORIENTED_EDGE ( 'NONE', *, *, #3531, .T. ) ;
#1699 = VECTOR ( 'NONE', #3143, 1000.000000000000000 ) ;
#1700 = ORIENTED_EDGE ( 'NONE', *, *, #6711, .F. ) ;
#1701 = ORIENTED_EDGE ( 'NONE', *, *, #3010, .F. ) ;
#1702 = CARTESIAN_POINT ( 'NONE',  ( 27.50000000000000355, -0.6000000000000000888, -70.59999999999999432 ) ) ;
#1703 = LINE ( 'NONE', #5675, #6827 ) ;
#1704 = LINE ( 'NONE', #6194, #2033 ) ;
#1705 = PERSON_AND_ORGANIZATION ( #4543, #3788 ) ;
#1706 = EDGE_CURVE ( 'NONE', #1954, #6152, #3628, .T. ) ;
#1707 = CARTESIAN_POINT ( 'NONE',  ( 26.79999999999999005, 0.000000000000000000, -68.90000000000001990 ) ) ;
#1708 = CARTESIAN_POINT ( 'NONE',  ( 33.70000000000000284, -1.500000000000000000, -6.000000000000028422 ) ) ;
#1709 = ORIENTED_EDGE ( 'NONE', *, *, #3246, .F. ) ;
#1710 = VERTEX_POINT ( 'NONE', #3075 ) ;
#1711 = LINE ( 'NONE', #608, #2540 ) ;
#1712 = FACE_OUTER_BOUND ( 'NONE', #2893, .T. ) ;
#1713 = CARTESIAN_POINT ( 'NONE',  ( 6.000000000000031086, -2.299999999999999822, -41.29999999999999716 ) ) ;
#1714 = CARTESIAN_POINT ( 'NONE',  ( 2.000000000000000888, -1.500000000000000000, -6.000000000000026645 ) ) ;
#1715 = ORIENTED_EDGE ( 'NONE', *, *, #248, .F. ) ;
#1716 = ORIENTED_EDGE ( 'NONE', *, *, #5880, .F. ) ;
#1717 = EDGE_CURVE ( 'NONE', #547, #2634, #2280, .T. ) ;
#1718 = EDGE_CURVE ( 'NONE', #3961, #5375, #5411, .T. ) ;
#1719 = CARTESIAN_POINT ( 'NONE',  ( 25.59999999999998010, -0.1000000000000000056, -63.34999999999998721 ) ) ;
#1720 = PLANE ( 'NONE',  #1017 ) ;
#1721 = ORIENTED_EDGE ( 'NONE', *, *, #2041, .T. ) ;
#1722 = ORIENTED_EDGE ( 'NONE', *, *, #7026, .T. ) ;
#1723 = VECTOR ( 'NONE', #7231, 1000.000000000000000 ) ;
#1724 = DIRECTION ( 'NONE',  ( 1.000000000000000000, -0.000000000000000000, 1.541976423090507466E-14 ) ) ;
#1725 = CARTESIAN_POINT ( 'NONE',  ( 32.50000000000000000, -0.5000000000000000000, -70.59999999999998010 ) ) ;
#1726 = CARTESIAN_POINT ( 'NONE',  ( 29.04999999999998650, -0.3000000000000000444, -70.90000000000001990 ) ) ;
#1727 = DIRECTION ( 'NONE',  ( 1.000000000000000000, 0.000000000000000000, 0.000000000000000000 ) ) ;
#1728 = CARTESIAN_POINT ( 'NONE',  ( 49.69999999999999574, -0.2999999999999999889, -54.09999999999998010 ) ) ;
#1729 = CARTESIAN_POINT ( 'NONE',  ( 27.69999999999999574, -0.2000000000000000111, -58.55000000000001847 ) ) ;
#1730 = EDGE_CURVE ( 'NONE', #5037, #4362, #4854, .T. ) ;
#1731 = AXIS2_PLACEMENT_3D ( 'NONE', #272, #6434, #5874 ) ;
#1732 = DIRECTION ( 'NONE',  ( 0.000000000000000000, 0.000000000000000000, 1.000000000000000000 ) ) ;
#1733 = ORIENTED_EDGE ( 'NONE', *, *, #4243, .F. ) ;
#1734 = ORIENTED_EDGE ( 'NONE', *, *, #1288, .F. ) ;
#1735 = VECTOR ( 'NONE', #3118, 1000.000000000000000 ) ;
#1736 = CARTESIAN_POINT ( 'NONE',  ( 10.00000000000001243, -0.3999999999999999667, -56.09999999999999432 ) ) ;
#1737 = CARTESIAN_POINT ( 'NONE',  ( 28.74999999999998579, 0.000000000000000000, -68.90000000000001990 ) ) ;
#1738 = CARTESIAN_POINT ( 'NONE',  ( 2.000000000000001776, 1.500000000000000444, -6.999999999999999112 ) ) ;
#1739 = COORDINATED_UNIVERSAL_TIME_OFFSET ( 8, 0, .AHEAD. ) ;
#1740 = FACE_OUTER_BOUND ( 'NONE', #2733, .T. ) ;
#1741 = CARTESIAN_POINT ( 'NONE',  ( 28.99999999999998934, -0.1000000000000000056, -70.90000000000001990 ) ) ;
#1742 = ORIENTED_EDGE ( 'NONE', *, *, #620, .T. ) ;
#1743 = VECTOR ( 'NONE', #1354, 1000.000000000000000 ) ;
#1744 = EDGE_CURVE ( 'NONE', #1196, #3961, #6239, .T. ) ;
#1745 = EDGE_LOOP ( 'NONE', ( #2902, #652, #4077, #2357 ) ) ;
#1746 = DIRECTION ( 'NONE',  ( -0.000000000000000000, 1.000000000000000000, -0.000000000000000000 ) ) ;
#1747 = CLOSED_SHELL ( 'NONE', ( #2737, #2057, #2018, #3867, #1554, #4924 ) ) ;
#1748 = LINE ( 'NONE', #2826, #6324 ) ;
#1749 = DIRECTION ( 'NONE',  ( 0.000000000000000000, 0.000000000000000000, -1.000000000000000000 ) ) ;
#1750 = CIRCLE ( 'NONE', #4695, 1.000000000000000888 ) ;
#1751 = DIRECTION ( 'NONE',  ( -1.000000000000000000, -0.000000000000000000, -0.000000000000000000 ) ) ;
#1752 = ORIENTED_EDGE ( 'NONE', *, *, #2538, .F. ) ;
#1753 = ORIENTED_EDGE ( 'NONE', *, *, #3654, .T. ) ;
#1754 = VECTOR ( 'NONE', #4859, 1000.000000000000000 ) ;
#1755 = DIRECTION ( 'NONE',  ( -0.000000000000000000, -1.000000000000000000, -0.000000000000000000 ) ) ;
#1756 = CARTESIAN_POINT ( 'NONE',  ( 24.39999999999998792, -0.1000000000000000056, -65.50000000000001421 ) ) ;
#1757 = ORIENTED_EDGE ( 'NONE', *, *, #5224, .F. ) ;
#1758 = ORIENTED_EDGE ( 'NONE', *, *, #493, .F. ) ;
#1759 = DIRECTION ( 'NONE',  ( 0.000000000000000000, 0.000000000000000000, -1.000000000000000000 ) ) ;
#1760 = CARTESIAN_POINT ( 'NONE',  ( 48.55000000000000426, -0.7999999999999999334, -48.94999999999999574 ) ) ;
#1761 = CARTESIAN_POINT ( 'NONE',  ( 28.74999999999998579, 0.000000000000000000, -68.90000000000001990 ) ) ;
#1762 = DIRECTION ( 'NONE',  ( -1.734723475976805517E-15, -0.000000000000000000, -1.000000000000000000 ) ) ;
#1763 = CARTESIAN_POINT ( 'NONE',  ( 28.59999999999998010, 0.1000000000000000056, -63.34999999999998721 ) ) ;
#1764 = EDGE_CURVE ( 'NONE', #7016, #1281, #1084, .T. ) ;
#1765 = CARTESIAN_POINT ( 'NONE',  ( 49.69999999999999574, -0.3999999999999999667, -54.09999999999998010 ) ) ;
#1766 = VECTOR ( 'NONE', #3092, 1000.000000000000000 ) ;
#1767 = EDGE_CURVE ( 'NONE', #2522, #406, #6088, .T. ) ;
#1768 = DIRECTION ( 'NONE',  ( 0.000000000000000000, -0.000000000000000000, -1.000000000000000000 ) ) ;
#1769 = ORIENTED_EDGE ( 'NONE', *, *, #5759, .T. ) ;
#1770 = ORIENTED_EDGE ( 'NONE', *, *, #6075, .T. ) ;
#1771 = AXIS2_PLACEMENT_3D ( 'NONE', #5131, #1783, #4701 ) ;
#1772 = ADVANCED_FACE ( 'NONE', ( #5643 ), #3296, .F. ) ;
#1773 = CARTESIAN_POINT ( 'NONE',  ( 28.00000000000000711, -0.2999999999999999889, -71.09999999999999432 ) ) ;
#1774 = CARTESIAN_POINT ( 'NONE',  ( 32.00000000000000000, -0.5000000000000000000, -71.09999999999998010 ) ) ;
#1775 = APPROVAL_ROLE ( '' ) ;
#1776 = DIRECTION ( 'NONE',  ( 0.000000000000000000, 0.000000000000000000, -1.000000000000000000 ) ) ;
#1777 = CARTESIAN_POINT ( 'NONE',  ( 2.000000000000001332, 0.000000000000000000, -6.000000000000027534 ) ) ;
#1778 = ORIENTED_EDGE ( 'NONE', *, *, #1060, .T. ) ;
#1779 = ORIENTED_EDGE ( 'NONE', *, *, #1344, .F. ) ;
#1780 = FACE_OUTER_BOUND ( 'NONE', #5429, .T. ) ;
#1781 = DIRECTION ( 'NONE',  ( 1.000000000000000000, 0.000000000000000000, 0.000000000000000000 ) ) ;
#1782 = DIRECTION ( 'NONE',  ( 1.000000000000000000, 0.000000000000000000, 0.000000000000000000 ) ) ;
#1783 = DIRECTION ( 'NONE',  ( 0.000000000000000000, -1.000000000000000000, 0.000000000000000000 ) ) ;
#1784 = EDGE_CURVE ( 'NONE', #2206, #2204, #1711, .T. ) ;
#1785 = ORIENTED_EDGE ( 'NONE', *, *, #5495, .F. ) ;
#1786 = ORIENTED_EDGE ( 'NONE', *, *, #6023, .F. ) ;
#1787 = CARTESIAN_POINT ( 'NONE',  ( 29.03000000000001180, -0.2999999999999999889, -69.09999999999999432 ) ) ;
#1788 = LINE ( 'NONE', #122, #3735 ) ;
#1789 = EDGE_CURVE ( 'NONE', #3129, #6461, #1160, .T. ) ;
#1790 = ORIENTED_EDGE ( 'NONE', *, *, #2006, .F. ) ;
#1791 = CARTESIAN_POINT ( 'NONE',  ( 28.73000000000000753, -0.3999999999999999667, -71.09999999999999432 ) ) ;
#1792 = PLANE ( 'NONE',  #1836 ) ;
#1793 = DIRECTION ( 'NONE',  ( -1.000000000000000000, -0.000000000000000000, -0.000000000000000000 ) ) ;
#1794 = CARTESIAN_POINT ( 'NONE',  ( 47.55000000000000426, -0.7999999999999999334, -48.94999999999999574 ) ) ;
#1795 = CARTESIAN_POINT ( 'NONE',  ( 2.000000000000006217, -1.500000000000000000, -37.29999999999996874 ) ) ;
#1796 = CARTESIAN_POINT ( 'NONE',  ( 31.99999999999999289, -0.5000000000000000000, -67.59999999999998010 ) ) ;
#1797 = VERTEX_POINT ( 'NONE', #2824 ) ;
#1798 = VERTEX_POINT ( 'NONE', #4414 ) ;
#1799 = ORIENTED_EDGE ( 'NONE', *, *, #2873, .T. ) ;
#1800 = CC_DESIGN_PERSON_AND_ORGANIZATION_ASSIGNMENT ( #2398, #3408, ( #2836 ) ) ;
#1801 = EDGE_CURVE ( 'NONE', #4362, #4771, #523, .T. ) ;
#1802 = ADVANCED_FACE ( 'NONE', ( #1121 ), #3371, .F. ) ;
#1803 = CARTESIAN_POINT ( 'NONE',  ( 0.000000000000000000, 0.5000000000000000000, -36.60000000000000142 ) ) ;
#1804 = DIRECTION ( 'NONE',  ( 4.956352788505149463E-16, 0.000000000000000000, 1.000000000000000000 ) ) ;
#1805 = DIRECTION ( 'NONE',  ( 0.000000000000000000, 0.000000000000000000, 1.000000000000000000 ) ) ;
#1806 = CIRCLE ( 'NONE', #2994, 0.5000000000000004441 ) ;
#1807 = COORDINATED_UNIVERSAL_TIME_OFFSET ( 8, 0, .AHEAD. ) ;
#1808 = CARTESIAN_POINT ( 'NONE',  ( 0.000000000000000000, 0.1000000000000000056, 0.000000000000000000 ) ) ;
#1809 = CARTESIAN_POINT ( 'NONE',  ( 29.49999999999999289, -0.2000000000000000111, -67.90000000000001990 ) ) ;
#1810 = EDGE_CURVE ( 'NONE', #5106, #5474, #6128, .T. ) ;
#1811 = VERTEX_POINT ( 'NONE', #2261 ) ;
#1812 = AXIS2_PLACEMENT_3D ( 'NONE', #2746, #2262, #2146 ) ;
#1813 = ORIENTED_EDGE ( 'NONE', *, *, #3020, .T. ) ;
#1814 = CARTESIAN_POINT ( 'NONE',  ( 30.19000000000000838, -0.2999999999999999889, -69.09999999999999432 ) ) ;
#1815 = LINE ( 'NONE', #7005, #5359 ) ;
#1816 = DIRECTION ( 'NONE',  ( -1.000000000000000000, 0.000000000000000000, 0.000000000000000000 ) ) ;
#1817 = LINE ( 'NONE', #6349, #4706 ) ;
#1818 = EDGE_CURVE ( 'NONE', #7164, #4712, #5094, .T. ) ;
#1819 = ORIENTED_EDGE ( 'NONE', *, *, #5789, .F. ) ;
#1820 = VERTEX_POINT ( 'NONE', #5568 ) ;
#1821 = DIRECTION ( 'NONE',  ( -0.000000000000000000, -1.000000000000000000, -0.000000000000000000 ) ) ;
#1822 = DIRECTION ( 'NONE',  ( 0.000000000000000000, -1.000000000000000000, 0.000000000000000000 ) ) ;
#1823 = ORIENTED_EDGE ( 'NONE', *, *, #6176, .T. ) ;
#1824 = ADVANCED_FACE ( 'NONE', ( #485, #2104 ), #3257, .T. ) ;
#1825 = DIRECTION ( 'NONE',  ( 0.000000000000000000, 0.000000000000000000, -1.000000000000000000 ) ) ;
#1826 = CARTESIAN_POINT ( 'NONE',  ( 6.000000000000031974, 0.000000000000000000, -41.29999999999999716 ) ) ;
#1827 = FACE_OUTER_BOUND ( 'NONE', #2320, .T. ) ;
#1828 = DIRECTION ( 'NONE',  ( 0.000000000000000000, 0.000000000000000000, 1.000000000000000000 ) ) ;
#1829 = CARTESIAN_POINT ( 'NONE',  ( 28.00000000000000711, -0.5000000000000000000, -71.09999999999999432 ) ) ;
#1830 = ORIENTED_EDGE ( 'NONE', *, *, #596, .T. ) ;
#1831 = EDGE_LOOP ( 'NONE', ( #1358, #2078, #2464, #3799 ) ) ;
#1832 = DIRECTION ( 'NONE',  ( 0.000000000000000000, 0.000000000000000000, 1.000000000000000000 ) ) ;
#1833 = CARTESIAN_POINT ( 'NONE',  ( 12.00000000000000533, -0.5000000000000000000, -44.29999999999999716 ) ) ;
#1834 = PLANE ( 'NONE',  #5866 ) ;
#1835 = AXIS2_PLACEMENT_3D ( 'NONE', #6119, #5084, #2253 ) ;
#1836 = AXIS2_PLACEMENT_3D ( 'NONE', #124, #2382, #2457 ) ;
#1837 = CARTESIAN_POINT ( 'NONE',  ( 33.70000000000000995, -2.299999999999999822, -37.29999999999999716 ) ) ;
#1838 = DATE_AND_TIME ( #4657, #4960 ) ;
#1839 = CARTESIAN_POINT ( 'NONE',  ( 0.000000000000000000, -0.5999999999999999778, -52.74999999999999289 ) ) ;
#1840 = CARTESIAN_POINT ( 'NONE',  ( 24.49999999999997868, -0.2000000000000000111, -51.90000000000000568 ) ) ;
#1841 = EDGE_CURVE ( 'NONE', #2390, #7037, #2223, .T. ) ;
#1842 = VERTEX_POINT ( 'NONE', #4378 ) ;
#1843 = AXIS2_PLACEMENT_3D ( 'NONE', #3829, #1529, #2898 ) ;
#1844 = AXIS2_PLACEMENT_3D ( 'NONE', #3043, #6359, #5240 ) ;
#1845 = ORIENTED_EDGE ( 'NONE', *, *, #2566, .F. ) ;
#1846 = PLANE ( 'NONE',  #186 ) ;
#1847 = DIRECTION ( 'NONE',  ( -1.156482317317870344E-15, -0.000000000000000000, 1.000000000000000000 ) ) ;
#1848 = DIRECTION ( 'NONE',  ( -0.000000000000000000, 1.000000000000000000, 0.000000000000000000 ) ) ;
#1849 = CIRCLE ( 'NONE', #4686, 0.5000000000000004441 ) ;
#1850 = DIRECTION ( 'NONE',  ( -1.000000000000000000, 0.000000000000000000, -0.000000000000000000 ) ) ;
#1851 = EDGE_CURVE ( 'NONE', #841, #204, #5528, .T. ) ;
#1852 = VECTOR ( 'NONE', #5483, 1000.000000000000000 ) ;
#1853 = ORIENTED_EDGE ( 'NONE', *, *, #2835, .T. ) ;
#1854 = ORIENTED_EDGE ( 'NONE', *, *, #2041, .F. ) ;
#1855 = AXIS2_PLACEMENT_3D ( 'NONE', #4511, #6852, #1759 ) ;
#1856 = EDGE_CURVE ( 'NONE', #3562, #2206, #3973, .T. ) ;
#1857 = AXIS2_PLACEMENT_3D ( 'NONE', #5876, #4616, #4167 ) ;
#1858 = DIRECTION ( 'NONE',  ( 0.000000000000000000, 0.000000000000000000, 1.000000000000000000 ) ) ;
#1859 = CARTESIAN_POINT ( 'NONE',  ( 0.000000000000000000, -0.3999999999999999667, -44.89999999999999858 ) ) ;
#1860 = VECTOR ( 'NONE', #1359, 1000.000000000000000 ) ;
#1861 = ORIENTED_EDGE ( 'NONE', *, *, #259, .T. ) ;
#1862 = AXIS2_PLACEMENT_3D ( 'NONE', #1729, #1142, #3997 ) ;
#1863 = ORIENTED_EDGE ( 'NONE', *, *, #3617, .T. ) ;
#1864 = LINE ( 'NONE', #5314, #5762 ) ;
#1865 = VECTOR ( 'NONE', #2765, 1000.000000000000000 ) ;
#1866 = LINE ( 'NONE', #5701, #2916 ) ;
#1867 = LINE ( 'NONE', #2460, #2115 ) ;
#1868 = DIRECTION ( 'NONE',  ( 0.000000000000000000, 0.000000000000000000, 1.000000000000000000 ) ) ;
#1869 = CARTESIAN_POINT ( 'NONE',  ( 24.39999999999998792, -0.1000000000000000056, -58.89999999999999147 ) ) ;
#1870 = ADVANCED_FACE ( 'NONE', ( #5050 ), #7318, .F. ) ;
#1871 = VERTEX_POINT ( 'NONE', #562 ) ;
#1872 = ORIENTED_EDGE ( 'NONE', *, *, #5719, .T. ) ;
#1873 = VECTOR ( 'NONE', #7300, 1000.000000000000000 ) ;
#1874 = CARTESIAN_POINT ( 'NONE',  ( 0.8696805494382842117, 1.244639535854047407, -36.60000000000000142 ) ) ;
#1875 = FACE_OUTER_BOUND ( 'NONE', #6471, .T. ) ;
#1876 = AXIS2_PLACEMENT_3D ( 'NONE', #1598, #3373, #525 ) ;
#1877 = FACE_OUTER_BOUND ( 'NONE', #144, .T. ) ;
#1878 = CARTESIAN_POINT ( 'NONE',  ( 32.80050506338833571, 0.5000000000000000000, -1.591014277833488947E-14 ) ) ;
#1879 = LINE ( 'NONE', #3482, #316 ) ;
#1880 = CARTESIAN_POINT ( 'NONE',  ( 33.70000000000000284, 0.000000000000000000, -6.000000000000028422 ) ) ;
#1881 = EDGE_CURVE ( 'NONE', #4074, #5979, #5683, .T. ) ;
#1882 = VERTEX_POINT ( 'NONE', #741 ) ;
#1883 = AXIS2_PLACEMENT_3D ( 'NONE', #6296, #2200, #5145 ) ;
#1884 = ORIENTED_EDGE ( 'NONE', *, *, #6854, .T. ) ;
#1885 = DIRECTION ( 'NONE',  ( 0.000000000000000000, -0.000000000000000000, 1.000000000000000000 ) ) ;
#1886 = VECTOR ( 'NONE', #880, 1000.000000000000000 ) ;
#1887 = DIRECTION ( 'NONE',  ( -1.000000000000000000, 0.000000000000000000, 3.659754168727450359E-17 ) ) ;
#1888 = FACE_OUTER_BOUND ( 'NONE', #4342, .T. ) ;
#1889 = FACE_OUTER_BOUND ( 'NONE', #3182, .T. ) ;
#1890 = ORIENTED_EDGE ( 'NONE', *, *, #3107, .F. ) ;
#1891 = CIRCLE ( 'NONE', #5090, 1.000000000000000888 ) ;
#1892 = EDGE_CURVE ( 'NONE', #2976, #5457, #5858, .T. ) ;
#1893 = ADVANCED_FACE ( 'NONE', ( #1327 ), #4047, .T. ) ;
#1894 = EDGE_CURVE ( 'NONE', #7343, #3705, #2406, .T. ) ;
#1895 = CARTESIAN_POINT ( 'NONE',  ( 11.90000000000000568, -0.3999999999999999667, -48.39999999999999858 ) ) ;
#1896 = LINE ( 'NONE', #6395, #6944 ) ;
#1897 = LINE ( 'NONE', #3044, #6257 ) ;
#1898 = ORIENTED_EDGE ( 'NONE', *, *, #2757, .F. ) ;
#1899 = ADVANCED_FACE ( 'NONE', ( #1197 ), #4151, .T. ) ;
#1900 = CARTESIAN_POINT ( 'NONE',  ( 0.000000000000000000, 0.5000000000000000000, -6.999999999999999112 ) ) ;
#1901 = LINE ( 'NONE', #1934, #74 ) ;
#1902 = LINE ( 'NONE', #5913, #3267 ) ;
#1903 = DIRECTION ( 'NONE',  ( 0.000000000000000000, -1.000000000000000000, 0.000000000000000000 ) ) ;
#1904 = ORIENTED_EDGE ( 'NONE', *, *, #3632, .T. ) ;
#1905 = ORIENTED_EDGE ( 'NONE', *, *, #1744, .F. ) ;
#1906 = PLANE ( 'NONE',  #4269 ) ;
#1907 = DIRECTION ( 'NONE',  ( -0.000000000000000000, -1.000000000000000000, -0.000000000000000000 ) ) ;
#1908 = ADVANCED_FACE ( 'NONE', ( #6872 ), #3031, .F. ) ;
#1909 = DIRECTION ( 'NONE',  ( 0.000000000000000000, 1.000000000000000000, 0.000000000000000000 ) ) ;
#1910 = DIRECTION ( 'NONE',  ( -0.000000000000000000, -0.000000000000000000, 1.000000000000000000 ) ) ;
#1911 = FACE_OUTER_BOUND ( 'NONE', #819, .T. ) ;
#1912 = CARTESIAN_POINT ( 'NONE',  ( 0.000000000000000000, -0.5999999999999999778, -48.94999999999999574 ) ) ;
#1913 = ORIENTED_EDGE ( 'NONE', *, *, #1979, .T. ) ;
#1914 = VERTEX_POINT ( 'NONE', #5754 ) ;
#1915 = LINE ( 'NONE', #6041, #1493 ) ;
#1916 = VECTOR ( 'NONE', #878, 1000.000000000000000 ) ;
#1917 = EDGE_CURVE ( 'NONE', #7226, #5915, #2438, .T. ) ;
#1918 = FACE_OUTER_BOUND ( 'NONE', #1921, .T. ) ;
#1919 = CARTESIAN_POINT ( 'NONE',  ( 24.99999999999998579, -0.2000000000000000111, -70.90000000000001990 ) ) ;
#1920 = LINE ( 'NONE', #1362, #712 ) ;
#1921 = EDGE_LOOP ( 'NONE', ( #3844, #178, #1996, #28, #1785, #4926, #6778, #6699, #789, #6040, #1861, #2734, #6062, #6492, #4403, #5604, #2292, #1271, #6646, #5151, #3038, #1331, #707, #1206, #817, #4518, #2546, #6822, #3157, #5870, #2496, #5728, #3321, #4832, #6486 ) ) ;
#1922 = VECTOR ( 'NONE', #3258, 1000.000000000000000 ) ;
#1923 = VECTOR ( 'NONE', #4157, 1000.000000000000000 ) ;
#1924 = VERTEX_POINT ( 'NONE', #4114 ) ;
#1925 = CARTESIAN_POINT ( 'NONE',  ( 30.19000000000000838, -0.2999999999999999889, -71.09999999999999432 ) ) ;
#1926 = FACE_OUTER_BOUND ( 'NONE', #3189, .T. ) ;
#1927 = LINE ( 'NONE', #4231, #2697 ) ;
#1928 = EDGE_CURVE ( 'NONE', #7128, #7325, #41, .T. ) ;
#1929 = ORIENTED_EDGE ( 'NONE', *, *, #3343, .T. ) ;
#1930 = EDGE_LOOP ( 'NONE', ( #7282, #414, #6423, #6773 ) ) ;
#1931 = ORIENTED_EDGE ( 'NONE', *, *, #3843, .T. ) ;
#1932 = ADVANCED_FACE ( 'NONE', ( #1780 ), #1846, .F. ) ;
#1933 = LINE ( 'NONE', #689, #1250 ) ;
#1934 = CARTESIAN_POINT ( 'NONE',  ( 28.00000000000000711, -0.2999999999999999889, -71.09999999999999432 ) ) ;
#1935 = DIRECTION ( 'NONE',  ( -0.000000000000000000, 1.000000000000000000, -0.000000000000000000 ) ) ;
#1936 = DIRECTION ( 'NONE',  ( 0.000000000000000000, -0.000000000000000000, 1.000000000000000000 ) ) ;
#1937 = ORIENTED_EDGE ( 'NONE', *, *, #3095, .T. ) ;
#1938 = VERTEX_POINT ( 'NONE', #4663 ) ;
#1939 = DIRECTION ( 'NONE',  ( -0.000000000000000000, 1.000000000000000000, 0.000000000000000000 ) ) ;
#1940 = CARTESIAN_POINT ( 'NONE',  ( 7.000000000000000000, 1.500000000000000000, -43.60000000000000142 ) ) ;
#1941 = ADVANCED_FACE ( 'NONE', ( #6970 ), #710, .T. ) ;
#1942 = DIRECTION ( 'NONE',  ( 0.000000000000000000, 1.000000000000000000, 0.000000000000000000 ) ) ;
#1943 = LINE ( 'NONE', #3551, #4246 ) ;
#1944 = PLANE ( 'NONE',  #3877 ) ;
#1945 = CARTESIAN_POINT ( 'NONE',  ( 0.000000000000000000, 0.5000000000000000000, -6.999999999999999112 ) ) ;
#1946 = EDGE_LOOP ( 'NONE', ( #6722, #1504, #4823, #2003 ) ) ;
#1947 = VECTOR ( 'NONE', #6033, 1000.000000000000000 ) ;
#1948 = VECTOR ( 'NONE', #4599, 1000.000000000000000 ) ;
#1949 = ORIENTED_EDGE ( 'NONE', *, *, #4039, .F. ) ;
#1950 = CYLINDRICAL_SURFACE ( 'NONE', #7319, 1.000000000000000888 ) ;
#1951 = DIRECTION ( 'NONE',  ( 1.385561881770615394E-16, 0.000000000000000000, -1.000000000000000000 ) ) ;
#1952 = CARTESIAN_POINT ( 'NONE',  ( 0.000000000000000000, -0.3000000000000000444, 0.000000000000000000 ) ) ;
#1953 = CARTESIAN_POINT ( 'NONE',  ( 33.70000000000000284, -0.1000000000000000056, -6.000000000000028422 ) ) ;
#1954 = VERTEX_POINT ( 'NONE', #1814 ) ;
#1955 = VECTOR ( 'NONE', #2007, 1000.000000000000000 ) ;
#1956 = AXIS2_PLACEMENT_3D ( 'NONE', #1448, #6019, #3709 ) ;
#1957 = ADVANCED_FACE ( 'NONE', ( #6934 ), #6277, .T. ) ;
#1958 = ORIENTED_EDGE ( 'NONE', *, *, #5932, .T. ) ;
#1959 = CARTESIAN_POINT ( 'NONE',  ( 0.000000000000000000, -0.5000000000000000000, -53.29999999999997584 ) ) ;
#1960 = AXIS2_PLACEMENT_3D ( 'NONE', #6030, #3800, #352 ) ;
#1961 = CARTESIAN_POINT ( 'NONE',  ( 24.49999999999998579, -0.1000000000000000056, -70.40000000000001990 ) ) ;
#1962 = CARTESIAN_POINT ( 'NONE',  ( 32.20000000000000284, -0.3999999999999999667, -54.59999999999998010 ) ) ;
#1963 = CARTESIAN_POINT ( 'NONE',  ( 25.09999999999998010, -0.1000000000000000056, -64.84999999999999432 ) ) ;
#1964 = VECTOR ( 'NONE', #1208, 1000.000000000000000 ) ;
#1965 = EDGE_LOOP ( 'NONE', ( #3896, #1545, #445, #2186 ) ) ;
#1966 = ORIENTED_EDGE ( 'NONE', *, *, #169, .T. ) ;
#1967 = ORIENTED_EDGE ( 'NONE', *, *, #3909, .F. ) ;
#1968 = AXIS2_PLACEMENT_3D ( 'NONE', #1468, #6527, #6043 ) ;
#1969 = CYLINDRICAL_SURFACE ( 'NONE', #2429, 3.999999999999996447 ) ;
#1970 = VECTOR ( 'NONE', #1724, 1000.000000000000000 ) ;
#1971 = DIRECTION ( 'NONE',  ( -1.734723475976805517E-15, -0.000000000000000000, -1.000000000000000000 ) ) ;
#1972 = CARTESIAN_POINT ( 'NONE',  ( 6.000000000000029310, 0.000000000000000000, -2.000000000000000000 ) ) ;
#1973 = VECTOR ( 'NONE', #3472, 1000.000000000000000 ) ;
#1974 = ORIENTED_EDGE ( 'NONE', *, *, #723, .F. ) ;
#1975 = VERTEX_POINT ( 'NONE', #4014 ) ;
#1976 = VECTOR ( 'NONE', #2277, 1000.000000000000000 ) ;
#1977 = CARTESIAN_POINT ( 'NONE',  ( 2.000000000000001776, 1.500000000000000666, -39.52893218813452592 ) ) ;
#1978 = DIRECTION ( 'NONE',  ( 0.000000000000000000, 0.000000000000000000, 1.000000000000000000 ) ) ;
#1979 = EDGE_CURVE ( 'NONE', #1710, #4138, #6383, .T. ) ;
#1980 = CARTESIAN_POINT ( 'NONE',  ( 27.99999999999998579, 0.000000000000000000, -70.90000000000001990 ) ) ;
#1981 = EDGE_CURVE ( 'NONE', #6208, #2299, #3587, .T. ) ;
#1982 = CARTESIAN_POINT ( 'NONE',  ( 25.74999999999998934, 0.000000000000000000, -70.90000000000001990 ) ) ;
#1983 = CARTESIAN_POINT ( 'NONE',  ( 24.99999999999999645, -0.3999999999999999667, -47.59999999999998721 ) ) ;
#1984 = CARTESIAN_POINT ( 'NONE',  ( 28.74999999999998579, -0.3000000000000000444, -68.90000000000001990 ) ) ;
#1985 = ORIENTED_EDGE ( 'NONE', *, *, #6097, .F. ) ;
#1986 = EDGE_CURVE ( 'NONE', #362, #5011, #4078, .T. ) ;
#1987 = ORIENTED_EDGE ( 'NONE', *, *, #99, .F. ) ;
#1988 = EDGE_LOOP ( 'NONE', ( #891, #3898, #1339, #471 ) ) ;
#1989 = LINE ( 'NONE', #4219, #4110 ) ;
#1990 = DIRECTION ( 'NONE',  ( -0.000000000000000000, 1.000000000000000000, 0.000000000000000000 ) ) ;
#1991 = LINE ( 'NONE', #996, #5060 ) ;
#1992 = DIRECTION ( 'NONE',  ( 0.000000000000000000, 0.000000000000000000, -1.000000000000000000 ) ) ;
#1993 = VECTOR ( 'NONE', #6206, 1000.000000000000000 ) ;
#1994 = ORIENTED_EDGE ( 'NONE', *, *, #5930, .F. ) ;
#1995 = AXIS2_PLACEMENT_3D ( 'NONE', #6602, #4291, #2624 ) ;
#1996 = ORIENTED_EDGE ( 'NONE', *, *, #2414, .T. ) ;
#1997 = CARTESIAN_POINT ( 'NONE',  ( 7.000000000000000000, 0.000000000000000000, -36.60000000000000142 ) ) ;
#1998 = CARTESIAN_POINT ( 'NONE',  ( 28.19999999999999218, -0.1000000000000000056, -67.40000000000001990 ) ) ;
#1999 = CYLINDRICAL_SURFACE ( 'NONE', #3172, 0.5000000000000004441 ) ;
#2000 = EDGE_CURVE ( 'NONE', #7218, #4350, #1258, .T. ) ;
#2001 = LINE ( 'NONE', #1441, #1754 ) ;
#2002 = VECTOR ( 'NONE', #546, 1000.000000000000000 ) ;
#2003 = ORIENTED_EDGE ( 'NONE', *, *, #1307, .T. ) ;
#2004 = ORIENTED_EDGE ( 'NONE', *, *, #2240, .F. ) ;
#2005 = DIRECTION ( 'NONE',  ( 0.000000000000000000, 0.000000000000000000, -1.000000000000000000 ) ) ;
#2006 = EDGE_CURVE ( 'NONE', #2142, #1975, #5721, .T. ) ;
#2007 = DIRECTION ( 'NONE',  ( -0.000000000000000000, -0.000000000000000000, 1.000000000000000000 ) ) ;
#2008 = DIRECTION ( 'NONE',  ( -0.000000000000000000, 1.000000000000000000, 0.000000000000000000 ) ) ;
#2009 = ORIENTED_EDGE ( 'NONE', *, *, #6505, .T. ) ;
#2010 = ORIENTED_EDGE ( 'NONE', *, *, #3808, .T. ) ;
#2011 = CARTESIAN_POINT ( 'NONE',  ( 28.00000000000000711, -0.2999999999999999889, -69.09999999999999432 ) ) ;
#2012 = LINE ( 'NONE', #5546, #3385 ) ;
#2013 = CARTESIAN_POINT ( 'NONE',  ( 27.69999999999999574, -0.2000000000000000111, -58.55000000000001847 ) ) ;
#2014 = DIRECTION ( 'NONE',  ( 1.000000000000000000, -0.000000000000000000, 0.000000000000000000 ) ) ;
#2015 = LINE ( 'NONE', #5471, #5187 ) ;
#2016 = LINE ( 'NONE', #6517, #3067 ) ;
#2017 = EDGE_LOOP ( 'NONE', ( #2069, #4891, #7127, #4669, #5933, #249, #1624, #6742 ) ) ;
#2018 = ADVANCED_FACE ( 'NONE', ( #5795 ), #1792, .F. ) ;
#2019 = ORIENTED_EDGE ( 'NONE', *, *, #43, .T. ) ;
#2020 = EDGE_CURVE ( 'NONE', #3306, #4609, #1864, .T. ) ;
#2021 = VERTEX_POINT ( 'NONE', #2948 ) ;
#2022 = CARTESIAN_POINT ( 'NONE',  ( 25.74999999999998934, -0.3000000000000000444, -68.90000000000001990 ) ) ;
#2023 = LINE ( 'NONE', #4327, #7135 ) ;
#2024 = DIRECTION ( 'NONE',  ( 1.000000000000000000, 0.000000000000000000, 0.000000000000000000 ) ) ;
#2025 = LINE ( 'NONE', #4330, #6396 ) ;
#2026 = ORIENTED_EDGE ( 'NONE', *, *, #3426, .T. ) ;
#2027 = ORIENTED_EDGE ( 'NONE', *, *, #1433, .F. ) ;
#2028 = DIRECTION ( 'NONE',  ( 0.000000000000000000, 0.000000000000000000, 1.000000000000000000 ) ) ;
#2029 = CARTESIAN_POINT ( 'NONE',  ( 28.99999999999998934, -0.2000000000000000111, -67.40000000000001990 ) ) ;
#2030 = PLANE ( 'NONE',  #1183 ) ;
#2031 = EDGE_CURVE ( 'NONE', #5553, #709, #4058, .T. ) ;
#2032 = DIRECTION ( 'NONE',  ( -0.000000000000000000, 1.000000000000000000, -0.000000000000000000 ) ) ;
#2033 = VECTOR ( 'NONE', #5676, 1000.000000000000000 ) ;
#2034 = VERTEX_POINT ( 'NONE', #4642 ) ;
#2035 = ORIENTED_EDGE ( 'NONE', *, *, #5279, .F. ) ;
#2036 = ORIENTED_EDGE ( 'NONE', *, *, #469, .T. ) ;
#2037 = LINE ( 'NONE', #5420, #5982 ) ;
#2038 = FACE_OUTER_BOUND ( 'NONE', #6767, .T. ) ;
#2039 = LINE ( 'NONE', #7248, #5059 ) ;
#2040 = ORIENTED_EDGE ( 'NONE', *, *, #5881, .F. ) ;
#2041 = EDGE_CURVE ( 'NONE', #4321, #2124, #6353, .T. ) ;
#2042 = ORIENTED_EDGE ( 'NONE', *, *, #3938, .T. ) ;
#2043 = ORIENTED_EDGE ( 'NONE', *, *, #196, .F. ) ;
#2044 = DIRECTION ( 'NONE',  ( -1.000000000000000000, 0.000000000000000000, -2.891205793294680792E-16 ) ) ;
#2045 = DIRECTION ( 'NONE',  ( -2.891205793294680792E-16, 0.000000000000000000, 1.000000000000000000 ) ) ;
#2046 = DIRECTION ( 'NONE',  ( -0.000000000000000000, -0.000000000000000000, -1.000000000000000000 ) ) ;
#2047 = CARTESIAN_POINT ( 'NONE',  ( 9.000000000000005329, -0.5000000000000000000, -45.09999999999999432 ) ) ;
#2048 = DIRECTION ( 'NONE',  ( 0.000000000000000000, 0.000000000000000000, 1.000000000000000000 ) ) ;
#2049 = FACE_OUTER_BOUND ( 'NONE', #7015, .T. ) ;
#2050 = CARTESIAN_POINT ( 'NONE',  ( 31.95000000000000639, -0.2999999999999999889, -71.09999999999999432 ) ) ;
#2051 = ORIENTED_EDGE ( 'NONE', *, *, #1474, .F. ) ;
#2052 = ORIENTED_EDGE ( 'NONE', *, *, #1594, .T. ) ;
#2053 = ORIENTED_EDGE ( 'NONE', *, *, #5270, .T. ) ;
#2054 = LINE ( 'NONE', #4738, #2810 ) ;
#2055 = DIRECTION ( 'NONE',  ( 0.000000000000000000, 0.000000000000000000, -1.000000000000000000 ) ) ;
#2056 = CARTESIAN_POINT ( 'NONE',  ( 3.000000000000000000, 1.500000000000000000, -33.49999999999995737 ) ) ;
#2057 = ADVANCED_FACE ( 'NONE', ( #5910 ), #5873, .F. ) ;
#2058 = DIRECTION ( 'NONE',  ( -0.000000000000000000, 1.000000000000000000, -0.000000000000000000 ) ) ;
#2059 = ORIENTED_EDGE ( 'NONE', *, *, #1525, .T. ) ;
#2060 = VECTOR ( 'NONE', #2815, 1000.000000000000000 ) ;
#2061 = ORIENTED_EDGE ( 'NONE', *, *, #7043, .T. ) ;
#2062 = DIRECTION ( 'NONE',  ( 0.000000000000000000, 0.000000000000000000, 1.000000000000000000 ) ) ;
#2063 = PLANE ( 'NONE',  #5732 ) ;
#2064 = CARTESIAN_POINT ( 'NONE',  ( 27.54999999999998295, -0.3000000000000000444, -70.90000000000001990 ) ) ;
#2065 = EDGE_CURVE ( 'NONE', #1062, #3596, #7022, .T. ) ;
#2066 = ADVANCED_FACE ( 'NONE', ( #3598 ), #724, .T. ) ;
#2067 = VECTOR ( 'NONE', #1793, 1000.000000000000000 ) ;
#2068 = LINE ( 'NONE', #888, #4946 ) ;
#2069 = ORIENTED_EDGE ( 'NONE', *, *, #4880, .T. ) ;
#2070 = ORIENTED_EDGE ( 'NONE', *, *, #659, .F. ) ;
#2071 = EDGE_CURVE ( 'NONE', #6547, #3814, #3538, .T. ) ;
#2072 = AXIS2_PLACEMENT_3D ( 'NONE', #2120, #5978, #1488 ) ;
#2073 = DIRECTION ( 'NONE',  ( -0.000000000000000000, 1.000000000000000000, 0.000000000000000000 ) ) ;
#2074 = DIRECTION ( 'NONE',  ( 0.000000000000000000, 1.000000000000000000, 0.000000000000000000 ) ) ;
#2075 = FACE_OUTER_BOUND ( 'NONE', #5998, .T. ) ;
#2076 = ORIENTED_EDGE ( 'NONE', *, *, #721, .F. ) ;
#2077 = VECTOR ( 'NONE', #4658, 1000.000000000000000 ) ;
#2078 = ORIENTED_EDGE ( 'NONE', *, *, #2350, .F. ) ;
#2079 = CLOSED_SHELL ( 'NONE', ( #2709, #2133, #168, #112, #893, #4783 ) ) ;
#2080 = ORIENTED_EDGE ( 'NONE', *, *, #4254, .T. ) ;
#2081 = LINE ( 'NONE', #387, #1333 ) ;
#2082 = FACE_OUTER_BOUND ( 'NONE', #5397, .T. ) ;
#2083 = AXIS2_PLACEMENT_3D ( 'NONE', #5508, #6149, #2048 ) ;
#2084 = CARTESIAN_POINT ( 'NONE',  ( 28.73000000000000753, -0.3999999999999999667, -69.09999999999999432 ) ) ;
#2085 = CARTESIAN_POINT ( 'NONE',  ( 28.99999999999998934, -0.2000000000000000111, -70.40000000000001990 ) ) ;
#2086 = DIRECTION ( 'NONE',  ( -0.000000000000000000, 1.000000000000000000, -0.000000000000000000 ) ) ;
#2087 = ADVANCED_FACE ( 'NONE', ( #1238 ), #791, .T. ) ;
#2088 = DIRECTION ( 'NONE',  ( -1.734723475976805517E-15, -0.000000000000000000, -1.000000000000000000 ) ) ;
#2089 = EDGE_CURVE ( 'NONE', #1954, #323, #161, .T. ) ;
#2090 = FACE_OUTER_BOUND ( 'NONE', #3712, .T. ) ;
#2091 = ORIENTED_EDGE ( 'NONE', *, *, #4482, .F. ) ;
#2092 = ORIENTED_EDGE ( 'NONE', *, *, #4292, .F. ) ;
#2093 = AXIS2_PLACEMENT_3D ( 'NONE', #787, #6220, #6749 ) ;
#2094 = ORIENTED_EDGE ( 'NONE', *, *, #7185, .T. ) ;
#2095 = CARTESIAN_POINT ( 'NONE',  ( 26.79999999999999005, -0.3000000000000000444, -68.90000000000001990 ) ) ;
#2096 = DIRECTION ( 'NONE',  ( -0.000000000000000000, -1.000000000000000000, -0.000000000000000000 ) ) ;
#2097 = FACE_OUTER_BOUND ( 'NONE', #331, .T. ) ;
#2098 = ADVANCED_FACE ( 'NONE', ( #6951 ), #5773, .F. ) ;
#2099 = PLANE ( 'NONE',  #2445 ) ;
#2100 = LINE ( 'NONE', #2776, #6161 ) ;
#2101 = ORIENTED_EDGE ( 'NONE', *, *, #7018, .F. ) ;
#2102 = ORIENTED_EDGE ( 'NONE', *, *, #4432, .F. ) ;
#2103 = ORIENTED_EDGE ( 'NONE', *, *, #1810, .F. ) ;
#2104 = FACE_OUTER_BOUND ( 'NONE', #3832, .T. ) ;
#2105 = DIRECTION ( 'NONE',  ( 0.000000000000000000, -0.000000000000000000, -1.000000000000000000 ) ) ;
#2106 = DIRECTION ( 'NONE',  ( 0.000000000000000000, 1.000000000000000000, 0.000000000000000000 ) ) ;
#2107 = VECTOR ( 'NONE', #2106, 1000.000000000000000 ) ;
#2108 = DIRECTION ( 'NONE',  ( -1.000000000000000000, 0.000000000000000000, 0.000000000000000000 ) ) ;
#2109 = ORIENTED_EDGE ( 'NONE', *, *, #5764, .T. ) ;
#2110 = VECTOR ( 'NONE', #4222, 1000.000000000000000 ) ;
#2111 = EDGE_LOOP ( 'NONE', ( #6094, #4906, #2777, #3227 ) ) ;
#2112 = EDGE_LOOP ( 'NONE', ( #1126, #7042, #3247, #2149 ) ) ;
#2113 = CC_DESIGN_PERSON_AND_ORGANIZATION_ASSIGNMENT ( #1705, #5227, ( #2836 ) ) ;
#2114 = EDGE_CURVE ( 'NONE', #5890, #432, #1933, .T. ) ;
#2115 = VECTOR ( 'NONE', #1935, 1000.000000000000000 ) ;
#2116 = ADVANCED_FACE ( 'NONE', ( #3570 ), #5840, .F. ) ;
#2117 = PLANE ( 'NONE',  #6941 ) ;
#2118 = AXIS2_PLACEMENT_3D ( 'NONE', #359, #320, #3723 ) ;
#2119 = DIRECTION ( 'NONE',  ( 1.000000000000000000, 0.000000000000000000, 0.000000000000000000 ) ) ;
#2120 = CARTESIAN_POINT ( 'NONE',  ( 28.09999999999998010, 0.1000000000000000056, -63.34999999999998721 ) ) ;
#2121 = ADVANCED_FACE ( 'NONE', ( #3083 ), #756, .F. ) ;
#2122 = ORIENTED_EDGE ( 'NONE', *, *, #5423, .T. ) ;
#2123 = VERTEX_POINT ( 'NONE', #6989 ) ;
#2124 = VERTEX_POINT ( 'NONE', #1900 ) ;
#2125 = CARTESIAN_POINT ( 'NONE',  ( 0.000000000000000000, -0.3999999999999999667, 0.000000000000000000 ) ) ;
#2126 = CARTESIAN_POINT ( 'NONE',  ( 12.00000000000000533, -0.5000000000000000000, -44.29999999999999716 ) ) ;
#2127 = DIRECTION ( 'NONE',  ( 1.000000000000000000, -0.000000000000000000, 0.000000000000000000 ) ) ;
#2128 = DIRECTION ( 'NONE',  ( -0.000000000000000000, 1.000000000000000000, -0.000000000000000000 ) ) ;
#2129 = CARTESIAN_POINT ( 'NONE',  ( 19.20000000000000284, -0.2000000000000000111, -43.04999999999999716 ) ) ;
#2130 = CARTESIAN_POINT ( 'NONE',  ( 31.65000000000000568, -0.2999999999999999889, -69.09999999999999432 ) ) ;
#2131 = ORIENTED_EDGE ( 'NONE', *, *, #4179, .F. ) ;
#2132 = ORIENTED_EDGE ( 'NONE', *, *, #3019, .T. ) ;
#2133 = ADVANCED_FACE ( 'NONE', ( #4164 ), #6433, .T. ) ;
#2134 = ORIENTED_EDGE ( 'NONE', *, *, #2926, .F. ) ;
#2135 = DIRECTION ( 'NONE',  ( 0.000000000000000000, 0.000000000000000000, 1.000000000000000000 ) ) ;
#2136 = LINE ( 'NONE', #3325, #2665 ) ;
#2137 = CARTESIAN_POINT ( 'NONE',  ( 33.69999999999999574, 1.500000000000000444, -36.60000000000000142 ) ) ;
#2138 = DIRECTION ( 'NONE',  ( 1.000000000000000000, 0.000000000000000000, 0.000000000000000000 ) ) ;
#2139 = DIRECTION ( 'NONE',  ( -0.000000000000000000, 1.000000000000000000, 0.000000000000000000 ) ) ;
#2140 = DIRECTION ( 'NONE',  ( 0.000000000000000000, 0.000000000000000000, -1.000000000000000000 ) ) ;
#2141 = ORIENTED_EDGE ( 'NONE', *, *, #2071, .F. ) ;
#2142 = VERTEX_POINT ( 'NONE', #3191 ) ;
#2143 = EDGE_CURVE ( 'NONE', #5915, #5486, #6096, .T. ) ;
#2144 = ORIENTED_EDGE ( 'NONE', *, *, #6187, .T. ) ;
#2145 = CARTESIAN_POINT ( 'NONE',  ( 12.00000000000000533, -0.4000000000000000222, -41.29999999999999716 ) ) ;
#2146 = DIRECTION ( 'NONE',  ( 0.000000000000000000, 0.000000000000000000, 1.000000000000000000 ) ) ;
#2147 = FACE_OUTER_BOUND ( 'NONE', #474, .T. ) ;
#2148 = CARTESIAN_POINT ( 'NONE',  ( 7.000000000000000000, 0.000000000000000000, -43.60000000000000142 ) ) ;
#2149 = ORIENTED_EDGE ( 'NONE', *, *, #6902, .T. ) ;
#2150 = EDGE_LOOP ( 'NONE', ( #3270, #6697, #6518, #350 ) ) ;
#2151 = ORIENTED_EDGE ( 'NONE', *, *, #287, .T. ) ;
#2152 = DIRECTION ( 'NONE',  ( -0.000000000000000000, 1.000000000000000000, -0.000000000000000000 ) ) ;
#2153 = VECTOR ( 'NONE', #4406, 1000.000000000000000 ) ;
#2154 = DIRECTION ( 'NONE',  ( -1.000000000000000000, -0.000000000000000000, -0.000000000000000000 ) ) ;
#2155 = ADVANCED_FACE ( 'NONE', ( #378 ), #896, .T. ) ;
#2156 = EDGE_CURVE ( 'NONE', #2034, #6862, #7299, .T. ) ;
#2157 = ORIENTED_EDGE ( 'NONE', *, *, #5680, .T. ) ;
#2158 = ORIENTED_EDGE ( 'NONE', *, *, #3459, .F. ) ;
#2159 = ORIENTED_EDGE ( 'NONE', *, *, #6398, .F. ) ;
#2160 = CARTESIAN_POINT ( 'NONE',  ( 20.19999999999999574, -0.2000000000000000111, -42.30000000000002558 ) ) ;
#2161 = CARTESIAN_POINT ( 'NONE',  ( 6.999999999999999112, 0.5000000000000000000, -2.602085213965209853E-15 ) ) ;
#2162 = DIRECTION ( 'NONE',  ( 0.000000000000000000, 1.000000000000000000, 0.000000000000000000 ) ) ;
#2163 = CARTESIAN_POINT ( 'NONE',  ( 29.46000000000000796, -0.2999999999999999889, -71.09999999999999432 ) ) ;
#2164 = ADVANCED_FACE ( 'NONE', ( #3268 ), #2117, .F. ) ;
#2165 = FACE_OUTER_BOUND ( 'NONE', #5197, .T. ) ;
#2166 = CARTESIAN_POINT ( 'NONE',  ( 19.27000000000000313, -0.5000000000000000000, -41.29999999999999716 ) ) ;
#2167 = ORIENTED_EDGE ( 'NONE', *, *, #3299, .T. ) ;
#2168 = ORIENTED_EDGE ( 'NONE', *, *, #767, .T. ) ;
#2169 = EDGE_CURVE ( 'NONE', #3853, #1710, #2037, .T. ) ;
#2170 = EDGE_LOOP ( 'NONE', ( #5745, #6714, #3758, #6868 ) ) ;
#2171 = DIRECTION ( 'NONE',  ( -1.000000000000000000, 0.000000000000000000, 0.000000000000000000 ) ) ;
#2172 = DIRECTION ( 'NONE',  ( -0.000000000000000000, 1.000000000000000000, -0.000000000000000000 ) ) ;
#2173 = CARTESIAN_POINT ( 'NONE',  ( 33.70000000000000284, 0.000000000000000000, -6.000000000000028422 ) ) ;
#2174 = CARTESIAN_POINT ( 'NONE',  ( 2.000000000000000888, -1.500000000000000000, -6.000000000000024869 ) ) ;
#2175 = CARTESIAN_POINT ( 'NONE',  ( 28.29999999999999005, -0.3000000000000000444, -68.90000000000001990 ) ) ;
#2176 = CYLINDRICAL_SURFACE ( 'NONE', #2359, 0.5000000000000004441 ) ;
#2177 = ORIENTED_EDGE ( 'NONE', *, *, #6824, .T. ) ;
#2178 = ORIENTED_EDGE ( 'NONE', *, *, #355, .F. ) ;
#2179 = ORIENTED_EDGE ( 'NONE', *, *, #315, .F. ) ;
#2180 = DIRECTION ( 'NONE',  ( 0.000000000000000000, -1.000000000000000000, 0.000000000000000000 ) ) ;
#2181 = FACE_OUTER_BOUND ( 'NONE', #1514, .T. ) ;
#2182 = CARTESIAN_POINT ( 'NONE',  ( 6.000000000000031086, -1.500000000000000000, -41.29999999999999716 ) ) ;
#2183 = DIRECTION ( 'NONE',  ( -1.000000000000000000, -0.000000000000000000, -0.000000000000000000 ) ) ;
#2184 = EDGE_CURVE ( 'NONE', #3096, #6093, #5539, .T. ) ;
#2185 = ORIENTED_EDGE ( 'NONE', *, *, #6304, .F. ) ;
#2186 = ORIENTED_EDGE ( 'NONE', *, *, #3988, .T. ) ;
#2187 = EDGE_LOOP ( 'NONE', ( #3817, #6811, #3924, #5502 ) ) ;
#2188 = VECTOR ( 'NONE', #5255, 1000.000000000000000 ) ;
#2189 = VECTOR ( 'NONE', #2745, 1000.000000000000000 ) ;
#2190 = DIRECTION ( 'NONE',  ( -0.000000000000000000, 1.000000000000000000, -0.000000000000000000 ) ) ;
#2191 = DIRECTION ( 'NONE',  ( -1.000000000000000000, -0.000000000000000000, -0.000000000000000000 ) ) ;
#2192 = ORIENTED_EDGE ( 'NONE', *, *, #4693, .T. ) ;
#2193 = AXIS2_PLACEMENT_3D ( 'NONE', #96, #2351, #6364 ) ;
#2194 = VECTOR ( 'NONE', #5731, 1000.000000000000000 ) ;
#2195 = VERTEX_POINT ( 'NONE', #2720 ) ;
#2196 = EDGE_LOOP ( 'NONE', ( #4467, #3198, #394, #3745 ) ) ;
#2197 = DIRECTION ( 'NONE',  ( 1.000000000000000000, 0.000000000000000000, 0.000000000000000000 ) ) ;
#2198 = LINE ( 'NONE', #3238, #6580 ) ;
#2199 = AXIS2_PLACEMENT_3D ( 'NONE', #273, #3676, #864 ) ;
#2200 = DIRECTION ( 'NONE',  ( -0.000000000000000000, 1.000000000000000000, -0.000000000000000000 ) ) ;
#2201 = CARTESIAN_POINT ( 'NONE',  ( 26.49999999999998934, 0.000000000000000000, -70.90000000000001990 ) ) ;
#2202 = CARTESIAN_POINT ( 'NONE',  ( 24.99999999999998579, -0.2000000000000000111, -70.40000000000001990 ) ) ;
#2203 = CARTESIAN_POINT ( 'NONE',  ( 29.04999999999998650, -0.3000000000000000444, -70.90000000000001990 ) ) ;
#2204 = VERTEX_POINT ( 'NONE', #5942 ) ;
#2205 = AXIS2_PLACEMENT_3D ( 'NONE', #1136, #7334, #4057 ) ;
#2206 = VERTEX_POINT ( 'NONE', #7056 ) ;
#2207 = ADVANCED_FACE ( 'NONE', ( #4237 ), #1969, .T. ) ;
#2208 = AXIS2_PLACEMENT_3D ( 'NONE', #6003, #6601, #921 ) ;
#2209 = EDGE_CURVE ( 'NONE', #678, #3677, #305, .T. ) ;
#2210 = ORIENTED_EDGE ( 'NONE', *, *, #786, .F. ) ;
#2211 = CARTESIAN_POINT ( 'NONE',  ( 27.69999999999999929, -0.1000000000000000056, -51.54999999999999716 ) ) ;
#2212 = DIRECTION ( 'NONE',  ( -0.000000000000000000, -1.000000000000000000, -0.000000000000000000 ) ) ;
#2213 = DIRECTION ( 'NONE',  ( -0.000000000000000000, -1.000000000000000000, -0.000000000000000000 ) ) ;
#2214 = VECTOR ( 'NONE', #1667, 1000.000000000000000 ) ;
#2215 = LINE ( 'NONE', #2702, #5566 ) ;
#2216 = CARTESIAN_POINT ( 'NONE',  ( 0.000000000000000000, -0.5999999999999999778, 0.000000000000000000 ) ) ;
#2217 = CARTESIAN_POINT ( 'NONE',  ( 29.19999999999997797, 0.1000000000000000056, -63.34999999999998721 ) ) ;
#2218 = ADVANCED_FACE ( 'NONE', ( #1527 ), #4305, .T. ) ;
#2219 = AXIS2_PLACEMENT_3D ( 'NONE', #4281, #7072, #5954 ) ;
#2220 = ORIENTED_EDGE ( 'NONE', *, *, #5569, .F. ) ;
#2221 = VERTEX_POINT ( 'NONE', #4386 ) ;
#2222 = ORIENTED_EDGE ( 'NONE', *, *, #1986, .T. ) ;
#2223 = LINE ( 'NONE', #4528, #6581 ) ;
#2224 = AXIS2_PLACEMENT_3D ( 'NONE', #1520, #5491, #5938 ) ;
#2225 = DIRECTION ( 'NONE',  ( -0.000000000000000000, -1.000000000000000000, -0.000000000000000000 ) ) ;
#2226 = PLANE ( 'NONE',  #5313 ) ;
#2227 = CARTESIAN_POINT ( 'NONE',  ( 47.04999999999999716, -0.5000000000000000000, 0.000000000000000000 ) ) ;
#2228 = ORIENTED_EDGE ( 'NONE', *, *, #4983, .T. ) ;
#2229 = ORIENTED_EDGE ( 'NONE', *, *, #6617, .T. ) ;
#2230 = AXIS2_PLACEMENT_3D ( 'NONE', #1105, #1620, #4878 ) ;
#2231 = ADVANCED_FACE ( 'NONE', ( #3828 ), #4826, .F. ) ;
#2232 = VECTOR ( 'NONE', #2630, 1000.000000000000000 ) ;
#2233 = DIRECTION ( 'NONE',  ( 0.000000000000000000, -1.000000000000000000, 0.000000000000000000 ) ) ;
#2234 = CARTESIAN_POINT ( 'NONE',  ( 24.99999999999998579, -0.3000000000000000444, -70.90000000000001990 ) ) ;
#2235 = LOCAL_TIME ( 11, 27, 8.000000000000000000, #4071 ) ;
#2236 = ORIENTED_EDGE ( 'NONE', *, *, #2523, .F. ) ;
#2237 = VECTOR ( 'NONE', #7294, 1000.000000000000000 ) ;
#2238 = ORIENTED_EDGE ( 'NONE', *, *, #1236, .F. ) ;
#2239 = CARTESIAN_POINT ( 'NONE',  ( 26.49999999999998934, -0.3000000000000000444, -70.90000000000001990 ) ) ;
#2240 = EDGE_CURVE ( 'NONE', #3053, #6173, #4943, .T. ) ;
#2241 = VECTOR ( 'NONE', #3554, 1000.000000000000000 ) ;
#2242 = PLANE ( 'NONE',  #5981 ) ;
#2243 = LINE ( 'NONE', #1691, #670 ) ;
#2244 = DIRECTION ( 'NONE',  ( -0.000000000000000000, -1.000000000000000000, -0.000000000000000000 ) ) ;
#2245 = DIRECTION ( 'NONE',  ( -1.000000000000000000, -0.000000000000000000, -0.000000000000000000 ) ) ;
#2246 = DIRECTION ( 'NONE',  ( -1.000000000000000000, 0.000000000000000000, 1.734723475976805517E-15 ) ) ;
#2247 = DIRECTION ( 'NONE',  ( -0.000000000000000000, 1.000000000000000000, 0.000000000000000000 ) ) ;
#2248 = ORIENTED_EDGE ( 'NONE', *, *, #2209, .T. ) ;
#2249 = CIRCLE ( 'NONE', #2831, 4.999999999999997335 ) ;
#2250 = ORIENTED_EDGE ( 'NONE', *, *, #3951, .F. ) ;
#2251 = VERTEX_POINT ( 'NONE', #6539 ) ;
#2252 = DIRECTION ( 'NONE',  ( 0.000000000000000000, 0.000000000000000000, -1.000000000000000000 ) ) ;
#2253 = DIRECTION ( 'NONE',  ( -1.734723475976805517E-15, 0.000000000000000000, -1.000000000000000000 ) ) ;
#2254 = CARTESIAN_POINT ( 'NONE',  ( 7.000000000000000000, 0.000000000000000000, -7.000000000000000000 ) ) ;
#2255 = CARTESIAN_POINT ( 'NONE',  ( 35.70000000000000284, 0.5000000000000000000, -36.59999999999999432 ) ) ;
#2256 = FACE_OUTER_BOUND ( 'NONE', #1571, .T. ) ;
#2257 = EDGE_CURVE ( 'NONE', #7215, #4737, #2548, .T. ) ;
#2258 = ADVANCED_FACE ( 'NONE', ( #6657 ), #2599, .T. ) ;
#2259 = VERTEX_POINT ( 'NONE', #1565 ) ;
#2260 = ORIENTED_EDGE ( 'NONE', *, *, #5736, .F. ) ;
#2261 = CARTESIAN_POINT ( 'NONE',  ( 35.69999999999999574, 0.000000000000000000, -36.60000000000000142 ) ) ;
#2262 = DIRECTION ( 'NONE',  ( -1.000000000000000000, 0.000000000000000000, 0.000000000000000000 ) ) ;
#2263 = CARTESIAN_POINT ( 'NONE',  ( 29.69999999999997442, -2.299999999999999822, -2.000000000000000000 ) ) ;
#2264 = CARTESIAN_POINT ( 'NONE',  ( 2.000000000000001776, 1.500000000000000444, -6.999999999999999112 ) ) ;
#2265 = ORIENTED_EDGE ( 'NONE', *, *, #3693, .F. ) ;
#2266 = ORIENTED_EDGE ( 'NONE', *, *, #4482, .T. ) ;
#2267 = EDGE_CURVE ( 'NONE', #1521, #6692, #5976, .T. ) ;
#2268 = DIRECTION ( 'NONE',  ( -1.000000000000000000, 0.000000000000000000, 1.734723475976805517E-15 ) ) ;
#2269 = CARTESIAN_POINT ( 'NONE',  ( 19.20000000000000284, -0.1000000000000000056, -43.04999999999999716 ) ) ;
#2270 = ORIENTED_EDGE ( 'NONE', *, *, #3535, .T. ) ;
#2271 = ORIENTED_EDGE ( 'NONE', *, *, #5399, .T. ) ;
#2272 = MANIFOLD_SOLID_BREP ( '凸台-拉伸10[6]', #3399 ) ;
#2273 = CARTESIAN_POINT ( 'NONE',  ( 28.19999999999999218, -0.2000000000000000111, -67.40000000000001990 ) ) ;
#2274 = CARTESIAN_POINT ( 'NONE',  ( 29.19999999999997797, 0.1000000000000000056, -64.84999999999999432 ) ) ;
#2275 = DIRECTION ( 'NONE',  ( 0.000000000000000000, 0.000000000000000000, 1.000000000000000000 ) ) ;
#2276 = PLANE ( 'NONE',  #5319 ) ;
#2277 = DIRECTION ( 'NONE',  ( -1.000000000000000000, -0.000000000000000000, -0.000000000000000000 ) ) ;
#2278 = DIRECTION ( 'NONE',  ( -0.000000000000000000, 0.000000000000000000, 1.000000000000000000 ) ) ;
#2279 = CARTESIAN_POINT ( 'NONE',  ( 28.30000000000000426, -0.2999999999999999889, -71.09999999999999432 ) ) ;
#2280 = CIRCLE ( 'NONE', #6431, 6.999999999999999112 ) ;
#2281 = EDGE_CURVE ( 'NONE', #4635, #4382, #5392, .T. ) ;
#2282 = ORIENTED_EDGE ( 'NONE', *, *, #5868, .F. ) ;
#2283 = CIRCLE ( 'NONE', #6432, 6.999999999999992006 ) ;
#2284 = ORIENTED_EDGE ( 'NONE', *, *, #2000, .F. ) ;
#2285 = DIRECTION ( 'NONE',  ( 0.000000000000000000, 0.000000000000000000, -1.000000000000000000 ) ) ;
#2286 = MANIFOLD_SOLID_BREP ( '分割线2', #438 ) ;
#2287 = LINE ( 'NONE', #1113, #774 ) ;
#2288 = PLANE ( 'NONE',  #973 ) ;
#2289 = DATE_AND_TIME ( #704, #7344 ) ;
#2290 = DIRECTION ( 'NONE',  ( -0.000000000000000000, 1.000000000000000000, 0.000000000000000000 ) ) ;
#2291 = DIRECTION ( 'NONE',  ( 0.000000000000000000, 1.000000000000000000, 0.000000000000000000 ) ) ;
#2292 = ORIENTED_EDGE ( 'NONE', *, *, #6661, .T. ) ;
#2293 = ORIENTED_EDGE ( 'NONE', *, *, #1928, .T. ) ;
#2294 = CARTESIAN_POINT ( 'NONE',  ( 6.999999999999999112, 1.500000000000000444, -41.60000000000000142 ) ) ;
#2295 = EDGE_CURVE ( 'NONE', #6166, #2809, #5766, .T. ) ;
#2296 = FACE_OUTER_BOUND ( 'NONE', #5133, .T. ) ;
#2297 = LINE ( 'NONE', #6059, #4095 ) ;
#2298 = CARTESIAN_POINT ( 'NONE',  ( 27.50000000000000355, -0.6000000000000000888, -68.09999999999998010 ) ) ;
#2299 = VERTEX_POINT ( 'NONE', #4424 ) ;
#2300 = ORIENTED_EDGE ( 'NONE', *, *, #4242, .T. ) ;
#2301 = EDGE_CURVE ( 'NONE', #3148, #2195, #1171, .T. ) ;
#2302 = EDGE_CURVE ( 'NONE', #5298, #6673, #304, .T. ) ;
#2303 = LINE ( 'NONE', #6629, #1108 ) ;
#2304 = FACE_OUTER_BOUND ( 'NONE', #4542, .T. ) ;
#2305 = ORIENTED_EDGE ( 'NONE', *, *, #1509, .F. ) ;
#2306 = EDGE_CURVE ( 'NONE', #1871, #6027, #5656, .T. ) ;
#2307 = ORIENTED_EDGE ( 'NONE', *, *, #3900, .T. ) ;
#2308 = AXIS2_PLACEMENT_3D ( 'NONE', #6997, #1909, #4210 ) ;
#2309 = AXIS2_PLACEMENT_3D ( 'NONE', #1012, #6619, #4345 ) ;
#2310 = PLANE ( 'NONE',  #89 ) ;
#2311 = CARTESIAN_POINT ( 'NONE',  ( 15.89999999999997016, -0.1000000000000000056, -42.29999999999999716 ) ) ;
#2312 = DIRECTION ( 'NONE',  ( 0.000000000000000000, -1.000000000000000000, 0.000000000000000000 ) ) ;
#2313 = LINE ( 'NONE', #3355, #2237 ) ;
#2314 = DIRECTION ( 'NONE',  ( -1.000000000000000000, -0.000000000000000000, -0.000000000000000000 ) ) ;
#2315 = FACE_BOUND ( 'NONE', #4705, .T. ) ;
#2316 = VECTOR ( 'NONE', #1310, 1000.000000000000000 ) ;
#2317 = VECTOR ( 'NONE', #4132, 1000.000000000000000 ) ;
#2318 = CARTESIAN_POINT ( 'NONE',  ( 29.69999999999997797, -0.1000000000000000056, -41.29999999999999716 ) ) ;
#2319 = ORIENTED_EDGE ( 'NONE', *, *, #6711, .T. ) ;
#2320 = EDGE_LOOP ( 'NONE', ( #2705, #3645, #2723, #2185, #4725, #5025, #1147, #4620 ) ) ;
#2321 = AXIS2_PLACEMENT_3D ( 'NONE', #4985, #307, #4348 ) ;
#2322 = DIRECTION ( 'NONE',  ( -0.000000000000000000, 1.000000000000000000, -0.000000000000000000 ) ) ;
#2323 = EDGE_CURVE ( 'NONE', #5419, #4712, #1649, .T. ) ;
#2324 = DIRECTION ( 'NONE',  ( -1.000000000000000000, 0.000000000000000000, 0.000000000000000000 ) ) ;
#2325 = APPROVAL_DATE_TIME ( #5635, #3441 ) ;
#2326 = LINE ( 'NONE', #2175, #6132 ) ;
#2327 = DIRECTION ( 'NONE',  ( -1.000000000000000000, -0.000000000000000000, -0.000000000000000000 ) ) ;
#2328 = VERTEX_POINT ( 'NONE', #7246 ) ;
#2329 = AXIS2_PLACEMENT_3D ( 'NONE', #556, #5005, #5561 ) ;
#2330 = EDGE_LOOP ( 'NONE', ( #3790, #193, #5974, #1700, #2131, #3462, #6929, #3103 ) ) ;
#2331 = CARTESIAN_POINT ( 'NONE',  ( 49.04999999999999716, -0.7999999999999999334, 0.000000000000000000 ) ) ;
#2332 = AXIS2_PLACEMENT_3D ( 'NONE', #2273, #5737, #2798 ) ;
#2333 = EDGE_CURVE ( 'NONE', #3311, #5659, #1484, .T. ) ;
#2334 = CARTESIAN_POINT ( 'NONE',  ( 24.49999999999997868, -0.2000000000000000111, -51.90000000000000568 ) ) ;
#2335 = CARTESIAN_POINT ( 'NONE',  ( 46.89999999999999858, -0.2999999999999999889, -47.09999999999998010 ) ) ;
#2336 = VECTOR ( 'NONE', #6591, 1000.000000000000000 ) ;
#2337 = DIRECTION ( 'NONE',  ( -0.000000000000000000, -1.000000000000000000, -0.000000000000000000 ) ) ;
#2338 = CC_DESIGN_PERSON_AND_ORGANIZATION_ASSIGNMENT ( #1511, #3215, ( #7180 ) ) ;
#2339 = ORIENTED_EDGE ( 'NONE', *, *, #1313, .T. ) ;
#2340 = ORIENTED_EDGE ( 'NONE', *, *, #6959, .T. ) ;
#2341 = VECTOR ( 'NONE', #5971, 1000.000000000000000 ) ;
#2342 = DIRECTION ( 'NONE',  ( -0.000000000000000000, -1.000000000000000000, -0.000000000000000000 ) ) ;
#2343 = CARTESIAN_POINT ( 'NONE',  ( 29.99999999999997868, -0.1000000000000000056, -59.04999999999999716 ) ) ;
#2344 = APPROVAL ( #2774, '未指定' ) ;
#2345 = ADVANCED_FACE ( 'NONE', ( #2304 ), #1129, .F. ) ;
#2346 = VERTEX_POINT ( 'NONE', #6695 ) ;
#2347 = EDGE_CURVE ( 'NONE', #3908, #382, #1606, .T. ) ;
#2348 = DIRECTION ( 'NONE',  ( 0.000000000000000000, 0.000000000000000000, -1.000000000000000000 ) ) ;
#2349 = DIRECTION ( 'NONE',  ( 1.000000000000000000, -0.000000000000000000, -0.000000000000000000 ) ) ;
#2350 = EDGE_CURVE ( 'NONE', #5994, #1573, #5615, .T. ) ;
#2351 = DIRECTION ( 'NONE',  ( 0.000000000000000000, -1.000000000000000000, 0.000000000000000000 ) ) ;
#2352 = CARTESIAN_POINT ( 'NONE',  ( 27.50000000000000355, -0.3999999999999999667, -57.10000000000000142 ) ) ;
#2353 = CARTESIAN_POINT ( 'NONE',  ( 33.70000000000000995, -0.1000000000000000056, -37.29999999999996163 ) ) ;
#2354 = AXIS2_PLACEMENT_3D ( 'NONE', #6130, #5191, #5052 ) ;
#2355 = DIRECTION ( 'NONE',  ( 0.000000000000000000, 1.000000000000000000, 0.000000000000000000 ) ) ;
#2356 = ORIENTED_EDGE ( 'NONE', *, *, #260, .F. ) ;
#2357 = ORIENTED_EDGE ( 'NONE', *, *, #6031, .T. ) ;
#2358 = ORIENTED_EDGE ( 'NONE', *, *, #7154, .T. ) ;
#2359 = AXIS2_PLACEMENT_3D ( 'NONE', #7235, #6122, #2704 ) ;
#2360 = CARTESIAN_POINT ( 'NONE',  ( 31.65000000000000568, -0.3999999999999999667, -69.09999999999999432 ) ) ;
#2361 = EDGE_CURVE ( 'NONE', #6461, #1397, #651, .T. ) ;
#2362 = MANIFOLD_SOLID_BREP ( '凸台-拉伸11[4]', #5403 ) ;
#2363 = CARTESIAN_POINT ( 'NONE',  ( 28.19999999999999218, -0.1000000000000000056, -65.55000000000001137 ) ) ;
#2364 = CARTESIAN_POINT ( 'NONE',  ( 6.000000000000031086, -1.500000000000000000, -41.29999999999999716 ) ) ;
#2365 = FACE_OUTER_BOUND ( 'NONE', #1082, .T. ) ;
#2366 = VECTOR ( 'NONE', #4361, 1000.000000000000000 ) ;
#2367 = LINE ( 'NONE', #4627, #2241 ) ;
#2368 = ORIENTED_EDGE ( 'NONE', *, *, #3640, .F. ) ;
#2369 = EDGE_CURVE ( 'NONE', #799, #6417, #4539, .T. ) ;
#2370 = ORIENTED_EDGE ( 'NONE', *, *, #5441, .T. ) ;
#2371 = CARTESIAN_POINT ( 'NONE',  ( 32.00000000000000000, -0.6000000000000000888, -70.59999999999998010 ) ) ;
#2372 = CARTESIAN_POINT ( 'NONE',  ( 28.00000000000000355, -0.6000000000000000888, -68.09999999999998010 ) ) ;
#2373 = DIRECTION ( 'NONE',  ( 0.000000000000000000, -1.000000000000000000, 0.000000000000000000 ) ) ;
#2374 = CARTESIAN_POINT ( 'NONE',  ( 15.89999999999997016, -0.2000000000000000111, -42.29999999999999716 ) ) ;
#2375 = MANIFOLD_SOLID_BREP ( '凸台-拉伸10[2]', #2079 ) ;
#2376 = EDGE_CURVE ( 'NONE', #2756, #4491, #3308, .T. ) ;
#2377 = EDGE_LOOP ( 'NONE', ( #2177, #7250, #6499, #740 ) ) ;
#2378 = VECTOR ( 'NONE', #137, 1000.000000000000000 ) ;
#2379 = DIRECTION ( 'NONE',  ( -0.000000000000000000, 1.000000000000000000, -0.000000000000000000 ) ) ;
#2380 = CARTESIAN_POINT ( 'NONE',  ( 6.000000000000003553, 0.000000000000000000, -37.29999999999999716 ) ) ;
#2381 = VERTEX_POINT ( 'NONE', #6178 ) ;
#2382 = DIRECTION ( 'NONE',  ( 0.000000000000000000, 0.000000000000000000, -1.000000000000000000 ) ) ;
#2383 = ADVANCED_FACE ( 'NONE', ( #3345 ), #1720, .T. ) ;
#2384 = FACE_OUTER_BOUND ( 'NONE', #1134, .T. ) ;
#2385 = EDGE_CURVE ( 'NONE', #5630, #2578, #1611, .T. ) ;
#2386 = LINE ( 'NONE', #4719, #4500 ) ;
#2387 = DIRECTION ( 'NONE',  ( 0.000000000000000000, 0.000000000000000000, 1.000000000000000000 ) ) ;
#2388 = CARTESIAN_POINT ( 'NONE',  ( 26.49999999999998934, 0.000000000000000000, -68.90000000000001990 ) ) ;
#2389 = ORIENTED_EDGE ( 'NONE', *, *, #4954, .T. ) ;
#2390 = VERTEX_POINT ( 'NONE', #6289 ) ;
#2391 = VERTEX_POINT ( 'NONE', #2269 ) ;
#2392 = CARTESIAN_POINT ( 'NONE',  ( 47.04999999999999716, -0.5000000000000000000, -48.09999999999998010 ) ) ;
#2393 = CARTESIAN_POINT ( 'NONE',  ( 28.59999999999998010, 0.1000000000000000056, -64.84999999999999432 ) ) ;
#2394 = EDGE_CURVE ( 'NONE', #4410, #5994, #7329, .T. ) ;
#2395 = FACE_OUTER_BOUND ( 'NONE', #5046, .T. ) ;
#2396 = DIRECTION ( 'NONE',  ( 0.000000000000000000, 0.000000000000000000, 1.000000000000000000 ) ) ;
#2397 = CIRCLE ( 'NONE', #7014, 0.5000000000000004441 ) ;
#2398 = PERSON_AND_ORGANIZATION ( #4543, #3788 ) ;
#2399 = LINE ( 'NONE', #3614, #2077 ) ;
#2400 = CARTESIAN_POINT ( 'NONE',  ( 28.00000000000000711, -0.2999999999999999889, -71.09999999999999432 ) ) ;
#2401 = AXIS2_PLACEMENT_3D ( 'NONE', #1517, #5936, #2105 ) ;
#2402 = ORIENTED_EDGE ( 'NONE', *, *, #6211, .T. ) ;
#2403 = EDGE_CURVE ( 'NONE', #4998, #7228, #755, .T. ) ;
#2404 = VECTOR ( 'NONE', #4497, 1000.000000000000000 ) ;
#2405 = VERTEX_POINT ( 'NONE', #6810 ) ;
#2406 = LINE ( 'NONE', #6313, #4450 ) ;
#2407 = CARTESIAN_POINT ( 'NONE',  ( 28.09999999999998010, 0.1000000000000000056, -64.84999999999999432 ) ) ;
#2408 = CARTESIAN_POINT ( 'NONE',  ( 28.70000000000000284, 0.5000000000000000000, -7.806255641895631925E-15 ) ) ;
#2409 = DIRECTION ( 'NONE',  ( 1.000000000000000000, 0.000000000000000000, 0.000000000000000000 ) ) ;
#2410 = ORIENTED_EDGE ( 'NONE', *, *, #303, .T. ) ;
#2411 = EDGE_LOOP ( 'NONE', ( #7078, #3493, #4127, #3934 ) ) ;
#2412 = FACE_OUTER_BOUND ( 'NONE', #1745, .T. ) ;
#2413 = DIRECTION ( 'NONE',  ( -0.000000000000000000, -0.000000000000000000, 1.000000000000000000 ) ) ;
#2414 = EDGE_CURVE ( 'NONE', #6692, #4648, #6776, .T. ) ;
#2415 = VERTEX_POINT ( 'NONE', #4984 ) ;
#2416 = MANIFOLD_SOLID_BREP ( '凸台-拉伸9[3]', #4810 ) ;
#2417 = DIRECTION ( 'NONE',  ( 1.000000000000000000, 0.000000000000000000, 0.000000000000000000 ) ) ;
#2418 = DIRECTION ( 'NONE',  ( -0.000000000000000000, -1.000000000000000000, -0.000000000000000000 ) ) ;
#2419 = CARTESIAN_POINT ( 'NONE',  ( 29.69999999999997442, -1.500000000000000000, -2.000000000000000000 ) ) ;
#2420 = CARTESIAN_POINT ( 'NONE',  ( 32.49999999999999289, -0.5000000000000000000, -68.09999999999998010 ) ) ;
#2421 = CARTESIAN_POINT ( 'NONE',  ( 30.49000000000000554, -0.2999999999999999889, -71.09999999999999432 ) ) ;
#2422 = VERTEX_POINT ( 'NONE', #1204 ) ;
#2423 = CIRCLE ( 'NONE', #6575, 3.999999999999996447 ) ;
#2424 = VERTEX_POINT ( 'NONE', #1234 ) ;
#2425 = CARTESIAN_POINT ( 'NONE',  ( 6.999999999999999112, 0.5000000000000000000, -43.60000000000000142 ) ) ;
#2426 = CARTESIAN_POINT ( 'NONE',  ( 25.74999999999998579, -0.1000000000000000056, -62.40000000000000568 ) ) ;
#2427 = DIRECTION ( 'NONE',  ( -0.000000000000000000, 1.000000000000000000, -0.000000000000000000 ) ) ;
#2428 = VECTOR ( 'NONE', #5811, 1000.000000000000000 ) ;
#2429 = AXIS2_PLACEMENT_3D ( 'NONE', #4272, #1415, #6504 ) ;
#2430 = DIRECTION ( 'NONE',  ( 1.000000000000000000, 0.000000000000000000, -0.000000000000000000 ) ) ;
#2431 = LINE ( 'NONE', #3582, #5288 ) ;
#2432 = CYLINDRICAL_SURFACE ( 'NONE', #1528, 0.5000000000000004441 ) ;
#2433 = ORIENTED_EDGE ( 'NONE', *, *, #2502, .T. ) ;
#2434 = EDGE_CURVE ( 'NONE', #340, #4275, #6912, .T. ) ;
#2435 = EDGE_CURVE ( 'NONE', #5017, #1315, #1371, .T. ) ;
#2436 = AXIS2_PLACEMENT_3D ( 'NONE', #5540, #2640, #458 ) ;
#2437 = ORIENTED_EDGE ( 'NONE', *, *, #3843, .F. ) ;
#2438 = LINE ( 'NONE', #4697, #1948 ) ;
#2439 = CARTESIAN_POINT ( 'NONE',  ( 24.99999999999999645, -0.5000000000000000000, -47.59999999999998721 ) ) ;
#2440 = EDGE_CURVE ( 'NONE', #678, #1482, #3594, .T. ) ;
#2441 = LINE ( 'NONE', #6421, #4813 ) ;
#2442 = AXIS2_PLACEMENT_3D ( 'NONE', #948, #388, #1614 ) ;
#2443 = PLANE ( 'NONE',  #3415 ) ;
#2444 = MANIFOLD_SOLID_BREP ( '凸台-拉伸5', #3744 ) ;
#2445 = AXIS2_PLACEMENT_3D ( 'NONE', #4370, #5447, #2623 ) ;
#2446 = ORIENTED_EDGE ( 'NONE', *, *, #3420, .F. ) ;
#2447 = ORIENTED_EDGE ( 'NONE', *, *, #19, .F. ) ;
#2448 = CLOSED_SHELL ( 'NONE', ( #5168, #6850, #6574, #2907, #2218, #2345, #2207, #2549, #5706, #7009 ) ) ;
#2449 = AXIS2_PLACEMENT_3D ( 'NONE', #625, #6150, #7340 ) ;
#2450 = CARTESIAN_POINT ( 'NONE',  ( 28.00000000000000711, -0.5000000000000000000, -71.09999999999999432 ) ) ;
#2451 = FACE_OUTER_BOUND ( 'NONE', #1603, .T. ) ;
#2452 = LINE ( 'NONE', #1141, #4010 ) ;
#2453 = VECTOR ( 'NONE', #31, 1000.000000000000000 ) ;
#2454 = ORIENTED_EDGE ( 'NONE', *, *, #7316, .T. ) ;
#2455 = AXIS2_PLACEMENT_3D ( 'NONE', #4936, #3904, #6172 ) ;
#2456 = EDGE_CURVE ( 'NONE', #5011, #5735, #4457, .T. ) ;
#2457 = DIRECTION ( 'NONE',  ( -1.000000000000000000, 0.000000000000000000, -0.000000000000000000 ) ) ;
#2458 = VECTOR ( 'NONE', #1231, 1000.000000000000000 ) ;
#2459 = CARTESIAN_POINT ( 'NONE',  ( 30.92000000000000526, -0.2999999999999999889, -69.09999999999999432 ) ) ;
#2460 = CARTESIAN_POINT ( 'NONE',  ( 15.89999999999998082, -0.2000000000000000111, -43.29999999999999716 ) ) ;
#2461 = CARTESIAN_POINT ( 'NONE',  ( 23.99999999999998579, -0.1000000000000000056, -65.50000000000001421 ) ) ;
#2462 = ORIENTED_EDGE ( 'NONE', *, *, #6622, .F. ) ;
#2463 = EDGE_CURVE ( 'NONE', #4382, #4019, #6982, .T. ) ;
#2464 = ORIENTED_EDGE ( 'NONE', *, *, #6774, .F. ) ;
#2465 = CARTESIAN_POINT ( 'NONE',  ( 31.19999999999997442, -0.5000000000000000000, 9.020562075079396891E-15 ) ) ;
#2466 = CARTESIAN_POINT ( 'NONE',  ( 7.000000000000000000, 1.500000000000000000, -43.60000000000000142 ) ) ;
#2467 = MANIFOLD_SOLID_BREP ( '凸台-拉伸9[4]', #5063 ) ;
#2468 = AXIS2_PLACEMENT_3D ( 'NONE', #1408, #5342, #2554 ) ;
#2469 = CARTESIAN_POINT ( 'NONE',  ( 0.000000000000000000, -0.5000000000000000000, -41.29999999999999716 ) ) ;
#2470 = CARTESIAN_POINT ( 'NONE',  ( 33.69999999999999574, 1.500000000000000444, -6.999999999999999112 ) ) ;
#2471 = PLANE ( 'NONE',  #2807 ) ;
#2472 = DIRECTION ( 'NONE',  ( -2.216899010832984580E-16, -0.000000000000000000, 1.000000000000000000 ) ) ;
#2473 = VECTOR ( 'NONE', #3517, 1000.000000000000000 ) ;
#2474 = ORIENTED_EDGE ( 'NONE', *, *, #1273, .T. ) ;
#2475 = AXIS2_PLACEMENT_3D ( 'NONE', #2085, #4952, #6069 ) ;
#2476 = ORIENTED_EDGE ( 'NONE', *, *, #4320, .F. ) ;
#2477 = PLANE ( 'NONE',  #679 ) ;
#2478 = VECTOR ( 'NONE', #5888, 1000.000000000000000 ) ;
#2479 = LINE ( 'NONE', #147, #514 ) ;
#2480 = EDGE_CURVE ( 'NONE', #1820, #7303, #1788, .T. ) ;
#2481 = CARTESIAN_POINT ( 'NONE',  ( 28.00000000000000355, -0.5000000000000000000, -68.09999999999998010 ) ) ;
#2482 = EDGE_CURVE ( 'NONE', #5957, #6831, #3631, .T. ) ;
#2483 = CARTESIAN_POINT ( 'NONE',  ( 2.000000000000006217, -2.299999999999999822, -37.29999999999996874 ) ) ;
#2484 = ORIENTED_EDGE ( 'NONE', *, *, #7293, .T. ) ;
#2485 = VERTEX_POINT ( 'NONE', #5206 ) ;
#2486 = DIRECTION ( 'NONE',  ( 1.000000000000000000, 0.000000000000000000, -0.000000000000000000 ) ) ;
#2487 = DIRECTION ( 'NONE',  ( 0.000000000000000000, 0.000000000000000000, -1.000000000000000000 ) ) ;
#2488 = DIRECTION ( 'NONE',  ( 0.000000000000000000, 0.000000000000000000, 1.000000000000000000 ) ) ;
#2489 = EDGE_LOOP ( 'NONE', ( #2529, #6191, #6558, #4451 ) ) ;
#2490 = ORIENTED_EDGE ( 'NONE', *, *, #4986, .F. ) ;
#2491 = EDGE_CURVE ( 'NONE', #901, #3555, #1896, .T. ) ;
#2492 = CARTESIAN_POINT ( 'NONE',  ( 25.74999999999998934, -0.3000000000000000444, -68.90000000000001990 ) ) ;
#2493 = CARTESIAN_POINT ( 'NONE',  ( 28.74999999999998579, -0.3000000000000000444, -70.90000000000001990 ) ) ;
#2494 = DIRECTION ( 'NONE',  ( -0.000000000000000000, 1.000000000000000000, -0.000000000000000000 ) ) ;
#2495 = LINE ( 'NONE', #6469, #568 ) ;
#2496 = ORIENTED_EDGE ( 'NONE', *, *, #4724, .F. ) ;
#2497 = ORIENTED_EDGE ( 'NONE', *, *, #5210, .T. ) ;
#2498 = LINE ( 'NONE', #6548, #6409 ) ;
#2499 = FACE_OUTER_BOUND ( 'NONE', #4492, .T. ) ;
#2500 = DIRECTION ( 'NONE',  ( 0.000000000000000000, 1.000000000000000000, 0.000000000000000000 ) ) ;
#2501 = CARTESIAN_POINT ( 'NONE',  ( 23.99999999999998579, -0.2000000000000000111, -65.50000000000001421 ) ) ;
#2502 = EDGE_CURVE ( 'NONE', #4122, #5503, #1270, .T. ) ;
#2503 = FACE_OUTER_BOUND ( 'NONE', #4262, .T. ) ;
#2504 = LINE ( 'NONE', #5437, #945 ) ;
#2505 = ORIENTED_EDGE ( 'NONE', *, *, #4391, .F. ) ;
#2506 = VERTEX_POINT ( 'NONE', #4637 ) ;
#2507 = DIRECTION ( 'NONE',  ( 0.000000000000000000, 0.000000000000000000, 1.000000000000000000 ) ) ;
#2508 = VECTOR ( 'NONE', #7268, 1000.000000000000000 ) ;
#2509 = DIRECTION ( 'NONE',  ( 0.000000000000000000, 0.000000000000000000, 1.000000000000000000 ) ) ;
#2510 = LINE ( 'NONE', #814, #4585 ) ;
#2511 = LINE ( 'NONE', #1953, #2110 ) ;
#2512 = ORIENTED_EDGE ( 'NONE', *, *, #6114, .T. ) ;
#2513 = AXIS2_PLACEMENT_3D ( 'NONE', #5530, #7, #1087 ) ;
#2514 = VECTOR ( 'NONE', #3630, 1000.000000000000000 ) ;
#2515 = ORIENTED_EDGE ( 'NONE', *, *, #6475, .T. ) ;
#2516 = CARTESIAN_POINT ( 'NONE',  ( 28.00000000000000355, -0.5000000000000000000, -70.59999999999999432 ) ) ;
#2517 = LINE ( 'NONE', #6532, #4886 ) ;
#2518 = CARTESIAN_POINT ( 'NONE',  ( 32.20000000000000284, -0.5000000000000000000, -54.59999999999998010 ) ) ;
#2519 = DIRECTION ( 'NONE',  ( 1.000000000000000000, 0.000000000000000000, -0.000000000000000000 ) ) ;
#2520 = ORIENTED_EDGE ( 'NONE', *, *, #853, .T. ) ;
#2521 = ORIENTED_EDGE ( 'NONE', *, *, #3909, .T. ) ;
#2522 = VERTEX_POINT ( 'NONE', #4158 ) ;
#2523 = EDGE_CURVE ( 'NONE', #4752, #4461, #4494, .T. ) ;
#2524 = EDGE_CURVE ( 'NONE', #3212, #5869, #229, .T. ) ;
#2525 = DIRECTION ( 'NONE',  ( -0.7071067811865476838, 0.000000000000000000, -0.7071067811865474617 ) ) ;
#2526 = CARTESIAN_POINT ( 'NONE',  ( 28.73000000000000753, -0.2999999999999999889, -69.09999999999999432 ) ) ;
#2527 = CARTESIAN_POINT ( 'NONE',  ( 24.39999999999998792, -0.2000000000000000111, -58.89999999999999147 ) ) ;
#2528 = EDGE_CURVE ( 'NONE', #153, #4241, #720, .T. ) ;
#2529 = ORIENTED_EDGE ( 'NONE', *, *, #4722, .T. ) ;
#2530 = ORIENTED_EDGE ( 'NONE', *, *, #3419, .F. ) ;
#2531 = DIRECTION ( 'NONE',  ( 1.000000000000000000, 0.000000000000000000, 0.000000000000000000 ) ) ;
#2532 = CARTESIAN_POINT ( 'NONE',  ( 25.59999999999998010, 0.1000000000000000056, -64.84999999999999432 ) ) ;
#2533 = FACE_OUTER_BOUND ( 'NONE', #5462, .T. ) ;
#2534 = FACE_OUTER_BOUND ( 'NONE', #4684, .T. ) ;
#2535 = FACE_OUTER_BOUND ( 'NONE', #4973, .T. ) ;
#2536 = DIRECTION ( 'NONE',  ( -0.000000000000000000, -0.000000000000000000, 1.000000000000000000 ) ) ;
#2537 = VERTEX_POINT ( 'NONE', #751 ) ;
#2538 = EDGE_CURVE ( 'NONE', #5878, #6883, #1285, .T. ) ;
#2539 = VECTOR ( 'NONE', #4279, 1000.000000000000000 ) ;
#2540 = VECTOR ( 'NONE', #6687, 1000.000000000000000 ) ;
#2541 = VERTEX_POINT ( 'NONE', #3533 ) ;
#2542 = DIRECTION ( 'NONE',  ( -1.734723475976805517E-15, 0.000000000000000000, -1.000000000000000000 ) ) ;
#2543 = PLANE ( 'NONE',  #1566 ) ;
#2544 = LINE ( 'NONE', #4811, #681 ) ;
#2545 = LINE ( 'NONE', #7083, #4968 ) ;
#2546 = ORIENTED_EDGE ( 'NONE', *, *, #7105, .F. ) ;
#2547 = AXIS2_PLACEMENT_3D ( 'NONE', #56, #691, #162 ) ;
#2548 = CIRCLE ( 'NONE', #3139, 3.999999999999996447 ) ;
#2549 = ADVANCED_FACE ( 'NONE', ( #6425 ), #4607, .F. ) ;
#2550 = ORIENTED_EDGE ( 'NONE', *, *, #793, .F. ) ;
#2551 = CARTESIAN_POINT ( 'NONE',  ( 24.49999999999998934, -0.2000000000000000111, -58.90000000000001279 ) ) ;
#2552 = VECTOR ( 'NONE', #3754, 1000.000000000000000 ) ;
#2553 = CARTESIAN_POINT ( 'NONE',  ( 28.00000000000000711, -0.5000000000000000000, -71.09999999999999432 ) ) ;
#2554 = DIRECTION ( 'NONE',  ( -0.000000000000000000, 0.000000000000000000, 1.000000000000000000 ) ) ;
#2555 = DIRECTION ( 'NONE',  ( -0.000000000000000000, -1.000000000000000000, -0.000000000000000000 ) ) ;
#2556 = AXIS2_PLACEMENT_3D ( 'NONE', #54, #4471, #3466 ) ;
#2557 = ORIENTED_EDGE ( 'NONE', *, *, #2528, .T. ) ;
#2558 = EDGE_LOOP ( 'NONE', ( #1769, #5807, #6055, #2830 ) ) ;
#2559 = VECTOR ( 'NONE', #2995, 1000.000000000000000 ) ;
#2560 = DIRECTION ( 'NONE',  ( -0.000000000000000000, 1.000000000000000000, -0.000000000000000000 ) ) ;
#2561 = AXIS2_PLACEMENT_3D ( 'NONE', #3927, #6642, #1628 ) ;
#2562 = CARTESIAN_POINT ( 'NONE',  ( 28.70000000000000284, 1.500000000000000444, -41.60000000000000142 ) ) ;
#2563 = PLANE ( 'NONE',  #1616 ) ;
#2564 = EDGE_CURVE ( 'NONE', #5780, #4304, #4191, .T. ) ;
#2565 = VECTOR ( 'NONE', #358, 1000.000000000000000 ) ;
#2566 = EDGE_CURVE ( 'NONE', #7037, #3030, #7012, .T. ) ;
#2567 = ORIENTED_EDGE ( 'NONE', *, *, #1433, .T. ) ;
#2568 = ORIENTED_EDGE ( 'NONE', *, *, #1625, .T. ) ;
#2569 = ADVANCED_FACE ( 'NONE', ( #1926 ), #4053, .F. ) ;
#2570 = CIRCLE ( 'NONE', #2224, 4.999999999999998224 ) ;
#2571 = CARTESIAN_POINT ( 'NONE',  ( 26.49999999999998934, -0.3000000000000000444, -70.90000000000001990 ) ) ;
#2572 = CARTESIAN_POINT ( 'NONE',  ( 26.00000000000000000, -0.5000000000000000000, -47.59999999999999432 ) ) ;
#2573 = LINE ( 'NONE', #5951, #4089 ) ;
#2574 = PLANE ( 'NONE',  #1403 ) ;
#2575 = CARTESIAN_POINT ( 'NONE',  ( 28.00000000000000711, -0.3999999999999999667, -69.09999999999999432 ) ) ;
#2576 = LINE ( 'NONE', #4250, #231 ) ;
#2577 = ORIENTED_EDGE ( 'NONE', *, *, #1349, .F. ) ;
#2578 = VERTEX_POINT ( 'NONE', #5768 ) ;
#2579 = ADVANCED_FACE ( 'NONE', ( #2451 ), #684, .F. ) ;
#2580 = AXIS2_PLACEMENT_3D ( 'NONE', #1458, #3239, #428 ) ;
#2581 = ORIENTED_EDGE ( 'NONE', *, *, #3244, .T. ) ;
#2582 = DIRECTION ( 'NONE',  ( -0.000000000000000000, 1.000000000000000000, -0.000000000000000000 ) ) ;
#2583 = CARTESIAN_POINT ( 'NONE',  ( 6.000000000000000888, -0.1000000000000000056, -5.999999999999999112 ) ) ;
#2584 = LINE ( 'NONE', #6682, #5654 ) ;
#2585 = LOCAL_TIME ( 11, 27, 8.000000000000000000, #1739 ) ;
#2586 = LINE ( 'NONE', #5368, #5099 ) ;
#2587 = VECTOR ( 'NONE', #830, 1000.000000000000000 ) ;
#2588 = VERTEX_POINT ( 'NONE', #5373 ) ;
#2589 = VECTOR ( 'NONE', #3449, 1000.000000000000000 ) ;
#2590 = EDGE_LOOP ( 'NONE', ( #5817, #4253, #1092, #7169 ) ) ;
#2591 = DIRECTION ( 'NONE',  ( -0.000000000000000000, 1.000000000000000000, 0.000000000000000000 ) ) ;
#2592 = DIRECTION ( 'NONE',  ( -0.000000000000000000, 1.000000000000000000, -0.000000000000000000 ) ) ;
#2593 = DIRECTION ( 'NONE',  ( -1.000000000000000000, 0.000000000000000000, -0.000000000000000000 ) ) ;
#2594 = LINE ( 'NONE', #298, #6380 ) ;
#2595 = EDGE_CURVE ( 'NONE', #762, #2142, #3110, .T. ) ;
#2596 = AXIS2_PLACEMENT_3D ( 'NONE', #5042, #5519, #3290 ) ;
#2597 = EDGE_LOOP ( 'NONE', ( #4150, #2789, #3733, #780 ) ) ;
#2598 = ORIENTED_EDGE ( 'NONE', *, *, #2347, .T. ) ;
#2599 = PLANE ( 'NONE',  #1956 ) ;
#2600 = PLANE ( 'NONE',  #1731 ) ;
#2601 = FACE_OUTER_BOUND ( 'NONE', #6452, .T. ) ;
#2602 = ORIENTED_EDGE ( 'NONE', *, *, #7060, .T. ) ;
#2603 = ADVANCED_FACE ( 'NONE', ( #4894 ), #4743, .T. ) ;
#2604 = ORIENTED_EDGE ( 'NONE', *, *, #5348, .F. ) ;
#2605 = EDGE_LOOP ( 'NONE', ( #2270, #5763, #1683, #826 ) ) ;
#2606 = ADVANCED_FACE ( 'NONE', ( #4932 ), #1477, .F. ) ;
#2607 = CARTESIAN_POINT ( 'NONE',  ( 10.00000000000001243, -0.5000000000000000000, -56.09999999999999432 ) ) ;
#2608 = DIRECTION ( 'NONE',  ( -1.000000000000000000, 0.000000000000000000, 0.000000000000000000 ) ) ;
#2609 = CARTESIAN_POINT ( 'NONE',  ( 0.000000000000000000, -0.1000000000000000056, 0.000000000000000000 ) ) ;
#2610 = CARTESIAN_POINT ( 'NONE',  ( 27.24999999999998934, 0.000000000000000000, -70.90000000000001990 ) ) ;
#2611 = DIRECTION ( 'NONE',  ( 1.000000000000000000, 0.000000000000000000, 0.000000000000000000 ) ) ;
#2612 = CARTESIAN_POINT ( 'NONE',  ( 6.000000000000029310, -0.1000000000000000056, -2.000000000000000000 ) ) ;
#2613 = LINE ( 'NONE', #6151, #1873 ) ;
#2614 = MANIFOLD_SOLID_BREP ( '切除-拉伸1', #792 ) ;
#2615 = ORIENTED_EDGE ( 'NONE', *, *, #4448, .T. ) ;
#2616 = EDGE_LOOP ( 'NONE', ( #6209, #6686, #376, #4928 ) ) ;
#2617 = ADVANCED_FACE ( 'NONE', ( #6611 ), #295, .F. ) ;
#2618 = ADVANCED_FACE ( 'NONE', ( #6051 ), #2030, .T. ) ;
#2619 = VERTEX_POINT ( 'NONE', #2518 ) ;
#2620 = CARTESIAN_POINT ( 'NONE',  ( 6.999999999999999112, 1.500000000000000444, -2.000000000000004441 ) ) ;
#2621 = DIRECTION ( 'NONE',  ( 1.000000000000000000, 0.000000000000000000, 0.000000000000000000 ) ) ;
#2622 = CARTESIAN_POINT ( 'NONE',  ( 10.00000000000000533, -0.3999999999999999667, -44.59999999999999432 ) ) ;
#2623 = DIRECTION ( 'NONE',  ( 0.000000000000000000, -0.000000000000000000, -1.000000000000000000 ) ) ;
#2624 = DIRECTION ( 'NONE',  ( 0.000000000000000000, 0.000000000000000000, 1.000000000000000000 ) ) ;
#2625 = ADVANCED_FACE ( 'NONE', ( #7089 ), #1999, .T. ) ;
#2626 = EDGE_LOOP ( 'NONE', ( #5345, #5671, #4520, #47 ) ) ;
#2627 = ORIENTED_EDGE ( 'NONE', *, *, #1679, .F. ) ;
#2628 = DIRECTION ( 'NONE',  ( -0.000000000000000000, -1.000000000000000000, -0.000000000000000000 ) ) ;
#2629 = LINE ( 'NONE', #1998, #7137 ) ;
#2630 = DIRECTION ( 'NONE',  ( 0.000000000000000000, 1.000000000000000000, 0.000000000000000000 ) ) ;
#2631 = CARTESIAN_POINT ( 'NONE',  ( 49.19999999999999574, -0.3999999999999999667, -47.09999999999998010 ) ) ;
#2632 = VECTOR ( 'NONE', #883, 1000.000000000000000 ) ;
#2633 = AXIS2_PLACEMENT_3D ( 'NONE', #4299, #5452, #261 ) ;
#2634 = VERTEX_POINT ( 'NONE', #3078 ) ;
#2635 = ORIENTED_EDGE ( 'NONE', *, *, #649, .F. ) ;
#2636 = ADVANCED_FACE ( 'NONE', ( #885 ), #4781, .F. ) ;
#2637 = ADVANCED_FACE ( 'NONE', ( #5453 ), #7047, .F. ) ;
#2638 = DIRECTION ( 'NONE',  ( -0.000000000000000000, 1.000000000000000000, -0.000000000000000000 ) ) ;
#2639 = CARTESIAN_POINT ( 'NONE',  ( 17.84999999999999787, 1.500000000000000444, -41.60000000000000142 ) ) ;
#2640 = DIRECTION ( 'NONE',  ( -1.000000000000000000, 0.000000000000000000, 0.000000000000000000 ) ) ;
#2641 = EDGE_LOOP ( 'NONE', ( #2462, #3638, #3619, #2655 ) ) ;
#2642 = ORIENTED_EDGE ( 'NONE', *, *, #3223, .T. ) ;
#2643 = ORIENTED_EDGE ( 'NONE', *, *, #6283, .F. ) ;
#2644 = EDGE_CURVE ( 'NONE', #2415, #4410, #373, .T. ) ;
#2645 = DIRECTION ( 'NONE',  ( -1.000000000000000000, -0.000000000000000000, -0.000000000000000000 ) ) ;
#2646 = LINE ( 'NONE', #1496, #5398 ) ;
#2647 = DIRECTION ( 'NONE',  ( -0.7071067811865474617, -0.000000000000000000, 0.7071067811865476838 ) ) ;
#2648 = CARTESIAN_POINT ( 'NONE',  ( 9.000000000000005329, -0.5000000000000000000, -45.09999999999999432 ) ) ;
#2649 = PLANE ( 'NONE',  #202 ) ;
#2650 = DIRECTION ( 'NONE',  ( -1.387778780781444492E-15, 0.000000000000000000, 1.000000000000000000 ) ) ;
#2651 = LINE ( 'NONE', #6072, #5424 ) ;
#2652 = VERTEX_POINT ( 'NONE', #1962 ) ;
#2653 = EDGE_LOOP ( 'NONE', ( #6741, #5565, #6024, #824 ) ) ;
#2654 = B_SPLINE_CURVE_WITH_KNOTS ( 'NONE', 2,
 ( #5281, #4679, #6953 ),
 .UNSPECIFIED., .F., .F.,
 ( 3, 3 ),
 ( 0.000000000000000000, 1.000000000000000000 ),
 .UNSPECIFIED. ) ;
#2655 = ORIENTED_EDGE ( 'NONE', *, *, #92, .T. ) ;
#2656 = CARTESIAN_POINT ( 'NONE',  ( 27.70000000000000284, 1.500000000000000000, -3.000000000000004441 ) ) ;
#2657 = CARTESIAN_POINT ( 'NONE',  ( 29.04999999999998650, 0.000000000000000000, -70.90000000000001990 ) ) ;
#2658 = CARTESIAN_POINT ( 'NONE',  ( 32.50000000000000000, -0.6000000000000000888, -70.59999999999998010 ) ) ;
#2659 = DIRECTION ( 'NONE',  ( -1.000000000000000000, 0.000000000000000000, -0.000000000000000000 ) ) ;
#2660 = CARTESIAN_POINT ( 'NONE',  ( 46.79999999999999716, -0.7999999999999999334, 0.000000000000000000 ) ) ;
#2661 = EDGE_CURVE ( 'NONE', #3235, #7275, #4265, .T. ) ;
#2662 = EDGE_CURVE ( 'NONE', #4322, #1383, #409, .T. ) ;
#2663 = ORIENTED_EDGE ( 'NONE', *, *, #5695, .T. ) ;
#2664 = EDGE_CURVE ( 'NONE', #4261, #6136, #3667, .T. ) ;
#2665 = VECTOR ( 'NONE', #1587, 1000.000000000000000 ) ;
#2666 = ORIENTED_EDGE ( 'NONE', *, *, #6522, .F. ) ;
#2667 = DIRECTION ( 'NONE',  ( -1.000000000000000000, 0.000000000000000000, 2.081668171172108939E-13 ) ) ;
#2668 = EDGE_CURVE ( 'NONE', #3545, #2797, #2670, .T. ) ;
#2669 = LINE ( 'NONE', #7160, #749 ) ;
#2670 = LINE ( 'NONE', #7207, #2107 ) ;
#2671 = AXIS2_PLACEMENT_3D ( 'NONE', #5072, #7337, #4951 ) ;
#2672 = AXIS2_PLACEMENT_3D ( 'NONE', #3792, #6057, #972 ) ;
#2673 = CARTESIAN_POINT ( 'NONE',  ( 0.000000000000000000, -0.5000000000000000000, -54.59999999999998010 ) ) ;
#2674 = ORIENTED_EDGE ( 'NONE', *, *, #5080, .T. ) ;
#2675 = ORIENTED_EDGE ( 'NONE', *, *, #6419, .F. ) ;
#2676 = EDGE_LOOP ( 'NONE', ( #6851, #6123, #4673, #4554 ) ) ;
#2677 = AXIS2_PLACEMENT_3D ( 'NONE', #3577, #3681, #5819 ) ;
#2678 = PRODUCT_DEFINITION_SHAPE ( 'NONE', 'NONE',  #3192 ) ;
#2679 = DIRECTION ( 'NONE',  ( 0.000000000000000000, 0.000000000000000000, 1.000000000000000000 ) ) ;
#2680 = LINE ( 'NONE', #1713, #4211 ) ;
#2681 = LINE ( 'NONE', #898, #5525 ) ;
#2682 = ORIENTED_EDGE ( 'NONE', *, *, #3204, .F. ) ;
#2683 = EDGE_CURVE ( 'NONE', #4970, #4321, #4380, .T. ) ;
#2684 = VECTOR ( 'NONE', #2024, 1000.000000000000000 ) ;
#2685 = VERTEX_POINT ( 'NONE', #4625 ) ;
#2686 = CLOSED_SHELL ( 'NONE', ( #4745, #1205, #450, #2710, #3301, #1957, #7345, #3450, #5746, #3342 ) ) ;
#2687 = ORIENTED_EDGE ( 'NONE', *, *, #5650, .F. ) ;
#2688 = DIRECTION ( 'NONE',  ( 1.000000000000000000, 0.000000000000000000, 0.000000000000000000 ) ) ;
#2689 = DIRECTION ( 'NONE',  ( -1.734723475976805517E-15, -0.000000000000000000, -1.000000000000000000 ) ) ;
#2690 = CARTESIAN_POINT ( 'NONE',  ( 6.000000000000031086, -1.500000000000000000, -41.29999999999999716 ) ) ;
#2691 = CARTESIAN_POINT ( 'NONE',  ( 19.20000000000000284, -0.2000000000000000111, -43.04999999999999716 ) ) ;
#2692 = PLANE ( 'NONE',  #1041 ) ;
#2693 = CARTESIAN_POINT ( 'NONE',  ( 28.00000000000000711, -0.3999999999999999667, -71.09999999999999432 ) ) ;
#2694 = EDGE_CURVE ( 'NONE', #572, #5082, #6729, .T. ) ;
#2695 = ORIENTED_EDGE ( 'NONE', *, *, #1112, .F. ) ;
#2696 = ORIENTED_EDGE ( 'NONE', *, *, #5968, .F. ) ;
#2697 = VECTOR ( 'NONE', #3743, 1000.000000000000000 ) ;
#2698 = ORIENTED_EDGE ( 'NONE', *, *, #3260, .T. ) ;
#2699 = CARTESIAN_POINT ( 'NONE',  ( 49.19999999999999574, -0.5000000000000000000, -54.09999999999998010 ) ) ;
#2700 = LINE ( 'NONE', #1737, #1723 ) ;
#2701 = DIRECTION ( 'NONE',  ( 0.000000000000000000, 0.000000000000000000, 1.000000000000000000 ) ) ;
#2702 = CARTESIAN_POINT ( 'NONE',  ( 29.46000000000000796, -0.3999999999999999667, -69.09999999999999432 ) ) ;
#2703 = CARTESIAN_POINT ( 'NONE',  ( 49.19999999999999574, -0.5000000000000000000, -54.59999999999998010 ) ) ;
#2704 = DIRECTION ( 'NONE',  ( 0.000000000000000000, 0.000000000000000000, 1.000000000000000000 ) ) ;
#2705 = ORIENTED_EDGE ( 'NONE', *, *, #6526, .F. ) ;
#2706 = EDGE_LOOP ( 'NONE', ( #3724, #7157, #4233, #6189 ) ) ;
#2707 = VERTEX_POINT ( 'NONE', #3298 ) ;
#2708 = DIRECTION ( 'NONE',  ( 0.000000000000000000, 0.000000000000000000, -1.000000000000000000 ) ) ;
#2709 = ADVANCED_FACE ( 'NONE', ( #449 ), #6926, .T. ) ;
#2710 = ADVANCED_FACE ( 'NONE', ( #2147 ), #1678, .T. ) ;
#2711 = CARTESIAN_POINT ( 'NONE',  ( 7.000000000000000000, 1.500000000000000444, -36.60000000000000142 ) ) ;
#2712 = CARTESIAN_POINT ( 'NONE',  ( 29.69999999999999929, -1.500000000000000000, -6.000000000000000000 ) ) ;
#2713 = VECTOR ( 'NONE', #262, 1000.000000000000000 ) ;
#2714 = DIRECTION ( 'NONE',  ( 1.000000000000000000, 0.000000000000000000, -0.000000000000000000 ) ) ;
#2715 = ORIENTED_EDGE ( 'NONE', *, *, #4389, .F. ) ;
#2716 = AXIS2_PLACEMENT_3D ( 'NONE', #4602, #4050, #4566 ) ;
#2717 = VERTEX_POINT ( 'NONE', #1837 ) ;
#2718 = ORIENTED_EDGE ( 'NONE', *, *, #1396, .T. ) ;
#2719 = EDGE_CURVE ( 'NONE', #685, #3943, #3859, .T. ) ;
#2720 = CARTESIAN_POINT ( 'NONE',  ( 27.50000000000000355, -0.3999999999999999667, -70.59999999999999432 ) ) ;
#2721 = AXIS2_PLACEMENT_3D ( 'NONE', #4618, #6860, #1768 ) ;
#2722 = CARTESIAN_POINT ( 'NONE',  ( 24.39999999999998792, -0.2000000000000000111, -59.29999999999999005 ) ) ;
#2723 = ORIENTED_EDGE ( 'NONE', *, *, #353, .F. ) ;
#2724 = EDGE_CURVE ( 'NONE', #4019, #3253, #4961, .T. ) ;
#2725 = ORIENTED_EDGE ( 'NONE', *, *, #4130, .F. ) ;
#2726 = VERTEX_POINT ( 'NONE', #5014 ) ;
#2727 = DIRECTION ( 'NONE',  ( 0.000000000000000000, -0.000000000000000000, -1.000000000000000000 ) ) ;
#2728 = CARTESIAN_POINT ( 'NONE',  ( 27.24999999999998934, -0.3000000000000000444, -70.90000000000001990 ) ) ;
#2729 = CARTESIAN_POINT ( 'NONE',  ( 27.24999999999998934, 0.000000000000000000, -68.90000000000001990 ) ) ;
#2730 = DIRECTION ( 'NONE',  ( 0.000000000000000000, 0.000000000000000000, -1.000000000000000000 ) ) ;
#2731 = DIRECTION ( 'NONE',  ( 1.000000000000000000, 0.000000000000000000, 0.000000000000000000 ) ) ;
#2732 = CARTESIAN_POINT ( 'NONE',  ( 32.49999999999999289, -0.3999999999999999667, -68.09999999999998010 ) ) ;
#2733 = EDGE_LOOP ( 'NONE', ( #7138, #4268, #4604, #6145 ) ) ;
#2734 = ORIENTED_EDGE ( 'NONE', *, *, #2491, .T. ) ;
#2735 = ORIENTED_EDGE ( 'NONE', *, *, #3535, .F. ) ;
#2736 = DIRECTION ( 'NONE',  ( 0.000000000000000000, 0.000000000000000000, 1.000000000000000000 ) ) ;
#2737 = ADVANCED_FACE ( 'NONE', ( #6898 ), #2226, .F. ) ;
#2738 = CARTESIAN_POINT ( 'NONE',  ( 0.000000000000000000, -0.1000000000000000056, 0.000000000000000000 ) ) ;
#2739 = DIRECTION ( 'NONE',  ( -0.000000000000000000, -1.000000000000000000, -0.000000000000000000 ) ) ;
#2740 = DIRECTION ( 'NONE',  ( 0.000000000000000000, -0.000000000000000000, -1.000000000000000000 ) ) ;
#2741 = CARTESIAN_POINT ( 'NONE',  ( 20.20000000000000995, -0.2000000000000000111, -41.30000000000003268 ) ) ;
#2742 = ORIENTED_EDGE ( 'NONE', *, *, #3048, .F. ) ;
#2743 = VERTEX_POINT ( 'NONE', #6770 ) ;
#2744 = ORIENTED_EDGE ( 'NONE', *, *, #1245, .T. ) ;
#2745 = DIRECTION ( 'NONE',  ( 0.000000000000000000, 0.000000000000000000, 1.000000000000000000 ) ) ;
#2746 = CARTESIAN_POINT ( 'NONE',  ( 28.59999999999998010, 0.1000000000000000056, -63.34999999999998721 ) ) ;
#2747 = DIRECTION ( 'NONE',  ( 0.000000000000000000, 0.000000000000000000, -1.000000000000000000 ) ) ;
#2748 = DIRECTION ( 'NONE',  ( -1.000000000000000000, 0.000000000000000000, 0.000000000000000000 ) ) ;
#2749 = ORIENTED_EDGE ( 'NONE', *, *, #6171, .F. ) ;
#2750 = EDGE_LOOP ( 'NONE', ( #1053, #5236, #3121, #2770 ) ) ;
#2751 = ORIENTED_EDGE ( 'NONE', *, *, #7019, .F. ) ;
#2752 = DIRECTION ( 'NONE',  ( 0.000000000000000000, 0.000000000000000000, -1.000000000000000000 ) ) ;
#2753 = VECTOR ( 'NONE', #5518, 1000.000000000000000 ) ;
#2754 = CARTESIAN_POINT ( 'NONE',  ( 0.000000000000000000, -0.7999999999999999334, -53.29999999999997584 ) ) ;
#2755 = EDGE_CURVE ( 'NONE', #924, #4635, #5787, .T. ) ;
#2756 = VERTEX_POINT ( 'NONE', #4498 ) ;
#2757 = EDGE_CURVE ( 'NONE', #5659, #3853, #2783, .T. ) ;
#2758 = VECTOR ( 'NONE', #1259, 1000.000000000000000 ) ;
#2759 = ORIENTED_EDGE ( 'NONE', *, *, #2071, .T. ) ;
#2760 = ORIENTED_EDGE ( 'NONE', *, *, #3823, .F. ) ;
#2761 = CARTESIAN_POINT ( 'NONE',  ( 2.000000000000005329, -1.500000000000000000, -37.29999999999996874 ) ) ;
#2762 = EDGE_CURVE ( 'NONE', #4712, #1446, #6275, .T. ) ;
#2763 = CARTESIAN_POINT ( 'NONE',  ( 32.70000000000000284, 1.500000000000000000, -33.49999999999995737 ) ) ;
#2764 = LINE ( 'NONE', #2648, #3178 ) ;
#2765 = DIRECTION ( 'NONE',  ( -0.000000000000000000, 1.000000000000000000, -0.000000000000000000 ) ) ;
#2766 = FACE_OUTER_BOUND ( 'NONE', #696, .T. ) ;
#2767 = PLANE ( 'NONE',  #718 ) ;
#2768 = VERTEX_POINT ( 'NONE', #6689 ) ;
#2769 = EDGE_LOOP ( 'NONE', ( #276, #528, #1028, #7187, #6274, #3286, #2222, #1534 ) ) ;
#2770 = ORIENTED_EDGE ( 'NONE', *, *, #2143, .T. ) ;
#2771 = DIRECTION ( 'NONE',  ( 1.385561881770615147E-16, 0.000000000000000000, -1.000000000000000000 ) ) ;
#2772 = CARTESIAN_POINT ( 'NONE',  ( 49.04999999999999716, -0.5000000000000000000, -48.09999999999998010 ) ) ;
#2773 = FACE_OUTER_BOUND ( 'NONE', #3706, .T. ) ;
#2774 = APPROVAL_STATUS ( 'not_yet_approved' ) ;
#2775 = LINE ( 'NONE', #1632, #3395 ) ;
#2776 = CARTESIAN_POINT ( 'NONE',  ( 0.000000000000000000, -0.3999999999999999667, -48.39999999999999858 ) ) ;
#2777 = ORIENTED_EDGE ( 'NONE', *, *, #3944, .F. ) ;
#2778 = EDGE_LOOP ( 'NONE', ( #4055, #6538, #3413, #285 ) ) ;
#2779 = ADVANCED_FACE ( 'NONE', ( #5608 ), #4416, .F. ) ;
#2780 = ORIENTED_EDGE ( 'NONE', *, *, #5476, .F. ) ;
#2781 = CARTESIAN_POINT ( 'NONE',  ( 25.59999999999998010, 0.1000000000000000056, -63.34999999999998721 ) ) ;
#2782 = CARTESIAN_POINT ( 'NONE',  ( 15.89999999999998082, -0.2000000000000000111, -43.29999999999999716 ) ) ;
#2783 = LINE ( 'NONE', #7241, #1519 ) ;
#2784 = CARTESIAN_POINT ( 'NONE',  ( 30.19000000000000838, -0.3999999999999999667, -69.09999999999999432 ) ) ;
#2785 = VECTOR ( 'NONE', #2212, 1000.000000000000000 ) ;
#2786 = ADVANCED_FACE ( 'NONE', ( #5645 ), #2925, .F. ) ;
#2787 = ORIENTED_EDGE ( 'NONE', *, *, #6355, .F. ) ;
#2788 = ORIENTED_EDGE ( 'NONE', *, *, #2835, .F. ) ;
#2789 = ORIENTED_EDGE ( 'NONE', *, *, #4537, .F. ) ;
#2790 = VECTOR ( 'NONE', #4546, 1000.000000000000000 ) ;
#2791 = VECTOR ( 'NONE', #7097, 1000.000000000000000 ) ;
#2792 = DIRECTION ( 'NONE',  ( 0.000000000000000000, 0.000000000000000000, 1.000000000000000000 ) ) ;
#2793 = DIRECTION ( 'NONE',  ( 0.000000000000000000, 0.000000000000000000, -1.000000000000000000 ) ) ;
#2794 = ORIENTED_EDGE ( 'NONE', *, *, #2668, .F. ) ;
#2795 = AXIS2_PLACEMENT_3D ( 'NONE', #7006, #3002, #714 ) ;
#2796 = VECTOR ( 'NONE', #3008, 1000.000000000000000 ) ;
#2797 = VERTEX_POINT ( 'NONE', #7321 ) ;
#2798 = DIRECTION ( 'NONE',  ( -1.000000000000000000, 0.000000000000000000, -0.000000000000000000 ) ) ;
#2799 = DIRECTION ( 'NONE',  ( -0.000000000000000000, -1.000000000000000000, -0.000000000000000000 ) ) ;
#2800 = EDGE_CURVE ( 'NONE', #3005, #1914, #106, .T. ) ;
#2801 = CARTESIAN_POINT ( 'NONE',  ( 24.99999999999998579, -0.3000000000000000444, -70.90000000000001990 ) ) ;
#2802 = EDGE_CURVE ( 'NONE', #2422, #5017, #1251, .T. ) ;
#2803 = AXIS2_PLACEMENT_3D ( 'NONE', #2572, #4834, #7107 ) ;
#2804 = CARTESIAN_POINT ( 'NONE',  ( 6.999999999999999112, 0.5000000000000000000, -2.602085213965209853E-15 ) ) ;
#2805 = CARTESIAN_POINT ( 'NONE',  ( 0.000000000000000000, -0.7999999999999999334, -48.39999999999997726 ) ) ;
#2806 = PLANE ( 'NONE',  #442 ) ;
#2807 = AXIS2_PLACEMENT_3D ( 'NONE', #1252, #142, #6444 ) ;
#2808 = FACE_OUTER_BOUND ( 'NONE', #1300, .T. ) ;
#2809 = VERTEX_POINT ( 'NONE', #2963 ) ;
#2810 = VECTOR ( 'NONE', #842, 1000.000000000000000 ) ;
#2811 = ORIENTED_EDGE ( 'NONE', *, *, #2114, .T. ) ;
#2812 = VECTOR ( 'NONE', #5992, 1000.000000000000000 ) ;
#2813 = ORIENTED_EDGE ( 'NONE', *, *, #785, .F. ) ;
#2814 = LINE ( 'NONE', #4441, #7324 ) ;
#2815 = DIRECTION ( 'NONE',  ( 0.000000000000000000, 0.000000000000000000, -1.000000000000000000 ) ) ;
#2816 = DIRECTION ( 'NONE',  ( -0.000000000000000000, -1.000000000000000000, -0.000000000000000000 ) ) ;
#2817 = CIRCLE ( 'NONE', #2561, 3.999999999999996447 ) ;
#2818 = CARTESIAN_POINT ( 'NONE',  ( 17.84999999999999787, 1.500000000000000444, -41.60000000000000142 ) ) ;
#2819 = CARTESIAN_POINT ( 'NONE',  ( 29.69999999999997797, -0.1000000000000000056, -41.29999999999999716 ) ) ;
#2820 = VECTOR ( 'NONE', #2032, 1000.000000000000000 ) ;
#2821 = EDGE_LOOP ( 'NONE', ( #1853, #5369, #2368, #2009 ) ) ;
#2822 = EDGE_CURVE ( 'NONE', #16, #5058, #5226, .T. ) ;
#2823 = VERTEX_POINT ( 'NONE', #3259 ) ;
#2824 = CARTESIAN_POINT ( 'NONE',  ( 28.29999999999998650, 0.000000000000000000, -70.90000000000001990 ) ) ;
#2825 = VECTOR ( 'NONE', #3595, 1000.000000000000000 ) ;
#2826 = CARTESIAN_POINT ( 'NONE',  ( 14.90000000000000391, -0.2000000000000000111, -41.30000000000002558 ) ) ;
#2827 = DIRECTION ( 'NONE',  ( 0.000000000000000000, -0.000000000000000000, 1.000000000000000000 ) ) ;
#2828 = LINE ( 'NONE', #2264, #1169 ) ;
#2829 = ORIENTED_EDGE ( 'NONE', *, *, #6914, .T. ) ;
#2830 = ORIENTED_EDGE ( 'NONE', *, *, #4045, .T. ) ;
#2831 = AXIS2_PLACEMENT_3D ( 'NONE', #4062, #1145, #61 ) ;
#2832 = VECTOR ( 'NONE', #4802, 1000.000000000000000 ) ;
#2833 = PLANE ( 'NONE',  #270 ) ;
#2834 = DIRECTION ( 'NONE',  ( 1.385561881770615147E-16, 0.000000000000000000, -1.000000000000000000 ) ) ;
#2835 = EDGE_CURVE ( 'NONE', #6245, #7052, #4656, .T. ) ;
#2836 = PRODUCT_DEFINITION_FORMATION_WITH_SPECIFIED_SOURCE ( '任何', '', #7180, .NOT_KNOWN. ) ;
#2837 = EDGE_LOOP ( 'NONE', ( #534, #7035, #859, #753, #971, #167, #1651, #3737 ) ) ;
#2838 = VECTOR ( 'NONE', #3435, 1000.000000000000000 ) ;
#2839 = ORIENTED_EDGE ( 'NONE', *, *, #275, .T. ) ;
#2840 = LINE ( 'NONE', #2875, #3626 ) ;
#2841 = VECTOR ( 'NONE', #518, 1000.000000000000000 ) ;
#2842 = CARTESIAN_POINT ( 'NONE',  ( 33.70000000000000284, -1.500000000000000000, -6.000000000000028422 ) ) ;
#2843 = DIRECTION ( 'NONE',  ( 0.000000000000000000, 0.000000000000000000, 1.000000000000000000 ) ) ;
#2844 = FACE_OUTER_BOUND ( 'NONE', #2848, .T. ) ;
#2845 = DIRECTION ( 'NONE',  ( 1.000000000000000000, 0.000000000000000000, 0.000000000000000000 ) ) ;
#2846 = LINE ( 'NONE', #7224, #687 ) ;
#2847 = LINE ( 'NONE', #6820, #6880 ) ;
#2848 = EDGE_LOOP ( 'NONE', ( #4639, #3972, #7262, #3840, #4628, #6664, #5535, #1109, #6202 ) ) ;
#2849 = VECTOR ( 'NONE', #5076, 1000.000000000000000 ) ;
#2850 = ORIENTED_EDGE ( 'NONE', *, *, #4045, .F. ) ;
#2851 = ADVANCED_FACE ( 'NONE', ( #2534 ), #2574, .T. ) ;
#2852 = DIRECTION ( 'NONE',  ( 0.000000000000000000, 0.000000000000000000, -1.000000000000000000 ) ) ;
#2853 = CARTESIAN_POINT ( 'NONE',  ( 27.99999999999998579, -0.3000000000000000444, -68.90000000000001990 ) ) ;
#2854 = CARTESIAN_POINT ( 'NONE',  ( 9.000000000000005329, -0.5000000000000000000, 0.000000000000000000 ) ) ;
#2855 = LINE ( 'NONE', #35, #5532 ) ;
#2856 = CARTESIAN_POINT ( 'NONE',  ( 26.04999999999998650, 0.000000000000000000, -70.90000000000001990 ) ) ;
#2857 = EDGE_LOOP ( 'NONE', ( #1042, #1779, #6733, #2358 ) ) ;
#2858 = EDGE_CURVE ( 'NONE', #6028, #5024, #4839, .T. ) ;
#2859 = ADVANCED_FACE ( 'NONE', ( #4730 ), #5853, .F. ) ;
#2860 = ORIENTED_EDGE ( 'NONE', *, *, #5456, .F. ) ;
#2861 = CARTESIAN_POINT ( 'NONE',  ( 29.69999999999998153, -0.1000000000000000056, -63.34999999999998721 ) ) ;
#2862 = DIRECTION ( 'NONE',  ( 0.000000000000000000, -1.000000000000000000, 0.000000000000000000 ) ) ;
#2863 = EDGE_CURVE ( 'NONE', #3827, #6416, #4690, .T. ) ;
#2864 = CARTESIAN_POINT ( 'NONE',  ( 28.70000000000000284, 0.000000000000000000, -7.000000000000000000 ) ) ;
#2865 = DIRECTION ( 'NONE',  ( 0.000000000000000000, 0.000000000000000000, -1.000000000000000000 ) ) ;
#2866 = ORIENTED_EDGE ( 'NONE', *, *, #5709, .F. ) ;
#2867 = ORIENTED_EDGE ( 'NONE', *, *, #3369, .T. ) ;
#2868 = LINE ( 'NONE', #3200, #4541 ) ;
#2869 = DIRECTION ( 'NONE',  ( 0.000000000000000000, 0.000000000000000000, -1.000000000000000000 ) ) ;
#2870 = ORIENTED_EDGE ( 'NONE', *, *, #6018, .F. ) ;
#2871 = EDGE_CURVE ( 'NONE', #3218, #6173, #5555, .T. ) ;
#2872 = ORIENTED_EDGE ( 'NONE', *, *, #6544, .T. ) ;
#2873 = EDGE_CURVE ( 'NONE', #6831, #4971, #837, .T. ) ;
#2874 = VECTOR ( 'NONE', #4774, 1000.000000000000000 ) ;
#2875 = CARTESIAN_POINT ( 'NONE',  ( 48.55000000000000426, -0.7999999999999999334, 0.000000000000000000 ) ) ;
#2876 = CARTESIAN_POINT ( 'NONE',  ( 17.84999999999999787, 0.5000000000000000000, -43.60000000000000142 ) ) ;
#2877 = CARTESIAN_POINT ( 'NONE',  ( 28.70000000000000284, 1.244639535854047407, -42.73031945056171566 ) ) ;
#2878 = CARTESIAN_POINT ( 'NONE',  ( 47.04999999999999716, -0.7999999999999999334, -48.09999999999998010 ) ) ;
#2879 = FACE_OUTER_BOUND ( 'NONE', #2590, .T. ) ;
#2880 = CARTESIAN_POINT ( 'NONE',  ( 23.99999999999998579, -0.2000000000000000111, -59.29999999999999005 ) ) ;
#2881 = PLANE ( 'NONE',  #2721 ) ;
#2882 = CIRCLE ( 'NONE', #4295, 0.5000000000000004441 ) ;
#2883 = ORIENTED_EDGE ( 'NONE', *, *, #968, .F. ) ;
#2884 = VECTOR ( 'NONE', #4670, 1000.000000000000000 ) ;
#2885 = EDGE_CURVE ( 'NONE', #2537, #3253, #3650, .T. ) ;
#2886 = ORIENTED_EDGE ( 'NONE', *, *, #5980, .T. ) ;
#2887 = CARTESIAN_POINT ( 'NONE',  ( 28.73000000000000753, -0.3999999999999999667, -69.09999999999999432 ) ) ;
#2888 = CARTESIAN_POINT ( 'NONE',  ( 2.000000000000001776, 1.500000000000000444, -6.999999999999999112 ) ) ;
#2889 = PLANE ( 'NONE',  #5009 ) ;
#2890 = CARTESIAN_POINT ( 'NONE',  ( 6.000000000000031974, -0.1000000000000000056, -41.29999999999999716 ) ) ;
#2891 = FACE_OUTER_BOUND ( 'NONE', #4881, .T. ) ;
#2892 = EDGE_LOOP ( 'NONE', ( #1305, #83, #874, #2515 ) ) ;
#2893 = EDGE_LOOP ( 'NONE', ( #4853, #1524, #6789, #2932, #628, #1636, #3520, #1515 ) ) ;
#2894 = DIRECTION ( 'NONE',  ( 0.000000000000000000, 1.000000000000000000, 0.000000000000000000 ) ) ;
#2895 = PLANE ( 'NONE',  #4063 ) ;
#2896 = EDGE_CURVE ( 'NONE', #5093, #4439, #1943, .T. ) ;
#2897 = ADVANCED_FACE ( 'NONE', ( #281 ), #4000, .T. ) ;
#2898 = DIRECTION ( 'NONE',  ( 0.000000000000000000, -0.000000000000000000, -1.000000000000000000 ) ) ;
#2899 = EDGE_CURVE ( 'NONE', #2485, #3306, #1423, .T. ) ;
#2900 = CARTESIAN_POINT ( 'NONE',  ( 0.000000000000000000, -0.5000000000000000000, -41.29999999999999716 ) ) ;
#2901 = VERTEX_POINT ( 'NONE', #2470 ) ;
#2902 = ORIENTED_EDGE ( 'NONE', *, *, #604, .T. ) ;
#2903 = EDGE_CURVE ( 'NONE', #6834, #5708, #3683, .T. ) ;
#2904 = LINE ( 'NONE', #1719, #4177 ) ;
#2905 = DIRECTION ( 'NONE',  ( 0.000000000000000000, -1.000000000000000000, 0.000000000000000000 ) ) ;
#2906 = EDGE_LOOP ( 'NONE', ( #1445, #6311, #7136, #301 ) ) ;
#2907 = ADVANCED_FACE ( 'NONE', ( #5327 ), #736, .F. ) ;
#2908 = AXIS2_PLACEMENT_3D ( 'NONE', #4624, #5289, #6442 ) ;
#2909 = AXIS2_PLACEMENT_3D ( 'NONE', #2971, #2894, #1885 ) ;
#2910 = LINE ( 'NONE', #5772, #3274 ) ;
#2911 = LINE ( 'NONE', #3917, #6246 ) ;
#2912 = CARTESIAN_POINT ( 'NONE',  ( 29.04999999999999005, -0.3000000000000000444, -68.90000000000001990 ) ) ;
#2913 = DIRECTION ( 'NONE',  ( 0.000000000000000000, 0.000000000000000000, -1.000000000000000000 ) ) ;
#2914 = CARTESIAN_POINT ( 'NONE',  ( 28.70000000000000284, 0.000000000000000000, -4.336808689942017736E-15 ) ) ;
#2915 = ADVANCED_FACE ( 'NONE', ( #173 ), #245, .F. ) ;
#2916 = VECTOR ( 'NONE', #6329, 1000.000000000000000 ) ;
#2917 = VECTOR ( 'NONE', #5137, 1000.000000000000000 ) ;
#2918 = CARTESIAN_POINT ( 'NONE',  ( 14.89999999999998259, -0.2000000000000000111, -42.30000000000000426 ) ) ;
#2919 = EDGE_LOOP ( 'NONE', ( #6564, #1733, #6320, #3699 ) ) ;
#2920 = ORIENTED_EDGE ( 'NONE', *, *, #4724, .T. ) ;
#2921 = ORIENTED_EDGE ( 'NONE', *, *, #2369, .T. ) ;
#2922 = VECTOR ( 'NONE', #2608, 1000.000000000000000 ) ;
#2923 = DIRECTION ( 'NONE',  ( 0.000000000000000000, 0.000000000000000000, -1.000000000000000000 ) ) ;
#2924 = CARTESIAN_POINT ( 'NONE',  ( 8.673617379884035472E-16, 0.5000000000000000000, -36.60000000000000142 ) ) ;
#2925 = PLANE ( 'NONE',  #2354 ) ;
#2926 = EDGE_CURVE ( 'NONE', #2685, #617, #209, .T. ) ;
#2927 = LINE ( 'NONE', #6340, #5778 ) ;
#2928 = CARTESIAN_POINT ( 'NONE',  ( 0.000000000000000000, -0.3999999999999999667, -44.59999999999999432 ) ) ;
#2929 = CIRCLE ( 'NONE', #3146, 6.999999999999995559 ) ;
#2930 = ORIENTED_EDGE ( 'NONE', *, *, #4584, .F. ) ;
#2931 = VECTOR ( 'NONE', #5201, 1000.000000000000000 ) ;
#2932 = ORIENTED_EDGE ( 'NONE', *, *, #303, .F. ) ;
#2933 = DIRECTION ( 'NONE',  ( 0.000000000000000000, -0.000000000000000000, 1.000000000000000000 ) ) ;
#2934 = AXIS2_PLACEMENT_3D ( 'NONE', #5401, #2582, #4847 ) ;
#2935 = LINE ( 'NONE', #2972, #4765 ) ;
#2936 = PLANE ( 'NONE',  #4934 ) ;
#2937 = AXIS2_PLACEMENT_3D ( 'NONE', #59, #2952, #1868 ) ;
#2938 = CYLINDRICAL_SURFACE ( 'NONE', #4354, 0.5000000000000004441 ) ;
#2939 = EDGE_LOOP ( 'NONE', ( #775, #4026, #2178, #360 ) ) ;
#2940 = EDGE_CURVE ( 'NONE', #6656, #2979, #984, .T. ) ;
#2941 = AXIS2_PLACEMENT_3D ( 'NONE', #5867, #3957, #230 ) ;
#2942 = EDGE_CURVE ( 'NONE', #4285, #1000, #5990, .T. ) ;
#2943 = DIRECTION ( 'NONE',  ( 1.734723475976805517E-15, 0.000000000000000000, 1.000000000000000000 ) ) ;
#2944 = DIRECTION ( 'NONE',  ( -0.000000000000000000, -0.000000000000000000, 1.000000000000000000 ) ) ;
#2945 = ORIENTED_EDGE ( 'NONE', *, *, #379, .T. ) ;
#2946 = EDGE_CURVE ( 'NONE', #7173, #5173, #4315, .T. ) ;
#2947 = DIRECTION ( 'NONE',  ( 0.000000000000000000, 1.000000000000000000, 0.000000000000000000 ) ) ;
#2948 = CARTESIAN_POINT ( 'NONE',  ( 0.000000000000000000, 0.000000000000000000, -7.000000000000000000 ) ) ;
#2949 = CC_DESIGN_APPROVAL ( #3441, ( #2836 ) ) ;
#2950 = FACE_OUTER_BOUND ( 'NONE', #5652, .T. ) ;
#2951 = CARTESIAN_POINT ( 'NONE',  ( 29.76000000000000512, -0.3999999999999999667, -71.09999999999999432 ) ) ;
#2952 = DIRECTION ( 'NONE',  ( -0.000000000000000000, 1.000000000000000000, 0.000000000000000000 ) ) ;
#2953 = ADVANCED_FACE ( 'NONE', ( #4280 ), #3205, .F. ) ;
#2954 = VECTOR ( 'NONE', #7109, 1000.000000000000000 ) ;
#2955 = DIRECTION ( 'NONE',  ( 0.000000000000000000, 1.000000000000000000, 0.000000000000000000 ) ) ;
#2956 = ORIENTED_EDGE ( 'NONE', *, *, #846, .F. ) ;
#2957 = ORIENTED_EDGE ( 'NONE', *, *, #1040, .T. ) ;
#2958 = ORIENTED_EDGE ( 'NONE', *, *, #1097, .T. ) ;
#2959 = VECTOR ( 'NONE', #3251, 1000.000000000000000 ) ;
#2960 = DIRECTION ( 'NONE',  ( -1.000000000000000000, 0.000000000000000000, -0.000000000000000000 ) ) ;
#2961 = CARTESIAN_POINT ( 'NONE',  ( 32.00000000000000000, -0.5000000000000000000, -71.09999999999998010 ) ) ;
#2962 = DIRECTION ( 'NONE',  ( -0.000000000000000000, -1.000000000000000000, -0.000000000000000000 ) ) ;
#2963 = CARTESIAN_POINT ( 'NONE',  ( 49.69999999999999574, -0.2999999999999999889, -47.59999999999998010 ) ) ;
#2964 = APPROVAL_ROLE ( '' ) ;
#2965 = DIRECTION ( 'NONE',  ( -1.734723475976805517E-15, -0.000000000000000000, -1.000000000000000000 ) ) ;
#2966 = VECTOR ( 'NONE', #3282, 1000.000000000000000 ) ;
#2967 = DIRECTION ( 'NONE',  ( 0.000000000000000000, 0.000000000000000000, 1.000000000000000000 ) ) ;
#2968 = ORIENTED_EDGE ( 'NONE', *, *, #2376, .F. ) ;
#2969 = ADVANCED_FACE ( 'NONE', ( #5587 ), #7222, .F. ) ;
#2970 = EDGE_LOOP ( 'NONE', ( #2474, #6164, #2725, #4662 ) ) ;
#2971 = CARTESIAN_POINT ( 'NONE',  ( 0.000000000000000000, 0.1000000000000000056, 0.000000000000000000 ) ) ;
#2972 = CARTESIAN_POINT ( 'NONE',  ( 7.000000000000000000, 1.500000000000000000, -3.000000000000002665 ) ) ;
#2973 = LINE ( 'NONE', #4775, #195 ) ;
#2974 = CYLINDRICAL_SURFACE ( 'NONE', #5315, 0.5000000000000004441 ) ;
#2975 = VERTEX_POINT ( 'NONE', #6588 ) ;
#2976 = VERTEX_POINT ( 'NONE', #6551 ) ;
#2977 = DIRECTION ( 'NONE',  ( -0.000000000000000000, -1.000000000000000000, -0.000000000000000000 ) ) ;
#2978 = CARTESIAN_POINT ( 'NONE',  ( 19.20000000000000284, -0.2000000000000000111, -42.30000000000000426 ) ) ;
#2979 = VERTEX_POINT ( 'NONE', #2610 ) ;
#2980 = DIRECTION ( 'NONE',  ( 1.000000000000000000, 0.000000000000000000, 0.000000000000000000 ) ) ;
#2981 = PLANE ( 'NONE',  #7304 ) ;
#2982 = CARTESIAN_POINT ( 'NONE',  ( 31.95000000000000639, -0.3999999999999999667, -71.09999999999999432 ) ) ;
#2983 = ADVANCED_FACE ( 'NONE', ( #6034 ), #3718, .F. ) ;
#2984 = PLANE ( 'NONE',  #4589 ) ;
#2985 = EDGE_CURVE ( 'NONE', #4824, #2422, #503, .T. ) ;
#2986 = LINE ( 'NONE', #728, #4611 ) ;
#2987 = ORIENTED_EDGE ( 'NONE', *, *, #3985, .T. ) ;
#2988 = ORIENTED_EDGE ( 'NONE', *, *, #6187, .F. ) ;
#2989 = EDGE_CURVE ( 'NONE', #3663, #5077, #3779, .T. ) ;
#2990 = LINE ( 'NONE', #2360, #6890 ) ;
#2991 = DIRECTION ( 'NONE',  ( 0.000000000000000000, -0.000000000000000000, -1.000000000000000000 ) ) ;
#2992 = CARTESIAN_POINT ( 'NONE',  ( 28.70000000000000284, 1.500000000000000444, -36.60000000000000142 ) ) ;
#2993 = CARTESIAN_POINT ( 'NONE',  ( 6.000000000000029310, -0.1000000000000000056, -2.000000000000000000 ) ) ;
#2994 = AXIS2_PLACEMENT_3D ( 'NONE', #2516, #1516, #4892 ) ;
#2995 = DIRECTION ( 'NONE',  ( -0.000000000000000000, -1.000000000000000000, -0.000000000000000000 ) ) ;
#2996 = CARTESIAN_POINT ( 'NONE',  ( 11.30000000000000604, -0.3999999999999999667, 0.000000000000000000 ) ) ;
#2997 = VECTOR ( 'NONE', #7088, 1000.000000000000000 ) ;
#2998 = ORIENTED_EDGE ( 'NONE', *, *, #1009, .T. ) ;
#2999 = VERTEX_POINT ( 'NONE', #1499 ) ;
#3000 = DIRECTION ( 'NONE',  ( -1.000000000000000000, 0.000000000000000000, -0.000000000000000000 ) ) ;
#3001 = CARTESIAN_POINT ( 'NONE',  ( 46.89999999999999858, -0.3999999999999999667, -47.09999999999998010 ) ) ;
#3002 = DIRECTION ( 'NONE',  ( 0.000000000000000000, 0.000000000000000000, -1.000000000000000000 ) ) ;
#3003 = DIRECTION ( 'NONE',  ( -1.000000000000000000, 0.000000000000000000, 0.000000000000000000 ) ) ;
#3004 = EDGE_CURVE ( 'NONE', #3018, #2975, #2764, .T. ) ;
#3005 = VERTEX_POINT ( 'NONE', #2690 ) ;
#3006 = ORIENTED_EDGE ( 'NONE', *, *, #2333, .F. ) ;
#3007 = DIRECTION ( 'NONE',  ( -1.000000000000000000, 0.000000000000000000, 0.000000000000000000 ) ) ;
#3008 = DIRECTION ( 'NONE',  ( -1.734723475976805517E-15, -0.000000000000000000, -1.000000000000000000 ) ) ;
#3009 = CARTESIAN_POINT ( 'NONE',  ( 28.73000000000000753, -0.2999999999999999889, -71.09999999999999432 ) ) ;
#3010 = EDGE_CURVE ( 'NONE', #2328, #5601, #708, .T. ) ;
#3011 = EDGE_LOOP ( 'NONE', ( #2433, #6788, #672, #4785 ) ) ;
#3012 = CARTESIAN_POINT ( 'NONE',  ( 0.000000000000000000, -0.5000000000000000000, -41.29999999999999716 ) ) ;
#3013 = CARTESIAN_POINT ( 'NONE',  ( 46.89999999999999858, -0.2999999999999999889, -54.59999999999998010 ) ) ;
#3014 = CARTESIAN_POINT ( 'NONE',  ( 25.74999999999998579, -0.1000000000000000056, -59.39999999999999858 ) ) ;
#3015 = FACE_OUTER_BOUND ( 'NONE', #1291, .T. ) ;
#3016 = ORIENTED_EDGE ( 'NONE', *, *, #7351, .T. ) ;
#3017 = VECTOR ( 'NONE', #3954, 1000.000000000000000 ) ;
#3018 = VERTEX_POINT ( 'NONE', #2047 ) ;
#3019 = EDGE_CURVE ( 'NONE', #5890, #6500, #7257, .T. ) ;
#3020 = EDGE_CURVE ( 'NONE', #5077, #4234, #1540, .T. ) ;
#3021 = LINE ( 'NONE', #3055, #4043 ) ;
#3022 = DIRECTION ( 'NONE',  ( 0.000000000000000000, 1.000000000000000000, 0.000000000000000000 ) ) ;
#3023 = DIRECTION ( 'NONE',  ( -1.000000000000000000, 0.000000000000000000, -0.000000000000000000 ) ) ;
#3024 = VECTOR ( 'NONE', #2708, 1000.000000000000000 ) ;
#3025 = DIRECTION ( 'NONE',  ( -0.000000000000000000, 0.000000000000000000, -1.000000000000000000 ) ) ;
#3026 = DIRECTION ( 'NONE',  ( 1.000000000000000000, 0.000000000000000000, 0.000000000000000000 ) ) ;
#3027 = FACE_OUTER_BOUND ( 'NONE', #292, .T. ) ;
#3028 = ORIENTED_EDGE ( 'NONE', *, *, #7156, .T. ) ;
#3029 = VECTOR ( 'NONE', #5422, 1000.000000000000000 ) ;
#3030 = VERTEX_POINT ( 'NONE', #7179 ) ;
#3031 = PLANE ( 'NONE',  #1366 ) ;
#3032 = CARTESIAN_POINT ( 'NONE',  ( 10.70000000000000639, -0.3999999999999999667, -44.89999999999999858 ) ) ;
#3033 = DIRECTION ( 'NONE',  ( 0.000000000000000000, 0.000000000000000000, 1.000000000000000000 ) ) ;
#3034 = AXIS2_PLACEMENT_3D ( 'NONE', #3992, #5700, #4512 ) ;
#3035 = DIRECTION ( 'NONE',  ( -1.541976423090493661E-15, -0.000000000000000000, -1.000000000000000000 ) ) ;
#3036 = EDGE_CURVE ( 'NONE', #3841, #2381, #4136, .T. ) ;
#3037 = VECTOR ( 'NONE', #2139, 1000.000000000000000 ) ;
#3038 = ORIENTED_EDGE ( 'NONE', *, *, #5595, .T. ) ;
#3039 = B_SPLINE_CURVE_WITH_KNOTS ( 'NONE', 2,
 ( #5922, #4840, #6554 ),
 .UNSPECIFIED., .F., .F.,
 ( 3, 3 ),
 ( 0.000000000000000000, 1.000000000000000000 ),
 .UNSPECIFIED. ) ;
#3040 = CLOSED_SHELL ( 'NONE', ( #5771, #5312, #2637, #747, #5378, #3750 ) ) ;
#3041 = VECTOR ( 'NONE', #5032, 1000.000000000000000 ) ;
#3042 = DIRECTION ( 'NONE',  ( 1.000000000000000000, 0.000000000000000000, 3.469446951953620105E-15 ) ) ;
#3043 = CARTESIAN_POINT ( 'NONE',  ( 8.000000000000000000, 1.500000000000000000, -33.50000000000000000 ) ) ;
#3044 = CARTESIAN_POINT ( 'NONE',  ( 25.09999999999998010, -0.1000000000000000056, -63.34999999999998721 ) ) ;
#3045 = ORIENTED_EDGE ( 'NONE', *, *, #5616, .F. ) ;
#3046 = CIRCLE ( 'NONE', #2941, 0.5000000000000004441 ) ;
#3047 = ORIENTED_EDGE ( 'NONE', *, *, #682, .F. ) ;
#3048 = EDGE_CURVE ( 'NONE', #3421, #963, #6667, .T. ) ;
#3049 = CARTESIAN_POINT ( 'NONE',  ( 29.69999999999998153, 0.1000000000000000056, -64.84999999999999432 ) ) ;
#3050 = CARTESIAN_POINT ( 'NONE',  ( 17.84999999999999787, 0.5000000000000000000, -43.60000000000000142 ) ) ;
#3051 = CARTESIAN_POINT ( 'NONE',  ( 20.19999999999999574, -0.2000000000000000111, -42.30000000000002558 ) ) ;
#3052 = LINE ( 'NONE', #4756, #7076 ) ;
#3053 = VERTEX_POINT ( 'NONE', #6105 ) ;
#3054 = ORIENTED_EDGE ( 'NONE', *, *, #2822, .T. ) ;
#3055 = CARTESIAN_POINT ( 'NONE',  ( 6.000000000000032863, -0.1000000000000000056, -41.29999999999999716 ) ) ;
#3056 = DIRECTION ( 'NONE',  ( 1.000000000000000000, 0.000000000000000000, -0.000000000000000000 ) ) ;
#3057 = AXIS2_PLACEMENT_3D ( 'NONE', #6946, #190, #3496 ) ;
#3058 = CARTESIAN_POINT ( 'NONE',  ( 28.00000000000000711, -0.6000000000000000888, -67.59999999999998010 ) ) ;
#3059 = CARTESIAN_POINT ( 'NONE',  ( 35.69999999999999574, 0.5000000000000000000, -2.899494936611672014 ) ) ;
#3060 = DIRECTION ( 'NONE',  ( 1.000000000000000000, -0.000000000000000000, -0.000000000000000000 ) ) ;
#3061 = PLANE ( 'NONE',  #2118 ) ;
#3062 = VECTOR ( 'NONE', #668, 1000.000000000000000 ) ;
#3063 = ORIENTED_EDGE ( 'NONE', *, *, #469, .F. ) ;
#3064 = AXIS2_PLACEMENT_3D ( 'NONE', #1380, #236, #3085 ) ;
#3065 = ORIENTED_EDGE ( 'NONE', *, *, #2257, .T. ) ;
#3066 = PLANE ( 'NONE',  #4466 ) ;
#3067 = VECTOR ( 'NONE', #5993, 1000.000000000000000 ) ;
#3068 = DIRECTION ( 'NONE',  ( -0.000000000000000000, -1.000000000000000000, -0.000000000000000000 ) ) ;
#3069 = CARTESIAN_POINT ( 'NONE',  ( 49.19999999999999574, -0.3999999999999999667, -54.59999999999998010 ) ) ;
#3070 = CARTESIAN_POINT ( 'NONE',  ( 29.03000000000000824, -0.2999999999999999889, -71.09999999999999432 ) ) ;
#3071 = EDGE_CURVE ( 'NONE', #4304, #5503, #1024, .T. ) ;
#3072 = VERTEX_POINT ( 'NONE', #2729 ) ;
#3073 = ADVANCED_FACE ( 'NONE', ( #6702 ), #1617, .T. ) ;
#3074 = ORIENTED_EDGE ( 'NONE', *, *, #84, .T. ) ;
#3075 = CARTESIAN_POINT ( 'NONE',  ( 28.19999999999999218, -0.2000000000000000111, -65.55000000000001137 ) ) ;
#3076 = ADVANCED_FACE ( 'NONE', ( #1240 ), #5776, .T. ) ;
#3077 = CARTESIAN_POINT ( 'NONE',  ( 28.74999999999998224, 0.1000000000000000056, -62.40000000000000568 ) ) ;
#3078 = CARTESIAN_POINT ( 'NONE',  ( 0.000000000000000000, 0.000000000000000000, -36.60000000000000142 ) ) ;
#3079 = CARTESIAN_POINT ( 'NONE',  ( 25.29999999999998650, -0.3000000000000000444, -70.90000000000001990 ) ) ;
#3080 = ORIENTED_EDGE ( 'NONE', *, *, #4751, .T. ) ;
#3081 = ORIENTED_EDGE ( 'NONE', *, *, #1680, .T. ) ;
#3082 = ORIENTED_EDGE ( 'NONE', *, *, #1764, .F. ) ;
#3083 = FACE_OUTER_BOUND ( 'NONE', #5219, .T. ) ;
#3084 = DIRECTION ( 'NONE',  ( -0.000000000000000000, -1.000000000000000000, -0.000000000000000000 ) ) ;
#3085 = DIRECTION ( 'NONE',  ( 0.000000000000000000, -0.000000000000000000, -1.000000000000000000 ) ) ;
#3086 = ORIENTED_EDGE ( 'NONE', *, *, #1097, .F. ) ;
#3087 = EDGE_CURVE ( 'NONE', #5707, #6276, #5112, .T. ) ;
#3088 = ORIENTED_EDGE ( 'NONE', *, *, #2281, .T. ) ;
#3089 = CARTESIAN_POINT ( 'NONE',  ( 25.74999999999998579, 0.1000000000000000056, -62.40000000000000568 ) ) ;
#3090 = PLANE ( 'NONE',  #4681 ) ;
#3091 = CARTESIAN_POINT ( 'NONE',  ( 30.49000000000000909, -0.3999999999999999667, -69.09999999999999432 ) ) ;
#3092 = DIRECTION ( 'NONE',  ( -0.000000000000000000, 1.000000000000000000, -0.000000000000000000 ) ) ;
#3093 = DIRECTION ( 'NONE',  ( -1.000000000000000000, 0.000000000000000000, -1.387778780781444492E-15 ) ) ;
#3094 = DIRECTION ( 'NONE',  ( -0.000000000000000000, -1.000000000000000000, -0.000000000000000000 ) ) ;
#3095 = EDGE_CURVE ( 'NONE', #3663, #3773, #6889, .T. ) ;
#3096 = VERTEX_POINT ( 'NONE', #1794 ) ;
#3097 = ORIENTED_EDGE ( 'NONE', *, *, #5543, .T. ) ;
#3098 = LINE ( 'NONE', #3620, #312 ) ;
#3099 = VECTOR ( 'NONE', #5366, 1000.000000000000000 ) ;
#3100 = DIRECTION ( 'NONE',  ( -0.000000000000000000, 1.000000000000000000, -0.000000000000000000 ) ) ;
#3101 = CARTESIAN_POINT ( 'NONE',  ( 25.09999999999998010, 0.1000000000000000056, -63.34999999999998721 ) ) ;
#3102 = CARTESIAN_POINT ( 'NONE',  ( 6.000000000000000888, -1.500000000000000000, -5.999999999999999112 ) ) ;
#3103 = ORIENTED_EDGE ( 'NONE', *, *, #4298, .F. ) ;
#3104 = AXIS2_PLACEMENT_3D ( 'NONE', #6971, #6314, #6420 ) ;
#3105 = ORIENTED_EDGE ( 'NONE', *, *, #1179, .F. ) ;
#3106 = DIRECTION ( 'NONE',  ( -1.000000000000000000, 0.000000000000000000, 0.000000000000000000 ) ) ;
#3107 = EDGE_CURVE ( 'NONE', #233, #5613, #4475, .T. ) ;
#3108 = EDGE_CURVE ( 'NONE', #6805, #3759, #2313, .T. ) ;
#3109 = CARTESIAN_POINT ( 'NONE',  ( 6.000000000000031086, -1.500000000000000000, -41.29999999999999716 ) ) ;
#3110 = LINE ( 'NONE', #1518, #2713 ) ;
#3111 = LINE ( 'NONE', #4897, #6010 ) ;
#3112 = ORIENTED_EDGE ( 'NONE', *, *, #6064, .T. ) ;
#3113 = EDGE_CURVE ( 'NONE', #1842, #4460, #6748, .T. ) ;
#3114 = ORIENTED_EDGE ( 'NONE', *, *, #2456, .F. ) ;
#3115 = VERTEX_POINT ( 'NONE', #6782 ) ;
#3116 = DIRECTION ( 'NONE',  ( 0.000000000000000000, 0.000000000000000000, -1.000000000000000000 ) ) ;
#3117 = FACE_OUTER_BOUND ( 'NONE', #2597, .T. ) ;
#3118 = DIRECTION ( 'NONE',  ( 1.000000000000000000, -0.000000000000000000, -0.000000000000000000 ) ) ;
#3119 = ORIENTED_EDGE ( 'NONE', *, *, #4597, .T. ) ;
#3120 = EDGE_CURVE ( 'NONE', #1156, #2522, #1659, .T. ) ;
#3121 = ORIENTED_EDGE ( 'NONE', *, *, #6661, .F. ) ;
#3122 = DIRECTION ( 'NONE',  ( 1.000000000000000000, 0.000000000000000000, 4.205390244792263776E-16 ) ) ;
#3123 = DIRECTION ( 'NONE',  ( -0.000000000000000000, -0.000000000000000000, 1.000000000000000000 ) ) ;
#3124 = LINE ( 'NONE', #5390, #665 ) ;
#3125 = DIRECTION ( 'NONE',  ( -0.000000000000000000, 1.000000000000000000, -0.000000000000000000 ) ) ;
#3126 = DIRECTION ( 'NONE',  ( -1.000000000000000000, 0.000000000000000000, 0.000000000000000000 ) ) ;
#3127 = PLANE ( 'NONE',  #6637 ) ;
#3128 = ORIENTED_EDGE ( 'NONE', *, *, #6411, .T. ) ;
#3129 = VERTEX_POINT ( 'NONE', #4060 ) ;
#3130 = VECTOR ( 'NONE', #3164, 1000.000000000000000 ) ;
#3131 = ORIENTED_EDGE ( 'NONE', *, *, #6999, .T. ) ;
#3132 = DIRECTION ( 'NONE',  ( 1.000000000000000000, 0.000000000000000000, -0.000000000000000000 ) ) ;
#3133 = EDGE_CURVE ( 'NONE', #4321, #4001, #3463, .T. ) ;
#3134 = CARTESIAN_POINT ( 'NONE',  ( 24.99999999999998579, 0.000000000000000000, -70.90000000000001990 ) ) ;
#3135 = CARTESIAN_POINT ( 'NONE',  ( 5.080887426301077839E-16, 0.5000000000000000000, -2.899494936611664908 ) ) ;
#3136 = CARTESIAN_POINT ( 'NONE',  ( 24.49999999999998579, -0.1000000000000000056, -70.40000000000001990 ) ) ;
#3137 = ORIENTED_EDGE ( 'NONE', *, *, #3210, .F. ) ;
#3138 = VECTOR ( 'NONE', #2689, 1000.000000000000000 ) ;
#3139 = AXIS2_PLACEMENT_3D ( 'NONE', #937, #3230, #2005 ) ;
#3140 = ORIENTED_EDGE ( 'NONE', *, *, #6930, .F. ) ;
#3141 = CARTESIAN_POINT ( 'NONE',  ( 31.65000000000000568, -0.2999999999999999889, -69.09999999999999432 ) ) ;
#3142 = VECTOR ( 'NONE', #6474, 1000.000000000000000 ) ;
#3143 = DIRECTION ( 'NONE',  ( 1.000000000000000000, 0.000000000000000000, 0.000000000000000000 ) ) ;
#3144 = CARTESIAN_POINT ( 'NONE',  ( 24.99999999999998579, -0.3000000000000000444, -68.90000000000001990 ) ) ;
#3145 = LINE ( 'NONE', #5455, #5792 ) ;
#3146 = AXIS2_PLACEMENT_3D ( 'NONE', #4545, #2947, #1655 ) ;
#3147 = ORIENTED_EDGE ( 'NONE', *, *, #2403, .T. ) ;
#3148 = VERTEX_POINT ( 'NONE', #2352 ) ;
#3149 = EDGE_LOOP ( 'NONE', ( #4778, #4650, #1701, #6978 ) ) ;
#3150 = ADVANCED_FACE ( 'NONE', ( #2844, #4614 ), #5624, .T. ) ;
#3151 = AXIS2_PLACEMENT_3D ( 'NONE', #210, #4731, #7000 ) ;
#3152 = CARTESIAN_POINT ( 'NONE',  ( 46.39999999999999858, -0.5000000000000000000, 0.000000000000000000 ) ) ;
#3153 = CARTESIAN_POINT ( 'NONE',  ( 30.49000000000000554, -0.3999999999999999667, -71.09999999999999432 ) ) ;
#3154 = CARTESIAN_POINT ( 'NONE',  ( 24.49999999999998579, -0.2000000000000000111, -70.40000000000001990 ) ) ;
#3155 = AXIS2_PLACEMENT_3D ( 'NONE', #727, #693, #5147 ) ;
#3156 = EDGE_CURVE ( 'NONE', #5984, #7264, #6330, .T. ) ;
#3157 = ORIENTED_EDGE ( 'NONE', *, *, #5297, .T. ) ;
#3158 = ORIENTED_EDGE ( 'NONE', *, *, #1625, .F. ) ;
#3159 = ORIENTED_EDGE ( 'NONE', *, *, #1452, .T. ) ;
#3160 = AXIS2_PLACEMENT_3D ( 'NONE', #7091, #7162, #4822 ) ;
#3161 = FACE_OUTER_BOUND ( 'NONE', #1592, .T. ) ;
#3162 = DIRECTION ( 'NONE',  ( -1.000000000000000000, 0.000000000000000000, -0.000000000000000000 ) ) ;
#3163 = ADVANCED_FACE ( 'NONE', ( #3470 ), #540, .F. ) ;
#3164 = DIRECTION ( 'NONE',  ( 0.000000000000000000, 0.000000000000000000, 1.000000000000000000 ) ) ;
#3165 = DIRECTION ( 'NONE',  ( 0.000000000000000000, 0.000000000000000000, -1.000000000000000000 ) ) ;
#3166 = LINE ( 'NONE', #3206, #1634 ) ;
#3167 = CARTESIAN_POINT ( 'NONE',  ( 29.69999999999997442, -1.500000000000000000, -2.000000000000000000 ) ) ;
#3168 = DIRECTION ( 'NONE',  ( 0.000000000000000000, 0.000000000000000000, 1.000000000000000000 ) ) ;
#3169 = VERTEX_POINT ( 'NONE', #3503 ) ;
#3170 = ORIENTED_EDGE ( 'NONE', *, *, #2394, .T. ) ;
#3171 = VECTOR ( 'NONE', #4517, 1000.000000000000000 ) ;
#3172 = AXIS2_PLACEMENT_3D ( 'NONE', #822, #5490, #3185 ) ;
#3173 = ORIENTED_EDGE ( 'NONE', *, *, #4385, .T. ) ;
#3174 = CARTESIAN_POINT ( 'NONE',  ( 29.76000000000000867, -0.2999999999999999889, -69.09999999999999432 ) ) ;
#3175 = LINE ( 'NONE', #920, #1916 ) ;
#3176 = CARTESIAN_POINT ( 'NONE',  ( 24.49999999999998934, -0.1000000000000000056, -58.90000000000001279 ) ) ;
#3177 = DIRECTION ( 'NONE',  ( -1.000000000000000000, -0.000000000000000000, -0.000000000000000000 ) ) ;
#3178 = VECTOR ( 'NONE', #356, 1000.000000000000000 ) ;
#3179 = ORIENTED_EDGE ( 'NONE', *, *, #4243, .T. ) ;
#3180 = ADVANCED_FACE ( 'NONE', ( #6184 ), #1102, .F. ) ;
#3181 = VECTOR ( 'NONE', #4489, 1000.000000000000000 ) ;
#3182 = EDGE_LOOP ( 'NONE', ( #999, #5261, #1716, #1052 ) ) ;
#3183 = FACE_OUTER_BOUND ( 'NONE', #5672, .T. ) ;
#3184 = DIRECTION ( 'NONE',  ( -0.000000000000000000, 1.000000000000000000, -0.000000000000000000 ) ) ;
#3185 = DIRECTION ( 'NONE',  ( 0.000000000000000000, 0.000000000000000000, -1.000000000000000000 ) ) ;
#3186 = CARTESIAN_POINT ( 'NONE',  ( 47.55000000000000426, -0.7999999999999999334, -52.74999999999999289 ) ) ;
#3187 = AXIS2_PLACEMENT_3D ( 'NONE', #2658, #3327, #1670 ) ;
#3188 = ADVANCED_FACE ( 'NONE', ( #7338 ), #2276, .F. ) ;
#3189 = EDGE_LOOP ( 'NONE', ( #3864, #2101, #962, #2604 ) ) ;
#3190 = ORIENTED_EDGE ( 'NONE', *, *, #7249, .F. ) ;
#3191 = CARTESIAN_POINT ( 'NONE',  ( 49.04999999999999716, -0.7999999999999999334, -53.29999999999997584 ) ) ;
#3192 = PRODUCT_DEFINITION ( '未知', '', #2836, #1384 ) ;
#3193 = LINE ( 'NONE', #4238, #4572 ) ;
#3194 = LINE ( 'NONE', #6060, #6242 ) ;
#3195 = VECTOR ( 'NONE', #242, 1000.000000000000000 ) ;
#3196 = ORIENTED_EDGE ( 'NONE', *, *, #266, .T. ) ;
#3197 = VERTEX_POINT ( 'NONE', #6219 ) ;
#3198 = ORIENTED_EDGE ( 'NONE', *, *, #4667, .F. ) ;
#3199 = ADVANCED_FACE ( 'NONE', ( #1140 ), #6857, .F. ) ;
#3200 = CARTESIAN_POINT ( 'NONE',  ( 28.74999999999998224, -0.1000000000000000056, -62.40000000000000568 ) ) ;
#3201 = CARTESIAN_POINT ( 'NONE',  ( 49.29999999999999716, -0.7999999999999999334, -48.39999999999997726 ) ) ;
#3202 = EDGE_CURVE ( 'NONE', #5890, #103, #3995, .T. ) ;
#3203 = PLANE ( 'NONE',  #7048 ) ;
#3204 = EDGE_CURVE ( 'NONE', #333, #274, #3542, .T. ) ;
#3205 = PLANE ( 'NONE',  #1648 ) ;
#3206 = CARTESIAN_POINT ( 'NONE',  ( 25.74999999999998934, 0.000000000000000000, -68.90000000000001990 ) ) ;
#3207 = CARTESIAN_POINT ( 'NONE',  ( 25.09999999999998010, 0.1000000000000000056, -64.84999999999999432 ) ) ;
#3208 = CARTESIAN_POINT ( 'NONE',  ( 47.04999999999999716, -0.7999999999999999334, 0.000000000000000000 ) ) ;
#3209 = ORIENTED_EDGE ( 'NONE', *, *, #5764, .F. ) ;
#3210 = EDGE_CURVE ( 'NONE', #572, #1882, #4790, .T. ) ;
#3211 = ORIENTED_EDGE ( 'NONE', *, *, #6669, .T. ) ;
#3212 = VERTEX_POINT ( 'NONE', #5317 ) ;
#3213 = LINE ( 'NONE', #3248, #4816 ) ;
#3214 = FACE_OUTER_BOUND ( 'NONE', #4311, .T. ) ;
#3215 = PERSON_AND_ORGANIZATION_ROLE ( 'design_owner' ) ;
#3216 = PLANE ( 'NONE',  #6476 ) ;
#3217 = FACE_OUTER_BOUND ( 'NONE', #268, .T. ) ;
#3218 = VERTEX_POINT ( 'NONE', #1972 ) ;
#3219 = ORIENTED_EDGE ( 'NONE', *, *, #3426, .F. ) ;
#3220 = LINE ( 'NONE', #3141, #4540 ) ;
#3221 = CARTESIAN_POINT ( 'NONE',  ( 0.000000000000000000, -0.3999999999999999667, -44.89999999999999858 ) ) ;
#3222 = DIRECTION ( 'NONE',  ( -3.469446951953611033E-15, 0.000000000000000000, -1.000000000000000000 ) ) ;
#3223 = EDGE_CURVE ( 'NONE', #1120, #6416, #1867, .T. ) ;
#3224 = CARTESIAN_POINT ( 'NONE',  ( 27.69999999999999929, -0.2000000000000000111, -51.54999999999999716 ) ) ;
#3225 = VECTOR ( 'NONE', #2591, 1000.000000000000000 ) ;
#3226 = VECTOR ( 'NONE', #1094, 1000.000000000000000 ) ;
#3227 = ORIENTED_EDGE ( 'NONE', *, *, #4294, .F. ) ;
#3228 = VERTEX_POINT ( 'NONE', #1342 ) ;
#3229 = ORIENTED_EDGE ( 'NONE', *, *, #4746, .T. ) ;
#3230 = DIRECTION ( 'NONE',  ( 0.000000000000000000, -1.000000000000000000, 0.000000000000000000 ) ) ;
#3231 = ADVANCED_FACE ( 'NONE', ( #7058 ), #5944, .F. ) ;
#3232 = DIRECTION ( 'NONE',  ( -0.000000000000000000, 1.000000000000000000, -0.000000000000000000 ) ) ;
#3233 = FACE_OUTER_BOUND ( 'NONE', #771, .T. ) ;
#3234 = EDGE_LOOP ( 'NONE', ( #30, #3245, #4668, #1072 ) ) ;
#3235 = VERTEX_POINT ( 'NONE', #2527 ) ;
#3236 = VERTEX_POINT ( 'NONE', #3540 ) ;
#3237 = CYLINDRICAL_SURFACE ( 'NONE', #188, 1.000000000000000888 ) ;
#3238 = CARTESIAN_POINT ( 'NONE',  ( 24.99999999999998579, 0.000000000000000000, -70.90000000000001990 ) ) ;
#3239 = DIRECTION ( 'NONE',  ( -0.000000000000000000, 0.000000000000000000, 1.000000000000000000 ) ) ;
#3240 = DIRECTION ( 'NONE',  ( 0.000000000000000000, 0.000000000000000000, -1.000000000000000000 ) ) ;
#3241 = LINE ( 'NONE', #3721, #2336 ) ;
#3242 = CARTESIAN_POINT ( 'NONE',  ( 28.73000000000000753, -0.2999999999999999889, -71.09999999999999432 ) ) ;
#3243 = ORIENTED_EDGE ( 'NONE', *, *, #422, .F. ) ;
#3244 = EDGE_CURVE ( 'NONE', #5984, #3197, #5216, .T. ) ;
#3245 = ORIENTED_EDGE ( 'NONE', *, *, #3210, .T. ) ;
#3246 = EDGE_CURVE ( 'NONE', #561, #5831, #2386, .T. ) ;
#3247 = ORIENTED_EDGE ( 'NONE', *, *, #3202, .T. ) ;
#3248 = CARTESIAN_POINT ( 'NONE',  ( 28.74999999999998579, -0.3000000000000000444, -70.90000000000001990 ) ) ;
#3249 = CARTESIAN_POINT ( 'NONE',  ( 49.19999999999999574, -0.2999999999999999889, -47.09999999999998010 ) ) ;
#3250 = PLANE ( 'NONE',  #1968 ) ;
#3251 = DIRECTION ( 'NONE',  ( -0.000000000000000000, 1.000000000000000000, -0.000000000000000000 ) ) ;
#3252 = ORIENTED_EDGE ( 'NONE', *, *, #1245, .F. ) ;
#3253 = VERTEX_POINT ( 'NONE', #2419 ) ;
#3254 = AXIS2_PLACEMENT_3D ( 'NONE', #5749, #4105, #5852 ) ;
#3255 = VECTOR ( 'NONE', #6346, 1000.000000000000000 ) ;
#3256 = VERTEX_POINT ( 'NONE', #4134 ) ;
#3257 = PLANE ( 'NONE',  #3612 ) ;
#3258 = DIRECTION ( 'NONE',  ( 1.000000000000000000, 0.000000000000000000, 0.000000000000000000 ) ) ;
#3259 = CARTESIAN_POINT ( 'NONE',  ( 28.74999999999998224, 0.1000000000000000056, -59.39999999999999858 ) ) ;
#3260 = EDGE_CURVE ( 'NONE', #6416, #7148, #5875, .T. ) ;
#3261 = VECTOR ( 'NONE', #79, 1000.000000000000000 ) ;
#3262 = VECTOR ( 'NONE', #88, 1000.000000000000000 ) ;
#3263 = CARTESIAN_POINT ( 'NONE',  ( 24.99999999999998579, -0.3000000000000000444, -70.90000000000001990 ) ) ;
#3264 = ORIENTED_EDGE ( 'NONE', *, *, #6018, .T. ) ;
#3265 = ORIENTED_EDGE ( 'NONE', *, *, #5808, .F. ) ;
#3266 = ORIENTED_EDGE ( 'NONE', *, *, #6974, .F. ) ;
#3267 = VECTOR ( 'NONE', #6435, 1000.000000000000000 ) ;
#3268 = FACE_OUTER_BOUND ( 'NONE', #6597, .T. ) ;
#3269 = FACE_OUTER_BOUND ( 'NONE', #4915, .T. ) ;
#3270 = ORIENTED_EDGE ( 'NONE', *, *, #493, .T. ) ;
#3271 = AXIS2_PLACEMENT_3D ( 'NONE', #174, #5193, #108 ) ;
#3272 = ADVANCED_FACE ( 'NONE', ( #1311 ), #7024, .F. ) ;
#3273 = EDGE_LOOP ( 'NONE', ( #6764, #3458, #5364, #6483 ) ) ;
#3274 = VECTOR ( 'NONE', #225, 1000.000000000000000 ) ;
#3275 = VERTEX_POINT ( 'NONE', #2982 ) ;
#3276 = DIRECTION ( 'NONE',  ( 1.000000000000000000, 0.000000000000000000, -1.734723475976805517E-15 ) ) ;
#3277 = VECTOR ( 'NONE', #1424, 1000.000000000000000 ) ;
#3278 = LINE ( 'NONE', #1101, #1610 ) ;
#3279 = CARTESIAN_POINT ( 'NONE',  ( 46.39999999999999858, -0.2999999999999999889, -47.59999999999998010 ) ) ;
#3280 = CARTESIAN_POINT ( 'NONE',  ( 32.00000000000000000, -0.3999999999999999667, -70.59999999999998010 ) ) ;
#3281 = DIRECTION ( 'NONE',  ( -1.000000000000000000, 0.000000000000000000, 1.734723475976805517E-15 ) ) ;
#3282 = DIRECTION ( 'NONE',  ( 1.000000000000000000, 0.000000000000000000, 0.000000000000000000 ) ) ;
#3283 = ORIENTED_EDGE ( 'NONE', *, *, #1730, .F. ) ;
#3284 = ORIENTED_EDGE ( 'NONE', *, *, #2644, .T. ) ;
#3285 = CIRCLE ( 'NONE', #4235, 0.5000000000000004441 ) ;
#3286 = ORIENTED_EDGE ( 'NONE', *, *, #846, .T. ) ;
#3287 = LINE ( 'NONE', #475, #3752 ) ;
#3288 = DIRECTION ( 'NONE',  ( 0.000000000000000000, 0.000000000000000000, -1.000000000000000000 ) ) ;
#3289 = CARTESIAN_POINT ( 'NONE',  ( 0.000000000000000000, 1.500000000000000000, -36.60000000000000142 ) ) ;
#3290 = DIRECTION ( 'NONE',  ( -2.775557561562888984E-15, 0.000000000000000000, 1.000000000000000000 ) ) ;
#3291 = CARTESIAN_POINT ( 'NONE',  ( 33.70000000000000995, 1.500000000000000666, -39.52893218813451881 ) ) ;
#3292 = CARTESIAN_POINT ( 'NONE',  ( 32.50000000000000000, -0.6000000000000000888, -70.59999999999998010 ) ) ;
#3293 = EDGE_LOOP ( 'NONE', ( #1347, #7306, #7121, #7010 ) ) ;
#3294 = ORIENTED_EDGE ( 'NONE', *, *, #925, .F. ) ;
#3295 = ORIENTED_EDGE ( 'NONE', *, *, #5968, .T. ) ;
#3296 = PLANE ( 'NONE',  #7049 ) ;
#3297 = CARTESIAN_POINT ( 'NONE',  ( 25.74999999999998579, 0.1000000000000000056, -62.40000000000000568 ) ) ;
#3298 = CARTESIAN_POINT ( 'NONE',  ( 9.000000000000005329, -0.3999999999999999667, -55.09999999999998721 ) ) ;
#3299 = EDGE_CURVE ( 'NONE', #4275, #745, #1417, .T. ) ;
#3300 = AXIS2_PLACEMENT_3D ( 'NONE', #4300, #6568, #4338 ) ;
#3301 = ADVANCED_FACE ( 'NONE', ( #4644 ), #6468, .F. ) ;
#3302 = LINE ( 'NONE', #3418, #574 ) ;
#3303 = ORIENTED_EDGE ( 'NONE', *, *, #6616, .F. ) ;
#3304 = VECTOR ( 'NONE', #3035, 1000.000000000000000 ) ;
#3305 = ORIENTED_EDGE ( 'NONE', *, *, #1695, .F. ) ;
#3306 = VERTEX_POINT ( 'NONE', #3014 ) ;
#3307 = EDGE_CURVE ( 'NONE', #6063, #5793, #6723, .T. ) ;
#3308 = LINE ( 'NONE', #6844, #4801 ) ;
#3309 = AXIS2_PLACEMENT_3D ( 'NONE', #5115, #27, #1184 ) ;
#3310 = CARTESIAN_POINT ( 'NONE',  ( 46.89999999999999858, -0.3999999999999999667, -47.59999999999998010 ) ) ;
#3311 = VERTEX_POINT ( 'NONE', #200 ) ;
#3312 = ORIENTED_EDGE ( 'NONE', *, *, #6562, .F. ) ;
#3313 = EDGE_LOOP ( 'NONE', ( #3295, #3798, #1254, #1090 ) ) ;
#3314 = CARTESIAN_POINT ( 'NONE',  ( 28.99999999999998934, -0.2000000000000000111, -70.90000000000001990 ) ) ;
#3315 = CARTESIAN_POINT ( 'NONE',  ( 19.27000000000000313, -0.5000000000000000000, -41.29999999999999716 ) ) ;
#3316 = DIRECTION ( 'NONE',  ( -0.000000000000000000, 1.000000000000000000, 0.000000000000000000 ) ) ;
#3317 = DIRECTION ( 'NONE',  ( -0.7071067811865474617, -0.000000000000000000, 0.7071067811865476838 ) ) ;
#3318 = PLANE ( 'NONE',  #4819 ) ;
#3319 = EDGE_CURVE ( 'NONE', #4970, #1173, #2654, .T. ) ;
#3320 = DIRECTION ( 'NONE',  ( 0.000000000000000000, 0.000000000000000000, -1.000000000000000000 ) ) ;
#3321 = ORIENTED_EDGE ( 'NONE', *, *, #6302, .T. ) ;
#3322 = ORIENTED_EDGE ( 'NONE', *, *, #4242, .F. ) ;
#3323 = EDGE_LOOP ( 'NONE', ( #1453, #1326, #6325, #2811 ) ) ;
#3324 = CARTESIAN_POINT ( 'NONE',  ( 0.000000000000000000, -0.3999999999999999667, 0.000000000000000000 ) ) ;
#3325 = CARTESIAN_POINT ( 'NONE',  ( 29.19999999999997797, 0.1000000000000000056, -64.84999999999999432 ) ) ;
#3326 = CARTESIAN_POINT ( 'NONE',  ( 0.000000000000000000, -0.7999999999999999334, -52.74999999999999289 ) ) ;
#3327 = DIRECTION ( 'NONE',  ( -1.000000000000000000, 0.000000000000000000, -2.775557561562888984E-15 ) ) ;
#3328 = EDGE_CURVE ( 'NONE', #1480, #3865, #1902, .T. ) ;
#3329 = DIRECTION ( 'NONE',  ( -0.000000000000000000, 1.000000000000000000, -0.000000000000000000 ) ) ;
#3330 = LINE ( 'NONE', #7354, #2841 ) ;
#3331 = ORIENTED_EDGE ( 'NONE', *, *, #4430, .T. ) ;
#3332 = ORIENTED_EDGE ( 'NONE', *, *, #5081, .T. ) ;
#3333 = B_SPLINE_SURFACE_WITH_KNOTS ( 'NONE', 2, 1, ( 
 ( #1122, #6279 ),
 ( #3372, #42 ),
 ( #1641, #3416 ) ),
 .UNSPECIFIED., .F., .F., .F.,
 ( 3, 3 ),
 ( 2, 2 ),
 ( 0.000000000000000000, 1.000000000000000000 ),
 ( 0.000000000000000000, 1.000000000000000000 ),
 .UNSPECIFIED. ) ;
#3334 = ORIENTED_EDGE ( 'NONE', *, *, #6526, .T. ) ;
#3335 = DIRECTION ( 'NONE',  ( -1.000000000000000000, 0.000000000000000000, 0.000000000000000000 ) ) ;
#3336 = CARTESIAN_POINT ( 'NONE',  ( 46.89999999999999858, -0.2999999999999999889, -47.09999999999998010 ) ) ;
#3337 = CARTESIAN_POINT ( 'NONE',  ( 30.92000000000000526, -0.2999999999999999889, -71.09999999999999432 ) ) ;
#3338 = DIRECTION ( 'NONE',  ( 0.000000000000000000, 0.000000000000000000, 1.000000000000000000 ) ) ;
#3339 = ORIENTED_EDGE ( 'NONE', *, *, #6475, .F. ) ;
#3340 = ORIENTED_EDGE ( 'NONE', *, *, #7114, .F. ) ;
#3341 = EDGE_LOOP ( 'NONE', ( #2151, #1609, #1316, #4426 ) ) ;
#3342 = ADVANCED_FACE ( 'NONE', ( #1827 ), #795, .T. ) ;
#3343 = EDGE_CURVE ( 'NONE', #4275, #5707, #4576, .T. ) ;
#3344 = LINE ( 'NONE', #4505, #3477 ) ;
#3345 = FACE_OUTER_BOUND ( 'NONE', #4845, .T. ) ;
#3346 = AXIS2_PLACEMENT_3D ( 'NONE', #7039, #6042, #3775 ) ;
#3347 = VECTOR ( 'NONE', #3042, 1000.000000000000000 ) ;
#3348 = EDGE_CURVE ( 'NONE', #3422, #4971, #1014, .T. ) ;
#3349 = VERTEX_POINT ( 'NONE', #1450 ) ;
#3350 = VECTOR ( 'NONE', #5828, 1000.000000000000000 ) ;
#3351 = ORIENTED_EDGE ( 'NONE', *, *, #5214, .T. ) ;
#3352 = DIRECTION ( 'NONE',  ( -0.000000000000000000, 1.000000000000000000, -0.000000000000000000 ) ) ;
#3353 = FACE_OUTER_BOUND ( 'NONE', #3883, .T. ) ;
#3354 = FACE_OUTER_BOUND ( 'NONE', #1564, .T. ) ;
#3355 = CARTESIAN_POINT ( 'NONE',  ( 28.00000000000000711, -0.2999999999999999889, -71.09999999999999432 ) ) ;
#3356 = CARTESIAN_POINT ( 'NONE',  ( 31.99999999999999289, -0.5000000000000000000, -67.59999999999998010 ) ) ;
#3357 = CARTESIAN_POINT ( 'NONE',  ( 12.00000000000000533, -0.4000000000000000222, -41.29999999999999716 ) ) ;
#3358 = ADVANCED_FACE ( 'NONE', ( #2601 ), #2563, .F. ) ;
#3359 = LINE ( 'NONE', #2693, #1301 ) ;
#3360 = EDGE_LOOP ( 'NONE', ( #3334, #3925, #4483, #4504 ) ) ;
#3361 = ORIENTED_EDGE ( 'NONE', *, *, #7043, .F. ) ;
#3362 = ORIENTED_EDGE ( 'NONE', *, *, #5237, .F. ) ;
#3363 = DIRECTION ( 'NONE',  ( 0.000000000000000000, -0.000000000000000000, -1.000000000000000000 ) ) ;
#3364 = DIRECTION ( 'NONE',  ( 0.000000000000000000, -0.000000000000000000, 1.000000000000000000 ) ) ;
#3365 = CARTESIAN_POINT ( 'NONE',  ( 46.89999999999999858, -0.3999999999999999667, -47.09999999999998010 ) ) ;
#3366 = CARTESIAN_POINT ( 'NONE',  ( 28.70000000000000639, 1.500000000000000444, -41.60000000000000142 ) ) ;
#3367 = DIRECTION ( 'NONE',  ( -2.891205793294680792E-16, 0.000000000000000000, 1.000000000000000000 ) ) ;
#3368 = EDGE_LOOP ( 'NONE', ( #3789, #2070, #3894, #4065 ) ) ;
#3369 = EDGE_CURVE ( 'NONE', #5601, #2123, #2039, .T. ) ;
#3370 = ORIENTED_EDGE ( 'NONE', *, *, #844, .T. ) ;
#3371 = PLANE ( 'NONE',  #4675 ) ;
#3372 = CARTESIAN_POINT ( 'NONE',  ( 34.83031945056170997, 1.244639535854047407, -36.60000000000000142 ) ) ;
#3373 = DIRECTION ( 'NONE',  ( 0.000000000000000000, 0.000000000000000000, -1.000000000000000000 ) ) ;
#3374 = CARTESIAN_POINT ( 'NONE',  ( 28.00000000000000711, -0.3999999999999999667, -71.09999999999999432 ) ) ;
#3375 = FACE_OUTER_BOUND ( 'NONE', #101, .T. ) ;
#3376 = VECTOR ( 'NONE', #1033, 1000.000000000000000 ) ;
#3377 = ORIENTED_EDGE ( 'NONE', *, *, #1841, .T. ) ;
#3378 = VERTEX_POINT ( 'NONE', #3830 ) ;
#3379 = VECTOR ( 'NONE', #4474, 1000.000000000000000 ) ;
#3380 = VECTOR ( 'NONE', #1046, 1000.000000000000000 ) ;
#3381 = CARTESIAN_POINT ( 'NONE',  ( 29.70000000000000639, -0.1000000000000000056, -37.29999999999999716 ) ) ;
#3382 = DIRECTION ( 'NONE',  ( 0.000000000000000000, 0.000000000000000000, 1.000000000000000000 ) ) ;
#3383 = EDGE_CURVE ( 'NONE', #4155, #1045, #4274, .T. ) ;
#3384 = VERTEX_POINT ( 'NONE', #4868 ) ;
#3385 = VECTOR ( 'NONE', #2045, 1000.000000000000000 ) ;
#3386 = ORIENTED_EDGE ( 'NONE', *, *, #2385, .F. ) ;
#3387 = FACE_OUTER_BOUND ( 'NONE', #6848, .T. ) ;
#3388 = LINE ( 'NONE', #5662, #2790 ) ;
#3389 = CARTESIAN_POINT ( 'NONE',  ( 49.19999999999999574, -0.3999999999999999667, -47.09999999999998010 ) ) ;
#3390 = AXIS2_PLACEMENT_3D ( 'NONE', #2160, #4429, #6700 ) ;
#3391 = CARTESIAN_POINT ( 'NONE',  ( 32.00000000000000000, -0.6000000000000000888, -71.09999999999998010 ) ) ;
#3392 = CARTESIAN_POINT ( 'NONE',  ( 26.49999999999998934, 0.000000000000000000, -70.90000000000001990 ) ) ;
#3393 = EDGE_CURVE ( 'NONE', #16, #3905, #6578, .T. ) ;
#3394 = CARTESIAN_POINT ( 'NONE',  ( 29.69999999999999929, 0.000000000000000000, -6.000000000000000000 ) ) ;
#3395 = VECTOR ( 'NONE', #3969, 1000.000000000000000 ) ;
#3396 = ADVANCED_FACE ( 'NONE', ( #3233 ), #418, .F. ) ;
#3397 = CARTESIAN_POINT ( 'NONE',  ( 27.50000000000000355, -0.5000000000000000000, -57.10000000000000142 ) ) ;
#3398 = ORIENTED_EDGE ( 'NONE', *, *, #5522, .F. ) ;
#3399 = CLOSED_SHELL ( 'NONE', ( #4615, #4395, #479, #1138, #1086, #5031 ) ) ;
#3400 = ORIENTED_EDGE ( 'NONE', *, *, #5294, .T. ) ;
#3401 = EDGE_CURVE ( 'NONE', #6056, #1446, #3194, .T. ) ;
#3402 = VECTOR ( 'NONE', #2611, 1000.000000000000000 ) ;
#3403 = ORIENTED_EDGE ( 'NONE', *, *, #1325, .F. ) ;
#3404 = DIRECTION ( 'NONE',  ( 0.000000000000000000, 0.000000000000000000, -1.000000000000000000 ) ) ;
#3405 = CARTESIAN_POINT ( 'NONE',  ( 0.000000000000000000, 0.5000000000000000000, -6.999999999999999112 ) ) ;
#3406 = LINE ( 'NONE', #599, #4287 ) ;
#3407 = AXIS2_PLACEMENT_3D ( 'NONE', #1773, #170, #2852 ) ;
#3408 = PERSON_AND_ORGANIZATION_ROLE ( 'creator' ) ;
#3409 = CARTESIAN_POINT ( 'NONE',  ( 28.00000000000000711, -0.3999999999999999667, -69.09999999999999432 ) ) ;
#3410 = CARTESIAN_POINT ( 'NONE',  ( 29.99999999999997868, -0.2000000000000000111, -65.04999999999998295 ) ) ;
#3411 = VECTOR ( 'NONE', #2314, 1000.000000000000000 ) ;
#3412 = ORIENTED_EDGE ( 'NONE', *, *, #6391, .T. ) ;
#3413 = ORIENTED_EDGE ( 'NONE', *, *, #2434, .F. ) ;
#3414 = CARTESIAN_POINT ( 'NONE',  ( 24.99999999999999645, -0.5000000000000000000, 0.000000000000000000 ) ) ;
#3415 = AXIS2_PLACEMENT_3D ( 'NONE', #611, #744, #6422 ) ;
#3416 = CARTESIAN_POINT ( 'NONE',  ( 33.69999999999999574, 1.500000000000000444, -6.999999999999999112 ) ) ;
#3417 = LINE ( 'NONE', #6098, #5391 ) ;
#3418 = CARTESIAN_POINT ( 'NONE',  ( 0.000000000000000000, -0.7999999999999999334, -48.94999999999999574 ) ) ;
#3419 = EDGE_CURVE ( 'NONE', #3235, #5526, #676, .T. ) ;
#3420 = EDGE_CURVE ( 'NONE', #7288, #3856, #2681, .T. ) ;
#3421 = VERTEX_POINT ( 'NONE', #3154 ) ;
#3422 = VERTEX_POINT ( 'NONE', #346 ) ;
#3423 = VECTOR ( 'NONE', #4976, 1000.000000000000000 ) ;
#3424 = CARTESIAN_POINT ( 'NONE',  ( 33.69999999999999574, 1.500000000000000444, -6.999999999999999112 ) ) ;
#3425 = CARTESIAN_POINT ( 'NONE',  ( 49.19999999999999574, -0.2999999999999999889, -47.59999999999998010 ) ) ;
#3426 = EDGE_CURVE ( 'NONE', #4750, #6166, #6099, .T. ) ;
#3427 = VECTOR ( 'NONE', #3483, 1000.000000000000000 ) ;
#3428 = ORIENTED_EDGE ( 'NONE', *, *, #4200, .T. ) ;
#3429 = AXIS2_PLACEMENT_3D ( 'NONE', #3879, #3316, #1211 ) ;
#3430 = VERTEX_POINT ( 'NONE', #1608 ) ;
#3431 = DIRECTION ( 'NONE',  ( 0.000000000000000000, 0.000000000000000000, -1.000000000000000000 ) ) ;
#3432 = AXIS2_PLACEMENT_3D ( 'NONE', #7034, #4733, #4804 ) ;
#3433 = CARTESIAN_POINT ( 'NONE',  ( 0.000000000000000000, -0.5000000000000000000, -48.39999999999997726 ) ) ;
#3434 = DIRECTION ( 'NONE',  ( 0.000000000000000000, 0.000000000000000000, 1.000000000000000000 ) ) ;
#3435 = DIRECTION ( 'NONE',  ( -0.000000000000000000, -1.000000000000000000, -0.000000000000000000 ) ) ;
#3436 = CARTESIAN_POINT ( 'NONE',  ( 25.74999999999998934, -0.3000000000000000444, -70.90000000000001990 ) ) ;
#3437 = DIRECTION ( 'NONE',  ( 0.000000000000000000, 0.000000000000000000, -1.000000000000000000 ) ) ;
#3438 = CARTESIAN_POINT ( 'NONE',  ( 14.89999999999998259, -0.1000000000000000056, -42.30000000000000426 ) ) ;
#3439 = ORIENTED_EDGE ( 'NONE', *, *, #4537, .T. ) ;
#3440 = ORIENTED_EDGE ( 'NONE', *, *, #2564, .T. ) ;
#3441 = APPROVAL ( #6231, '未指定' ) ;
#3442 = EDGE_CURVE ( 'NONE', #6061, #5474, #7168, .T. ) ;
#3443 = ADVANCED_FACE ( 'NONE', ( #3269 ), #940, .T. ) ;
#3444 = DIRECTION ( 'NONE',  ( 1.000000000000000000, 0.000000000000000000, 0.000000000000000000 ) ) ;
#3445 = LINE ( 'NONE', #2772, #2060 ) ;
#3446 = DIRECTION ( 'NONE',  ( -1.000000000000000000, 0.000000000000000000, -2.216899010832982115E-16 ) ) ;
#3447 = PERSON_AND_ORGANIZATION ( #4543, #3788 ) ;
#3448 = CARTESIAN_POINT ( 'NONE',  ( 28.70000000000000639, 0.5000000000000000000, -43.60000000000000142 ) ) ;
#3449 = DIRECTION ( 'NONE',  ( -1.387778780781444492E-15, -0.000000000000000000, 1.000000000000000000 ) ) ;
#3450 = ADVANCED_FACE ( 'NONE', ( #2075 ), #4902, .T. ) ;
#3451 = ORIENTED_EDGE ( 'NONE', *, *, #7185, .F. ) ;
#3452 = ORIENTED_EDGE ( 'NONE', *, *, #3246, .T. ) ;
#3453 = DIRECTION ( 'NONE',  ( 0.000000000000000000, 0.000000000000000000, -1.000000000000000000 ) ) ;
#3454 = PLANE ( 'NONE',  #639 ) ;
#3455 = PLANE ( 'NONE',  #3860 ) ;
#3456 = PLANE ( 'NONE',  #1172 ) ;
#3457 = ORIENTED_EDGE ( 'NONE', *, *, #1388, .F. ) ;
#3458 = ORIENTED_EDGE ( 'NONE', *, *, #6047, .F. ) ;
#3459 = EDGE_CURVE ( 'NONE', #6179, #153, #6621, .T. ) ;
#3460 = CARTESIAN_POINT ( 'NONE',  ( 47.55000000000000426, -0.5999999999999999778, -48.94999999999999574 ) ) ;
#3461 = DIRECTION ( 'NONE',  ( 0.000000000000000000, 1.000000000000000000, 0.000000000000000000 ) ) ;
#3462 = ORIENTED_EDGE ( 'NONE', *, *, #2903, .F. ) ;
#3463 = B_SPLINE_CURVE_WITH_KNOTS ( 'NONE', 2,
 ( #2804, #3956, #5073 ),
 .UNSPECIFIED., .F., .F.,
 ( 3, 3 ),
 ( 0.000000000000000000, 1.000000000000000000 ),
 .UNSPECIFIED. ) ;
#3464 = ORIENTED_EDGE ( 'NONE', *, *, #6047, .T. ) ;
#3465 = VECTOR ( 'NONE', #2739, 1000.000000000000000 ) ;
#3466 = DIRECTION ( 'NONE',  ( 0.000000000000000000, 0.000000000000000000, -1.000000000000000000 ) ) ;
#3467 = ADVANCED_FACE ( 'NONE', ( #4425 ), #6696, .F. ) ;
#3468 = LINE ( 'NONE', #2876, #4793 ) ;
#3469 = CYLINDRICAL_SURFACE ( 'NONE', #2547, 6.999999999999999112 ) ;
#3470 = FACE_OUTER_BOUND ( 'NONE', #943, .T. ) ;
#3471 = PLANE ( 'NONE',  #1640 ) ;
#3472 = DIRECTION ( 'NONE',  ( -0.000000000000000000, -0.000000000000000000, 1.000000000000000000 ) ) ;
#3473 = DIRECTION ( 'NONE',  ( 0.000000000000000000, 0.000000000000000000, -1.000000000000000000 ) ) ;
#3474 = VECTOR ( 'NONE', #1049, 1000.000000000000000 ) ;
#3475 = EDGE_LOOP ( 'NONE', ( #5939, #4760, #5116, #7211 ) ) ;
#3476 = ORIENTED_EDGE ( 'NONE', *, *, #5680, .F. ) ;
#3477 = VECTOR ( 'NONE', #2792, 1000.000000000000000 ) ;
#3478 = ORIENTED_EDGE ( 'NONE', *, *, #5109, .T. ) ;
#3479 = CARTESIAN_POINT ( 'NONE',  ( 0.000000000000000000, -0.5000000000000000000, -47.09999999999998010 ) ) ;
#3480 = PLANE ( 'NONE',  #5163 ) ;
#3481 = CALENDAR_DATE ( 2026, 18, 5 ) ;
#3482 = CARTESIAN_POINT ( 'NONE',  ( 6.999999999999999112, 0.5000000000000000000, -43.60000000000000142 ) ) ;
#3483 = DIRECTION ( 'NONE',  ( -0.000000000000000000, 1.000000000000000000, -0.000000000000000000 ) ) ;
#3484 = EDGE_CURVE ( 'NONE', #7226, #6684, #4828, .T. ) ;
#3485 = EDGE_CURVE ( 'NONE', #3510, #5347, #496, .T. ) ;
#3486 = ORIENTED_EDGE ( 'NONE', *, *, #226, .T. ) ;
#3487 = ORIENTED_EDGE ( 'NONE', *, *, #5881, .T. ) ;
#3488 = CARTESIAN_POINT ( 'NONE',  ( 0.000000000000000000, -0.5000000000000000000, -48.59999999999999432 ) ) ;
#3489 = DIRECTION ( 'NONE',  ( 0.000000000000000000, -1.000000000000000000, 0.000000000000000000 ) ) ;
#3490 = DIRECTION ( 'NONE',  ( 0.000000000000000000, 1.000000000000000000, 0.000000000000000000 ) ) ;
#3491 = CARTESIAN_POINT ( 'NONE',  ( 32.00000000000000000, -0.5000000000000000000, -70.59999999999998010 ) ) ;
#3492 = EDGE_CURVE ( 'NONE', #2768, #1405, #6587, .T. ) ;
#3493 = ORIENTED_EDGE ( 'NONE', *, *, #6026, .F. ) ;
#3494 = EDGE_CURVE ( 'NONE', #3677, #4074, #1650, .T. ) ;
#3495 = CARTESIAN_POINT ( 'NONE',  ( 29.46000000000000796, -0.2999999999999999889, -71.09999999999999432 ) ) ;
#3496 = DIRECTION ( 'NONE',  ( 0.000000000000000000, -0.000000000000000000, 1.000000000000000000 ) ) ;
#3497 = ORIENTED_EDGE ( 'NONE', *, *, #259, .F. ) ;
#3498 = AXIS2_PLACEMENT_3D ( 'NONE', #6745, #21, #6853 ) ;
#3499 = VECTOR ( 'NONE', #2417, 1000.000000000000000 ) ;
#3500 = CYLINDRICAL_SURFACE ( 'NONE', #6482, 3.999999999999996447 ) ;
#3501 = CARTESIAN_POINT ( 'NONE',  ( 30.19000000000000838, -0.2999999999999999889, -69.09999999999999432 ) ) ;
#3502 = DIRECTION ( 'NONE',  ( -0.000000000000000000, 1.000000000000000000, 0.000000000000000000 ) ) ;
#3503 = CARTESIAN_POINT ( 'NONE',  ( 29.46000000000000796, -0.3999999999999999667, -69.09999999999999432 ) ) ;
#3504 = DIRECTION ( 'NONE',  ( -0.000000000000000000, 1.000000000000000000, -0.000000000000000000 ) ) ;
#3505 = AXIS2_PLACEMENT_3D ( 'NONE', #6620, #7213, #6838 ) ;
#3506 = AXIS2_PLACEMENT_3D ( 'NONE', #51, #1095, #576 ) ;
#3507 = LINE ( 'NONE', #5148, #2849 ) ;
#3508 = EDGE_CURVE ( 'NONE', #490, #2979, #5021, .T. ) ;
#3509 = ORIENTED_EDGE ( 'NONE', *, *, #3600, .F. ) ;
#3510 = VERTEX_POINT ( 'NONE', #2532 ) ;
#3511 = EDGE_LOOP ( 'NONE', ( #509, #2742, #5100, #978 ) ) ;
#3512 = VECTOR ( 'NONE', #5579, 1000.000000000000000 ) ;
#3513 = CARTESIAN_POINT ( 'NONE',  ( 30.92000000000000526, -0.2999999999999999889, -69.09999999999999432 ) ) ;
#3514 = DIRECTION ( 'NONE',  ( 0.000000000000000000, -0.000000000000000000, 1.000000000000000000 ) ) ;
#3515 = CARTESIAN_POINT ( 'NONE',  ( 28.59999999999998010, 0.1000000000000000056, -64.84999999999999432 ) ) ;
#3516 = LINE ( 'NONE', #705, #1158 ) ;
#3517 = DIRECTION ( 'NONE',  ( 0.000000000000000000, 1.000000000000000000, 0.000000000000000000 ) ) ;
#3518 = CLOSED_SHELL ( 'NONE', ( #395, #4570, #7216, #5321, #5524, #2569 ) ) ;
#3519 = VERTEX_POINT ( 'NONE', #1351 ) ;
#3520 = ORIENTED_EDGE ( 'NONE', *, *, #2724, .F. ) ;
#3521 = DIRECTION ( 'NONE',  ( 0.000000000000000000, 0.000000000000000000, -1.000000000000000000 ) ) ;
#3522 = VECTOR ( 'NONE', #2771, 1000.000000000000000 ) ;
#3523 = LINE ( 'NONE', #116, #7266 ) ;
#3524 = CARTESIAN_POINT ( 'NONE',  ( 12.00000000000000533, -0.4000000000000000222, -41.29999999999999716 ) ) ;
#3525 = AXIS2_PLACEMENT_3D ( 'NONE', #1312, #1381, #4201 ) ;
#3526 = DIRECTION ( 'NONE',  ( -0.000000000000000000, -1.000000000000000000, -0.000000000000000000 ) ) ;
#3527 = ORIENTED_EDGE ( 'NONE', *, *, #5297, .F. ) ;
#3528 = VERTEX_POINT ( 'NONE', #4688 ) ;
#3529 = AXIS2_PLACEMENT_3D ( 'NONE', #6106, #2730, #4316 ) ;
#3530 = ADVANCED_FACE ( 'NONE', ( #4728 ), #5253, .F. ) ;
#3531 = EDGE_CURVE ( 'NONE', #4460, #882, #3607, .T. ) ;
#3532 = CARTESIAN_POINT ( 'NONE',  ( 28.99999999999998934, -0.2000000000000000111, -70.90000000000001990 ) ) ;
#3533 = CARTESIAN_POINT ( 'NONE',  ( 20.26999999999999957, -0.4000000000000000222, -41.29999999999999716 ) ) ;
#3534 = ORIENTED_EDGE ( 'NONE', *, *, #3087, .F. ) ;
#3535 = EDGE_CURVE ( 'NONE', #4587, #256, #1421, .T. ) ;
#3536 = VECTOR ( 'NONE', #6671, 1000.000000000000000 ) ;
#3537 = VECTOR ( 'NONE', #1088, 1000.000000000000000 ) ;
#3538 = LINE ( 'NONE', #2492, #1478 ) ;
#3539 = LINE ( 'NONE', #6887, #2428 ) ;
#3540 = CARTESIAN_POINT ( 'NONE',  ( 33.70000000000000284, -0.1000000000000000056, -6.000000000000028422 ) ) ;
#3541 = DIRECTION ( 'NONE',  ( 0.000000000000000000, 0.000000000000000000, 1.000000000000000000 ) ) ;
#3542 = CIRCLE ( 'NONE', #6032, 4.999999999999999112 ) ;
#3543 = LINE ( 'NONE', #7341, #4848 ) ;
#3544 = EDGE_LOOP ( 'NONE', ( #3452, #2282, #2794, #876 ) ) ;
#3545 = VERTEX_POINT ( 'NONE', #699 ) ;
#3546 = VECTOR ( 'NONE', #6795, 1000.000000000000000 ) ;
#3547 = FACE_OUTER_BOUND ( 'NONE', #2489, .T. ) ;
#3548 = DIRECTION ( 'NONE',  ( 0.000000000000000000, 0.000000000000000000, -1.000000000000000000 ) ) ;
#3549 = ADVANCED_FACE ( 'NONE', ( #733 ), #207, .T. ) ;
#3550 = DIRECTION ( 'NONE',  ( 0.000000000000000000, 0.000000000000000000, 1.000000000000000000 ) ) ;
#3551 = CARTESIAN_POINT ( 'NONE',  ( 49.29999999999999716, -0.7999999999999999334, -53.29999999999997584 ) ) ;
#3552 = CARTESIAN_POINT ( 'NONE',  ( 28.74999999999998579, -0.3000000000000000444, -68.90000000000001990 ) ) ;
#3553 = VECTOR ( 'NONE', #6415, 1000.000000000000000 ) ;
#3554 = DIRECTION ( 'NONE',  ( 0.000000000000000000, 0.000000000000000000, 1.000000000000000000 ) ) ;
#3555 = VERTEX_POINT ( 'NONE', #2961 ) ;
#3556 = ORIENTED_EDGE ( 'NONE', *, *, #3328, .T. ) ;
#3557 = CARTESIAN_POINT ( 'NONE',  ( 27.50000000000000355, -0.5000000000000000000, 0.000000000000000000 ) ) ;
#3558 = EDGE_CURVE ( 'NONE', #5126, #6834, #6361, .T. ) ;
#3559 = CARTESIAN_POINT ( 'NONE',  ( 28.09999999999998010, 0.1000000000000000056, -63.34999999999998721 ) ) ;
#3560 = FACE_OUTER_BOUND ( 'NONE', #462, .T. ) ;
#3561 = DIRECTION ( 'NONE',  ( 0.000000000000000000, 0.000000000000000000, -1.000000000000000000 ) ) ;
#3562 = VERTEX_POINT ( 'NONE', #6513 ) ;
#3563 = EDGE_LOOP ( 'NONE', ( #754, #3664, #7245, #533 ) ) ;
#3564 = CARTESIAN_POINT ( 'NONE',  ( 32.49999999999999289, -0.6000000000000000888, -68.09999999999998010 ) ) ;
#3565 = CARTESIAN_POINT ( 'NONE',  ( 46.39999999999999858, -0.3999999999999999667, -48.59999999999999432 ) ) ;
#3566 = ADVANCED_FACE ( 'NONE', ( #1875 ), #5223, .F. ) ;
#3567 = ORIENTED_EDGE ( 'NONE', *, *, #4232, .F. ) ;
#3568 = ORIENTED_EDGE ( 'NONE', *, *, #1125, .T. ) ;
#3569 = ADVANCED_FACE ( 'NONE', ( #2499 ), #3090, .F. ) ;
#3570 = FACE_OUTER_BOUND ( 'NONE', #6871, .T. ) ;
#3571 = CARTESIAN_POINT ( 'NONE',  ( 27.24999999999998934, -0.3000000000000000444, -70.90000000000001990 ) ) ;
#3572 = DIRECTION ( 'NONE',  ( 0.000000000000000000, 0.000000000000000000, 1.000000000000000000 ) ) ;
#3573 = LINE ( 'NONE', #5742, #1973 ) ;
#3574 = VERTEX_POINT ( 'NONE', #4142 ) ;
#3575 = ORIENTED_EDGE ( 'NONE', *, *, #3988, .F. ) ;
#3576 = CARTESIAN_POINT ( 'NONE',  ( 0.000000000000000000, -0.1000000000000000056, 0.000000000000000000 ) ) ;
#3577 = CARTESIAN_POINT ( 'NONE',  ( 28.73000000000000753, -0.2999999999999999889, -71.09999999999999432 ) ) ;
#3578 = EDGE_CURVE ( 'NONE', #1451, #6500, #5919, .T. ) ;
#3579 = CARTESIAN_POINT ( 'NONE',  ( 2.000000000000002665, 1.500000000000000444, -36.60000000000000142 ) ) ;
#3580 = CARTESIAN_POINT ( 'NONE',  ( 35.69999999999999574, 0.5000000000000000000, -7.000000000000002665 ) ) ;
#3581 = VECTOR ( 'NONE', #6792, 1000.000000000000000 ) ;
#3582 = CARTESIAN_POINT ( 'NONE',  ( 28.74999999999998579, -0.3000000000000000444, -68.90000000000001990 ) ) ;
#3583 = CARTESIAN_POINT ( 'NONE',  ( 29.99999999999997868, -0.1000000000000000056, -58.54999999999999716 ) ) ;
#3584 = VECTOR ( 'NONE', #2592, 1000.000000000000000 ) ;
#3585 = VERTEX_POINT ( 'NONE', #5356 ) ;
#3586 = ORIENTED_EDGE ( 'NONE', *, *, #7146, .F. ) ;
#3587 = LINE ( 'NONE', #1294, #6109 ) ;
#3588 = DIRECTION ( 'NONE',  ( 0.000000000000000000, -1.000000000000000000, 0.000000000000000000 ) ) ;
#3589 = DIRECTION ( 'NONE',  ( 0.000000000000000000, 0.000000000000000000, -1.000000000000000000 ) ) ;
#3590 = DIRECTION ( 'NONE',  ( -0.000000000000000000, 1.000000000000000000, 0.000000000000000000 ) ) ;
#3591 = ORIENTED_EDGE ( 'NONE', *, *, #5036, .T. ) ;
#3592 = EDGE_CURVE ( 'NONE', #323, #7253, #4654, .T. ) ;
#3593 = CARTESIAN_POINT ( 'NONE',  ( 27.69999999999999929, -0.2000000000000000111, -51.54999999999999716 ) ) ;
#3594 = LINE ( 'NONE', #784, #6713 ) ;
#3595 = DIRECTION ( 'NONE',  ( -1.000000000000000000, 0.000000000000000000, 0.000000000000000000 ) ) ;
#3596 = VERTEX_POINT ( 'NONE', #2426 ) ;
#3597 = ORIENTED_EDGE ( 'NONE', *, *, #991, .F. ) ;
#3598 = FACE_OUTER_BOUND ( 'NONE', #3563, .T. ) ;
#3599 = DIRECTION ( 'NONE',  ( 1.000000000000000000, -0.000000000000000000, -0.000000000000000000 ) ) ;
#3600 = EDGE_CURVE ( 'NONE', #6960, #3275, #835, .T. ) ;
#3601 = CARTESIAN_POINT ( 'NONE',  ( 28.00000000000000711, -0.2999999999999999889, -69.09999999999999432 ) ) ;
#3602 = LINE ( 'NONE', #201, #5065 ) ;
#3603 = ORIENTED_EDGE ( 'NONE', *, *, #6648, .T. ) ;
#3604 = CIRCLE ( 'NONE', #3498, 0.5000000000000004441 ) ;
#3605 = ORIENTED_EDGE ( 'NONE', *, *, #1894, .F. ) ;
#3606 = FACE_OUTER_BOUND ( 'NONE', #2558, .T. ) ;
#3607 = LINE ( 'NONE', #3647, #308 ) ;
#3608 = EDGE_CURVE ( 'NONE', #1663, #2588, #1390, .T. ) ;
#3609 = FACE_OUTER_BOUND ( 'NONE', #6074, .T. ) ;
#3610 = EDGE_CURVE ( 'NONE', #4423, #2405, #4797, .T. ) ;
#3611 = AXIS2_PLACEMENT_3D ( 'NONE', #2493, #863, #3641 ) ;
#3612 = AXIS2_PLACEMENT_3D ( 'NONE', #7276, #2180, #4452 ) ;
#3613 = CARTESIAN_POINT ( 'NONE',  ( 28.70000000000000284, 1.500000000000000444, -2.000000000000015543 ) ) ;
#3614 = CARTESIAN_POINT ( 'NONE',  ( 24.49999999999999289, -0.1000000000000000056, -65.90000000000001990 ) ) ;
#3615 = DIRECTION ( 'NONE',  ( 0.000000000000000000, 0.000000000000000000, 1.000000000000000000 ) ) ;
#3616 = EDGE_LOOP ( 'NONE', ( #7281, #6224, #6437, #2167 ) ) ;
#3617 = EDGE_CURVE ( 'NONE', #5613, #3148, #5175, .T. ) ;
#3618 = VECTOR ( 'NONE', #3913, 1000.000000000000000 ) ;
#3619 = ORIENTED_EDGE ( 'NONE', *, *, #2006, .T. ) ;
#3620 = CARTESIAN_POINT ( 'NONE',  ( 31.95000000000000639, -0.2999999999999999889, -71.09999999999999432 ) ) ;
#3621 = LINE ( 'NONE', #4368, #6201 ) ;
#3622 = FACE_OUTER_BOUND ( 'NONE', #419, .T. ) ;
#3623 = CARTESIAN_POINT ( 'NONE',  ( 27.99999999999998579, 0.000000000000000000, -68.90000000000001990 ) ) ;
#3624 = CIRCLE ( 'NONE', #3742, 0.5000000000000004441 ) ;
#3625 = EDGE_LOOP ( 'NONE', ( #443, #4596, #2260, #6579 ) ) ;
#3626 = VECTOR ( 'NONE', #2348, 1000.000000000000000 ) ;
#3627 = EDGE_LOOP ( 'NONE', ( #7210, #6244, #2307, #3229 ) ) ;
#3628 = LINE ( 'NONE', #7087, #5479 ) ;
#3629 = CIRCLE ( 'NONE', #2083, 3.999999999999996447 ) ;
#3630 = DIRECTION ( 'NONE',  ( -1.000000000000000000, -0.000000000000000000, -0.000000000000000000 ) ) ;
#3631 = LINE ( 'NONE', #156, #2796 ) ;
#3632 = EDGE_CURVE ( 'NONE', #1924, #4122, #1849, .T. ) ;
#3633 = EDGE_CURVE ( 'NONE', #3950, #547, #6375, .T. ) ;
#3634 = DIRECTION ( 'NONE',  ( 0.000000000000000000, -1.000000000000000000, 0.000000000000000000 ) ) ;
#3635 = ORIENTED_EDGE ( 'NONE', *, *, #1653, .F. ) ;
#3636 = ORIENTED_EDGE ( 'NONE', *, *, #2942, .F. ) ;
#3637 = VECTOR ( 'NONE', #2183, 1000.000000000000000 ) ;
#3638 = ORIENTED_EDGE ( 'NONE', *, *, #2595, .T. ) ;
#3639 = DIRECTION ( 'NONE',  ( -0.7071067811865474617, 0.000000000000000000, 0.7071067811865476838 ) ) ;
#3640 = EDGE_CURVE ( 'NONE', #3768, #5619, #4172, .T. ) ;
#3641 = DIRECTION ( 'NONE',  ( -1.000000000000000000, 0.000000000000000000, -0.000000000000000000 ) ) ;
#3642 = DIRECTION ( 'NONE',  ( 0.000000000000000000, 1.000000000000000000, 0.000000000000000000 ) ) ;
#3643 = CARTESIAN_POINT ( 'NONE',  ( 8.000000000000000000, 1.500000000000000000, -38.50000000000000000 ) ) ;
#3644 = ORIENTED_EDGE ( 'NONE', *, *, #3808, .F. ) ;
#3645 = ORIENTED_EDGE ( 'NONE', *, *, #5946, .F. ) ;
#3646 = FACE_OUTER_BOUND ( 'NONE', #2676, .T. ) ;
#3647 = CARTESIAN_POINT ( 'NONE',  ( 29.46000000000000796, -0.3999999999999999667, -71.09999999999999432 ) ) ;
#3648 = AXIS2_PLACEMENT_3D ( 'NONE', #4070, #1123, #565 ) ;
#3649 = PLANE ( 'NONE',  #3854 ) ;
#3650 = LINE ( 'NONE', #870, #111 ) ;
#3651 = LINE ( 'NONE', #986, #5071 ) ;
#3652 = LINE ( 'NONE', #7001, #4 ) ;
#3653 = EDGE_LOOP ( 'NONE', ( #6054, #2043, #4401, #6095 ) ) ;
#3654 = EDGE_CURVE ( 'NONE', #6862, #5878, #2646, .T. ) ;
#3655 = EDGE_CURVE ( 'NONE', #4206, #5780, #5996, .T. ) ;
#3656 = VERTEX_POINT ( 'NONE', #6665 ) ;
#3657 = DIRECTION ( 'NONE',  ( 0.000000000000000000, 0.000000000000000000, 1.000000000000000000 ) ) ;
#3658 = AXIS2_PLACEMENT_3D ( 'NONE', #3438, #5705, #3473 ) ;
#3659 = FACE_OUTER_BOUND ( 'NONE', #1266, .T. ) ;
#3660 = EDGE_CURVE ( 'NONE', #406, #5117, #5389, .T. ) ;
#3661 = CARTESIAN_POINT ( 'NONE',  ( 24.39999999999998792, -0.2000000000000000111, -65.50000000000001421 ) ) ;
#3662 = DIRECTION ( 'NONE',  ( 0.000000000000000000, 0.000000000000000000, -1.000000000000000000 ) ) ;
#3663 = VERTEX_POINT ( 'NONE', #6630 ) ;
#3664 = ORIENTED_EDGE ( 'NONE', *, *, #4012, .F. ) ;
#3665 = CARTESIAN_POINT ( 'NONE',  ( 27.99999999999998579, -0.3000000000000000444, -68.90000000000001990 ) ) ;
#3666 = FACE_OUTER_BOUND ( 'NONE', #2411, .T. ) ;
#3667 = LINE ( 'NONE', #3702, #4021 ) ;
#3668 = EDGE_CURVE ( 'NONE', #6461, #5093, #4394, .T. ) ;
#3669 = CARTESIAN_POINT ( 'NONE',  ( 29.49999999999999289, -0.2000000000000000111, -70.40000000000001990 ) ) ;
#3670 = ORIENTED_EDGE ( 'NONE', *, *, #5932, .F. ) ;
#3671 = ORIENTED_EDGE ( 'NONE', *, *, #223, .T. ) ;
#3672 = ORIENTED_EDGE ( 'NONE', *, *, #3633, .F. ) ;
#3673 = ADVANCED_FACE ( 'NONE', ( #1574 ), #6549, .T. ) ;
#3674 = CARTESIAN_POINT ( 'NONE',  ( 46.79999999999999716, -0.7999999999999999334, 0.000000000000000000 ) ) ;
#3675 = CARTESIAN_POINT ( 'NONE',  ( 29.04999999999999005, -0.3000000000000000444, -68.90000000000001990 ) ) ;
#3676 = DIRECTION ( 'NONE',  ( -3.469446951953620105E-15, 0.000000000000000000, 1.000000000000000000 ) ) ;
#3677 = VERTEX_POINT ( 'NONE', #1456 ) ;
#3678 = ADVANCED_FACE ( 'NONE', ( #1537 ), #5431, .F. ) ;
#3679 = ORIENTED_EDGE ( 'NONE', *, *, #723, .T. ) ;
#3680 = CARTESIAN_POINT ( 'NONE',  ( 25.74999999999998934, -0.3000000000000000444, -68.90000000000001990 ) ) ;
#3681 = DIRECTION ( 'NONE',  ( 0.000000000000000000, 0.000000000000000000, 1.000000000000000000 ) ) ;
#3682 = LINE ( 'NONE', #4874, #7298 ) ;
#3683 = LINE ( 'NONE', #5952, #3903 ) ;
#3684 = FACE_OUTER_BOUND ( 'NONE', #6428, .T. ) ;
#3685 = LINE ( 'NONE', #6481, #6286 ) ;
#3686 = ORIENTED_EDGE ( 'NONE', *, *, #3508, .F. ) ;
#3687 = ORIENTED_EDGE ( 'NONE', *, *, #1789, .F. ) ;
#3688 = ORIENTED_EDGE ( 'NONE', *, *, #6261, .F. ) ;
#3689 = CYLINDRICAL_SURFACE ( 'NONE', #2934, 0.3999999999999975797 ) ;
#3690 = CIRCLE ( 'NONE', #5947, 4.000000000000000000 ) ;
#3691 = CARTESIAN_POINT ( 'NONE',  ( 23.99999999999998579, -0.1000000000000000056, -59.29999999999999005 ) ) ;
#3692 = VECTOR ( 'NONE', #1536, 1000.000000000000000 ) ;
#3693 = EDGE_CURVE ( 'NONE', #762, #4439, #4908, .T. ) ;
#3694 = LINE ( 'NONE', #1550, #1852 ) ;
#3695 = EDGE_CURVE ( 'NONE', #5339, #6639, #7176, .T. ) ;
#3696 = LINE ( 'NONE', #923, #938 ) ;
#3697 = ORIENTED_EDGE ( 'NONE', *, *, #4791, .T. ) ;
#3698 = CIRCLE ( 'NONE', #1225, 0.3999999999999975797 ) ;
#3699 = ORIENTED_EDGE ( 'NONE', *, *, #721, .T. ) ;
#3700 = DIRECTION ( 'NONE',  ( 0.000000000000000000, 1.000000000000000000, -0.000000000000000000 ) ) ;
#3701 = DIRECTION ( 'NONE',  ( -0.000000000000000000, -1.000000000000000000, -0.000000000000000000 ) ) ;
#3702 = CARTESIAN_POINT ( 'NONE',  ( 46.39999999999999858, -0.5000000000000000000, 0.000000000000000000 ) ) ;
#3703 = ADVANCED_FACE ( 'NONE', ( #2082 ), #3237, .F. ) ;
#3704 = CARTESIAN_POINT ( 'NONE',  ( 25.74999999999998934, 0.000000000000000000, -70.90000000000001990 ) ) ;
#3705 = VERTEX_POINT ( 'NONE', #4950 ) ;
#3706 = EDGE_LOOP ( 'NONE', ( #2454, #2598, #6557, #2497 ) ) ;
#3707 = VERTEX_POINT ( 'NONE', #7220 ) ;
#3708 = EDGE_CURVE ( 'NONE', #5486, #3574, #2012, .T. ) ;
#3709 = DIRECTION ( 'NONE',  ( 0.000000000000000000, -0.000000000000000000, 1.000000000000000000 ) ) ;
#3710 = FACE_OUTER_BOUND ( 'NONE', #1019, .T. ) ;
#3711 = DIRECTION ( 'NONE',  ( -0.000000000000000000, 1.000000000000000000, 0.000000000000000000 ) ) ;
#3712 = EDGE_LOOP ( 'NONE', ( #5698, #4883, #2236, #483, #6893, #5310, #2220, #5019 ) ) ;
#3713 = ORIENTED_EDGE ( 'NONE', *, *, #3494, .T. ) ;
#3714 = VERTEX_POINT ( 'NONE', #4313 ) ;
#3715 = CARTESIAN_POINT ( 'NONE',  ( 29.19999999999997797, -0.1000000000000000056, -63.34999999999998721 ) ) ;
#3716 = CARTESIAN_POINT ( 'NONE',  ( 27.24999999999998934, -0.3000000000000000444, -68.90000000000001990 ) ) ;
#3717 = CARTESIAN_POINT ( 'NONE',  ( 28.70000000000000284, 1.500000000000000444, -41.60000000000000142 ) ) ;
#3718 = PLANE ( 'NONE',  #2580 ) ;
#3719 = DIRECTION ( 'NONE',  ( -0.000000000000000000, 0.000000000000000000, -1.000000000000000000 ) ) ;
#3720 = ADVANCED_FACE ( 'NONE', ( #3834 ), #5505, .F. ) ;
#3721 = CARTESIAN_POINT ( 'NONE',  ( 47.55000000000000426, -0.5999999999999999778, -48.94999999999999574 ) ) ;
#3722 = VECTOR ( 'NONE', #476, 1000.000000000000000 ) ;
#3723 = DIRECTION ( 'NONE',  ( 0.000000000000000000, 0.000000000000000000, 1.000000000000000000 ) ) ;
#3724 = ORIENTED_EDGE ( 'NONE', *, *, #6808, .T. ) ;
#3725 = ORIENTED_EDGE ( 'NONE', *, *, #6774, .T. ) ;
#3726 = CIRCLE ( 'NONE', #6712, 0.5000000000000004441 ) ;
#3727 = VECTOR ( 'NONE', #6204, 1000.000000000000000 ) ;
#3728 = VERTEX_POINT ( 'NONE', #1021 ) ;
#3729 = CARTESIAN_POINT ( 'NONE',  ( 10.00000000000000355, -0.5000000000000000000, -55.09999999999999432 ) ) ;
#3730 = LINE ( 'NONE', #4220, #38 ) ;
#3731 = CARTESIAN_POINT ( 'NONE',  ( 3.408942007540526564, 1.244639535854047629, -0.8696805494382847668 ) ) ;
#3732 = CARTESIAN_POINT ( 'NONE',  ( 31.19999999999999574, -0.5000000000000000000, -67.59999999999998010 ) ) ;
#3733 = ORIENTED_EDGE ( 'NONE', *, *, #3842, .F. ) ;
#3734 = VECTOR ( 'NONE', #1971, 1000.000000000000000 ) ;
#3735 = VECTOR ( 'NONE', #6323, 1000.000000000000000 ) ;
#3736 = B_SPLINE_SURFACE_WITH_KNOTS ( 'NONE', 2, 1, ( 
 ( #4286, #5443 ),
 ( #919, #326 ),
 ( #6598, #2620 ) ),
 .UNSPECIFIED., .F., .F., .F.,
 ( 3, 3 ),
 ( 2, 2 ),
 ( 0.000000000000000000, 1.000000000000000000 ),
 ( 0.000000000000000000, 1.000000000000000000 ),
 .UNSPECIFIED. ) ;
#3737 = ORIENTED_EDGE ( 'NONE', *, *, #1047, .T. ) ;
#3738 = CARTESIAN_POINT ( 'NONE',  ( 25.59999999999998010, 0.1000000000000000056, -63.34999999999998721 ) ) ;
#3739 = VECTOR ( 'NONE', #2688, 1000.000000000000000 ) ;
#3740 = DIRECTION ( 'NONE',  ( 0.000000000000000000, -1.000000000000000000, 0.000000000000000000 ) ) ;
#3741 = CARTESIAN_POINT ( 'NONE',  ( 29.46000000000000796, -0.2999999999999999889, -69.09999999999999432 ) ) ;
#3742 = AXIS2_PLACEMENT_3D ( 'NONE', #5228, #1321, #5854 ) ;
#3743 = DIRECTION ( 'NONE',  ( 0.000000000000000000, 0.000000000000000000, 1.000000000000000000 ) ) ;
#3744 = CLOSED_SHELL ( 'NONE', ( #2, #3720, #5023, #6825, #2579, #410, #5552, #4117, #2116, #5718, #3755, #4838, #7120, #6263, #17, #6251, #809, #220, #2915, #4858, #128, #2786, #5582, #813, #6590, #5465, #2155, #7170, #3231 ) ) ;
#3745 = ORIENTED_EDGE ( 'NONE', *, *, #4420, .F. ) ;
#3746 = EDGE_LOOP ( 'NONE', ( #3679, #5230, #647, #5493 ) ) ;
#3747 = ORIENTED_EDGE ( 'NONE', *, *, #1157, .T. ) ;
#3748 = ADVANCED_FACE ( 'NONE', ( #3762 ), #4278, .T. ) ;
#3749 = VECTOR ( 'NONE', #6298, 1000.000000000000000 ) ;
#3750 = ADVANCED_FACE ( 'NONE', ( #906 ), #4356, .T. ) ;
#3751 = DIRECTION ( 'NONE',  ( -1.000000000000000000, 0.000000000000000000, 0.000000000000000000 ) ) ;
#3752 = VECTOR ( 'NONE', #2736, 1000.000000000000000 ) ;
#3753 = DIRECTION ( 'NONE',  ( -0.000000000000000000, -1.000000000000000000, -0.000000000000000000 ) ) ;
#3754 = DIRECTION ( 'NONE',  ( -0.000000000000000000, -1.000000000000000000, -0.000000000000000000 ) ) ;
#3755 = ADVANCED_FACE ( 'NONE', ( #4990 ), #7254, .F. ) ;
#3756 = CIRCLE ( 'NONE', #2455, 0.3999999999999975797 ) ;
#3757 = ORIENTED_EDGE ( 'NONE', *, *, #6046, .T. ) ;
#3758 = ORIENTED_EDGE ( 'NONE', *, *, #6902, .F. ) ;
#3759 = VERTEX_POINT ( 'NONE', #6182 ) ;
#3760 = VECTOR ( 'NONE', #4017, 1000.000000000000000 ) ;
#3761 = CARTESIAN_POINT ( 'NONE',  ( 27.99999999999998579, -0.3000000000000000444, -70.90000000000001990 ) ) ;
#3762 = FACE_OUTER_BOUND ( 'NONE', #7236, .T. ) ;
#3763 = DIRECTION ( 'NONE',  ( 0.000000000000000000, 0.000000000000000000, 1.000000000000000000 ) ) ;
#3764 = CARTESIAN_POINT ( 'NONE',  ( 25.09999999999998010, 0.1000000000000000056, -63.34999999999998721 ) ) ;
#3765 = CARTESIAN_POINT ( 'NONE',  ( 12.00000000000000533, -0.4000000000000000222, -44.29999999999999716 ) ) ;
#3766 = PLANE ( 'NONE',  #797 ) ;
#3767 = LINE ( 'NONE', #6037, #4507 ) ;
#3768 = VERTEX_POINT ( 'NONE', #1725 ) ;
#3769 = ORIENTED_EDGE ( 'NONE', *, *, #5270, .F. ) ;
#3770 = APPROVAL_PERSON_ORGANIZATION ( #6718, #2344, #401 ) ;
#3771 = EDGE_CURVE ( 'NONE', #5339, #3072, #1065, .T. ) ;
#3772 = VECTOR ( 'NONE', #1320, 1000.000000000000000 ) ;
#3773 = VERTEX_POINT ( 'NONE', #4028 ) ;
#3774 = DIRECTION ( 'NONE',  ( 0.000000000000000000, 0.000000000000000000, 1.000000000000000000 ) ) ;
#3775 = DIRECTION ( 'NONE',  ( 0.000000000000000000, 0.000000000000000000, -1.000000000000000000 ) ) ;
#3776 = APPLICATION_PROTOCOL_DEFINITION ( 'international standard', 'config_control_design', 1994, #135 ) ;
#3777 = CARTESIAN_POINT ( 'NONE',  ( 6.999999999999999112, 0.5000000000000000000, 0.000000000000000000 ) ) ;
#3778 = CARTESIAN_POINT ( 'NONE',  ( 10.00000000000001243, -0.5000000000000000000, -56.09999999999999432 ) ) ;
#3779 = CIRCLE ( 'NONE', #6755, 0.5000000000000004441 ) ;
#3780 = ORIENTED_EDGE ( 'NONE', *, *, #2156, .F. ) ;
#3781 = ADVANCED_FACE ( 'NONE', ( #538 ), #4579, .T. ) ;
#3782 = VECTOR ( 'NONE', #5897, 1000.000000000000000 ) ;
#3783 = ORIENTED_EDGE ( 'NONE', *, *, #2347, .F. ) ;
#3784 = LINE ( 'NONE', #1959, #5838 ) ;
#3785 = DIRECTION ( 'NONE',  ( -0.000000000000000000, -1.000000000000000000, -0.000000000000000000 ) ) ;
#3786 = DIRECTION ( 'NONE',  ( -3.659754168727450359E-17, 0.000000000000000000, -1.000000000000000000 ) ) ;
#3787 = PLANE ( 'NONE',  #6141 ) ;
#3788 = ORGANIZATION ( '未指定', '未指定', '' ) ;
#3789 = ORIENTED_EDGE ( 'NONE', *, *, #5336, .F. ) ;
#3790 = ORIENTED_EDGE ( 'NONE', *, *, #6497, .F. ) ;
#3791 = ORIENTED_EDGE ( 'NONE', *, *, #6846, .T. ) ;
#3792 = CARTESIAN_POINT ( 'NONE',  ( 0.000000000000000000, -0.3999999999999999667, 0.000000000000000000 ) ) ;
#3793 = LINE ( 'NONE', #2263, #6356 ) ;
#3794 = CARTESIAN_POINT ( 'NONE',  ( 30.92000000000000526, -0.3999999999999999667, -71.09999999999999432 ) ) ;
#3795 = EDGE_CURVE ( 'NONE', #1635, #4423, #2911, .T. ) ;
#3796 = ADVANCED_FACE ( 'NONE', ( #3353 ), #1176, .T. ) ;
#3797 = ORIENTED_EDGE ( 'NONE', *, *, #6237, .F. ) ;
#3798 = ORIENTED_EDGE ( 'NONE', *, *, #570, .F. ) ;
#3799 = ORIENTED_EDGE ( 'NONE', *, *, #2306, .T. ) ;
#3800 = DIRECTION ( 'NONE',  ( 0.000000000000000000, 1.000000000000000000, 0.000000000000000000 ) ) ;
#3801 = CARTESIAN_POINT ( 'NONE',  ( 27.99999999999998579, -0.3000000000000000444, -70.90000000000001990 ) ) ;
#3802 = DIRECTION ( 'NONE',  ( 0.000000000000000000, 0.000000000000000000, -1.000000000000000000 ) ) ;
#3803 = CARTESIAN_POINT ( 'NONE',  ( 49.69999999999999574, -0.3999999999999999667, -47.59999999999998010 ) ) ;
#3804 = DIRECTION ( 'NONE',  ( 0.000000000000000000, 1.000000000000000000, 0.000000000000000000 ) ) ;
#3805 = PLANE ( 'NONE',  #6165 ) ;
#3806 = ORIENTED_EDGE ( 'NONE', *, *, #6302, .F. ) ;
#3807 = ORIENTED_EDGE ( 'NONE', *, *, #917, .T. ) ;
#3808 = EDGE_CURVE ( 'NONE', #1482, #1451, #6294, .T. ) ;
#3809 = ORIENTED_EDGE ( 'NONE', *, *, #6886, .T. ) ;
#3810 = LINE ( 'NONE', #7191, #5408 ) ;
#3811 = CARTESIAN_POINT ( 'NONE',  ( 29.46000000000000796, -0.2999999999999999889, -69.09999999999999432 ) ) ;
#3812 = CARTESIAN_POINT ( 'NONE',  ( 30.92000000000000526, -0.2999999999999999889, -71.09999999999999432 ) ) ;
#3813 = CARTESIAN_POINT ( 'NONE',  ( 49.04999999999999716, -0.5000000000000000000, 0.000000000000000000 ) ) ;
#3814 = VERTEX_POINT ( 'NONE', #3876 ) ;
#3815 = ORIENTED_EDGE ( 'NONE', *, *, #2435, .T. ) ;
#3816 = AXIS2_PLACEMENT_3D ( 'NONE', #3665, #5488, #6494 ) ;
#3817 = ORIENTED_EDGE ( 'NONE', *, *, #5101, .T. ) ;
#3818 = DIRECTION ( 'NONE',  ( -1.000000000000000000, 0.000000000000000000, 0.000000000000000000 ) ) ;
#3819 = DIRECTION ( 'NONE',  ( 0.000000000000000000, -0.000000000000000000, -1.000000000000000000 ) ) ;
#3820 = CARTESIAN_POINT ( 'NONE',  ( 24.99999999999998579, -0.3000000000000000444, -70.90000000000001990 ) ) ;
#3821 = CARTESIAN_POINT ( 'NONE',  ( 49.19999999999999574, -0.2999999999999999889, -54.59999999999998010 ) ) ;
#3822 = VECTOR ( 'NONE', #4453, 1000.000000000000000 ) ;
#3823 = EDGE_CURVE ( 'NONE', #7163, #6179, #5110, .T. ) ;
#3824 = VECTOR ( 'NONE', #6981, 1000.000000000000000 ) ;
#3825 = ORIENTED_EDGE ( 'NONE', *, *, #159, .T. ) ;
#3826 = ORIENTED_EDGE ( 'NONE', *, *, #1262, .F. ) ;
#3827 = VERTEX_POINT ( 'NONE', #2311 ) ;
#3828 = FACE_OUTER_BOUND ( 'NONE', #2906, .T. ) ;
#3829 = CARTESIAN_POINT ( 'NONE',  ( 0.000000000000000000, 0.000000000000000000, 0.000000000000000000 ) ) ;
#3830 = CARTESIAN_POINT ( 'NONE',  ( 29.69999999999997442, 0.000000000000000000, -2.000000000000000000 ) ) ;
#3831 = VERTEX_POINT ( 'NONE', #6780 ) ;
#3832 = EDGE_LOOP ( 'NONE', ( #3713, #6351, #638, #1790, #7219, #6234, #3687, #6127, #291, #2132, #5567, #2248 ) ) ;
#3833 = VERTEX_POINT ( 'NONE', #5621 ) ;
#3834 = FACE_OUTER_BOUND ( 'NONE', #5284, .T. ) ;
#3835 = CARTESIAN_POINT ( 'NONE',  ( 30.92000000000000526, -0.2999999999999999889, -71.09999999999999432 ) ) ;
#3836 = DIRECTION ( 'NONE',  ( -0.000000000000000000, 1.000000000000000000, -0.000000000000000000 ) ) ;
#3837 = PLANE ( 'NONE',  #3529 ) ;
#3838 = FACE_OUTER_BOUND ( 'NONE', #3475, .T. ) ;
#3839 = DIRECTION ( 'NONE',  ( 1.000000000000000000, 0.000000000000000000, 0.000000000000000000 ) ) ;
#3840 = ORIENTED_EDGE ( 'NONE', *, *, #1131, .F. ) ;
#3841 = VERTEX_POINT ( 'NONE', #3314 ) ;
#3842 = EDGE_CURVE ( 'NONE', #1323, #192, #3468, .T. ) ;
#3843 = EDGE_CURVE ( 'NONE', #7218, #3148, #94, .T. ) ;
#3844 = ORIENTED_EDGE ( 'NONE', *, *, #5980, .F. ) ;
#3845 = CARTESIAN_POINT ( 'NONE',  ( 32.50000000000000000, -0.5000000000000000000, -70.59999999999998010 ) ) ;
#3846 = CARTESIAN_POINT ( 'NONE',  ( 49.69999999999999574, -0.2999999999999999889, -47.59999999999998010 ) ) ;
#3847 = CARTESIAN_POINT ( 'NONE',  ( 31.99999999999999289, -0.6000000000000000888, -67.59999999999998010 ) ) ;
#3848 = MECHANICAL_CONTEXT ( 'NONE', #135, 'mechanical' ) ;
#3849 = FACE_OUTER_BOUND ( 'NONE', #5717, .T. ) ;
#3850 = CARTESIAN_POINT ( 'NONE',  ( 28.70000000000000284, 0.000000000000000000, -43.60000000000000142 ) ) ;
#3851 = EDGE_CURVE ( 'NONE', #3555, #3768, #3604, .T. ) ;
#3852 = ORIENTED_EDGE ( 'NONE', *, *, #1509, .T. ) ;
#3853 = VERTEX_POINT ( 'NONE', #583 ) ;
#3854 = AXIS2_PLACEMENT_3D ( 'NONE', #5433, #354, #244 ) ;
#3855 = VECTOR ( 'NONE', #3453, 1000.000000000000000 ) ;
#3856 = VERTEX_POINT ( 'NONE', #2842 ) ;
#3857 = DIRECTION ( 'NONE',  ( -1.000000000000000000, 0.000000000000000000, 0.000000000000000000 ) ) ;
#3858 = CARTESIAN_POINT ( 'NONE',  ( 26.00000000000000711, -0.3999999999999999667, -48.59999999999999432 ) ) ;
#3859 = LINE ( 'NONE', #5572, #3537 ) ;
#3860 = AXIS2_PLACEMENT_3D ( 'NONE', #6315, #4601, #4387 ) ;
#3861 = AXIS2_PLACEMENT_3D ( 'NONE', #495, #3911, #5020 ) ;
#3862 = LINE ( 'NONE', #5573, #4595 ) ;
#3863 = EDGE_LOOP ( 'NONE', ( #5847, #3312, #1621, #2674 ) ) ;
#3864 = ORIENTED_EDGE ( 'NONE', *, *, #4722, .F. ) ;
#3865 = VERTEX_POINT ( 'NONE', #2274 ) ;
#3866 = VECTOR ( 'NONE', #868, 1000.000000000000000 ) ;
#3867 = ADVANCED_FACE ( 'NONE', ( #1657 ), #55, .F. ) ;
#3868 = DIRECTION ( 'NONE',  ( 0.000000000000000000, 0.000000000000000000, 1.000000000000000000 ) ) ;
#3869 = CARTESIAN_POINT ( 'NONE',  ( 46.79999999999999716, -0.7999999999999999334, -53.29999999999997584 ) ) ;
#3870 = EDGE_LOOP ( 'NONE', ( #4480, #1646, #989, #4777 ) ) ;
#3871 = CIRCLE ( 'NONE', #3998, 1.000000000000000888 ) ;
#3872 = ORIENTED_EDGE ( 'NONE', *, *, #1475, .T. ) ;
#3873 = AXIS2_PLACEMENT_3D ( 'NONE', #4687, #2285, #2960 ) ;
#3874 = VERTEX_POINT ( 'NONE', #1760 ) ;
#3875 = ADVANCED_FACE ( 'NONE', ( #654 ), #2242, .F. ) ;
#3876 = CARTESIAN_POINT ( 'NONE',  ( 26.04999999999999005, -0.3000000000000000444, -68.90000000000001990 ) ) ;
#3877 = AXIS2_PLACEMENT_3D ( 'NONE', #952, #430, #4877 ) ;
#3878 = LINE ( 'NONE', #6183, #6115 ) ;
#3879 = CARTESIAN_POINT ( 'NONE',  ( 46.89999999999999858, -0.5000000000000000000, -47.59999999999998010 ) ) ;
#3880 = CARTESIAN_POINT ( 'NONE',  ( 46.39999999999999858, -0.2999999999999999889, -54.09999999999998010 ) ) ;
#3881 = LINE ( 'NONE', #2129, #7197 ) ;
#3882 = DIRECTION ( 'NONE',  ( 1.000000000000000000, 0.000000000000000000, 0.000000000000000000 ) ) ;
#3883 = EDGE_LOOP ( 'NONE', ( #831, #1110, #648, #6085 ) ) ;
#3884 = ORIENTED_EDGE ( 'NONE', *, *, #4941, .F. ) ;
#3885 = VECTOR ( 'NONE', #2748, 1000.000000000000000 ) ;
#3886 = VERTEX_POINT ( 'NONE', #1690 ) ;
#3887 = CARTESIAN_POINT ( 'NONE',  ( 30.49000000000000909, -0.2999999999999999889, -69.09999999999999432 ) ) ;
#3888 = CARTESIAN_POINT ( 'NONE',  ( 29.46000000000000796, -0.2999999999999999889, -71.09999999999999432 ) ) ;
#3889 = CARTESIAN_POINT ( 'NONE',  ( 2.000000000000000888, -0.1000000000000000056, -6.000000000000026645 ) ) ;
#3890 = LINE ( 'NONE', #3812, #5212 ) ;
#3891 = LINE ( 'NONE', #5087, #7069 ) ;
#3892 = CARTESIAN_POINT ( 'NONE',  ( 24.49999999999997868, -0.1000000000000000056, -51.90000000000000568 ) ) ;
#3893 = EDGE_CURVE ( 'NONE', #3714, #3519, #501, .T. ) ;
#3894 = ORIENTED_EDGE ( 'NONE', *, *, #4981, .F. ) ;
#3895 = EDGE_CURVE ( 'NONE', #4737, #3236, #6217, .T. ) ;
#3896 = ORIENTED_EDGE ( 'NONE', *, *, #5898, .T. ) ;
#3897 = AXIS2_PLACEMENT_3D ( 'NONE', #3902, #6090, #6169 ) ;
#3898 = ORIENTED_EDGE ( 'NONE', *, *, #2143, .F. ) ;
#3899 = CARTESIAN_POINT ( 'NONE',  ( 28.59999999999998010, -0.1000000000000000056, -63.34999999999998721 ) ) ;
#3900 = EDGE_CURVE ( 'NONE', #4970, #5628, #3388, .T. ) ;
#3901 = DIRECTION ( 'NONE',  ( 0.000000000000000000, -0.000000000000000000, -1.000000000000000000 ) ) ;
#3902 = CARTESIAN_POINT ( 'NONE',  ( 28.00000000000000355, -0.6000000000000000888, -70.59999999999999432 ) ) ;
#3903 = VECTOR ( 'NONE', #318, 1000.000000000000000 ) ;
#3904 = DIRECTION ( 'NONE',  ( 0.000000000000000000, -1.000000000000000000, 0.000000000000000000 ) ) ;
#3905 = VERTEX_POINT ( 'NONE', #6815 ) ;
#3906 = AXIS2_PLACEMENT_3D ( 'NONE', #4259, #2058, #6451 ) ;
#3907 = ORIENTED_EDGE ( 'NONE', *, *, #3108, .F. ) ;
#3908 = VERTEX_POINT ( 'NONE', #598 ) ;
#3909 = EDGE_CURVE ( 'NONE', #2717, #4382, #5596, .T. ) ;
#3910 = CARTESIAN_POINT ( 'NONE',  ( 28.59999999999998010, 0.1000000000000000056, -63.34999999999998721 ) ) ;
#3911 = DIRECTION ( 'NONE',  ( 1.000000000000000000, 0.000000000000000000, 9.698933172394306769E-17 ) ) ;
#3912 = VECTOR ( 'NONE', #3882, 1000.000000000000000 ) ;
#3913 = DIRECTION ( 'NONE',  ( -1.000000000000000000, 0.000000000000000000, 0.000000000000000000 ) ) ;
#3914 = ORIENTED_EDGE ( 'NONE', *, *, #2802, .F. ) ;
#3915 = ORIENTED_EDGE ( 'NONE', *, *, #3442, .T. ) ;
#3916 = FACE_OUTER_BOUND ( 'NONE', #4744, .T. ) ;
#3917 = CARTESIAN_POINT ( 'NONE',  ( 12.00000000000000533, -0.4000000000000000222, -44.29999999999999716 ) ) ;
#3918 = DIRECTION ( 'NONE',  ( 0.000000000000000000, -1.000000000000000000, 0.000000000000000000 ) ) ;
#3919 = CARTESIAN_POINT ( 'NONE',  ( 0.000000000000000000, 0.000000000000000000, 0.000000000000000000 ) ) ;
#3920 = CARTESIAN_POINT ( 'NONE',  ( 11.30000000000000604, -0.3999999999999999667, -48.39999999999999858 ) ) ;
#3921 = CARTESIAN_POINT ( 'NONE',  ( 9.000000000000005329, -0.5000000000000000000, -55.09999999999998721 ) ) ;
#3922 = LINE ( 'NONE', #6188, #5917 ) ;
#3923 = EDGE_CURVE ( 'NONE', #5375, #2541, #5119, .T. ) ;
#3924 = ORIENTED_EDGE ( 'NONE', *, *, #6284, .F. ) ;
#3925 = ORIENTED_EDGE ( 'NONE', *, *, #4163, .F. ) ;
#3926 = ORIENTED_EDGE ( 'NONE', *, *, #7205, .F. ) ;
#3927 = CARTESIAN_POINT ( 'NONE',  ( 6.000000000000003553, -1.500000000000000000, -37.29999999999999716 ) ) ;
#3928 = LINE ( 'NONE', #6791, #6932 ) ;
#3929 = CARTESIAN_POINT ( 'NONE',  ( 0.000000000000000000, -0.2999999999999999889, 0.000000000000000000 ) ) ;
#3930 = FACE_OUTER_BOUND ( 'NONE', #2821, .T. ) ;
#3931 = CARTESIAN_POINT ( 'NONE',  ( 49.19999999999999574, -0.3999999999999999667, -47.09999999999998010 ) ) ;
#3932 = CIRCLE ( 'NONE', #7247, 0.5000000000000004441 ) ;
#3933 = CARTESIAN_POINT ( 'NONE',  ( 27.24999999999998934, -0.3000000000000000444, -70.90000000000001990 ) ) ;
#3934 = ORIENTED_EDGE ( 'NONE', *, *, #711, .T. ) ;
#3935 = ORIENTED_EDGE ( 'NONE', *, *, #6284, .T. ) ;
#3936 = ORIENTED_EDGE ( 'NONE', *, *, #1452, .F. ) ;
#3937 = DIRECTION ( 'NONE',  ( 0.000000000000000000, 0.000000000000000000, -1.000000000000000000 ) ) ;
#3938 = EDGE_CURVE ( 'NONE', #1226, #3585, #2287, .T. ) ;
#3939 = DIRECTION ( 'NONE',  ( 0.000000000000000000, -1.000000000000000000, 0.000000000000000000 ) ) ;
#3940 = DIRECTION ( 'NONE',  ( -1.000000000000000000, 0.000000000000000000, -0.000000000000000000 ) ) ;
#3941 = CARTESIAN_POINT ( 'NONE',  ( 27.50000000000000355, -0.5000000000000000000, -70.59999999999999432 ) ) ;
#3942 = VERTEX_POINT ( 'NONE', #3888 ) ;
#3943 = VERTEX_POINT ( 'NONE', #6269 ) ;
#3944 = EDGE_CURVE ( 'NONE', #4792, #5426, #7267, .T. ) ;
#3945 = ADVANCED_FACE ( 'NONE', ( #6157 ), #6716, .F. ) ;
#3946 = LINE ( 'NONE', #947, #3226 ) ;
#3947 = CARTESIAN_POINT ( 'NONE',  ( 25.29999999999998650, -0.3000000000000000444, -70.90000000000001990 ) ) ;
#3948 = VECTOR ( 'NONE', #5597, 1000.000000000000000 ) ;
#3949 = VECTOR ( 'NONE', #929, 1000.000000000000000 ) ;
#3950 = VERTEX_POINT ( 'NONE', #5002 ) ;
#3951 = EDGE_CURVE ( 'NONE', #3115, #2578, #4964, .T. ) ;
#3952 = ORIENTED_EDGE ( 'NONE', *, *, #6640, .T. ) ;
#3953 = DIRECTION ( 'NONE',  ( 0.000000000000000000, 0.000000000000000000, 1.000000000000000000 ) ) ;
#3954 = DIRECTION ( 'NONE',  ( -0.000000000000000000, 1.000000000000000000, -0.000000000000000000 ) ) ;
#3955 = CARTESIAN_POINT ( 'NONE',  ( 27.50000000000000355, -0.6000000000000000888, -68.09999999999998010 ) ) ;
#3956 = CARTESIAN_POINT ( 'NONE',  ( 6.999999999999995559, 1.244639535854047407, -0.8696805494382842117 ) ) ;
#3957 = DIRECTION ( 'NONE',  ( 0.000000000000000000, -1.000000000000000000, 0.000000000000000000 ) ) ;
#3958 = DIRECTION ( 'NONE',  ( -0.000000000000000000, -0.000000000000000000, 1.000000000000000000 ) ) ;
#3959 = CYLINDRICAL_SURFACE ( 'NONE', #6022, 0.9999999999999870104 ) ;
#3960 = ORIENTED_EDGE ( 'NONE', *, *, #1680, .F. ) ;
#3961 = VERTEX_POINT ( 'NONE', #4005 ) ;
#3962 = ORIENTED_EDGE ( 'NONE', *, *, #2903, .T. ) ;
#3963 = DIRECTION ( 'NONE',  ( 0.000000000000000000, -0.000000000000000000, -1.000000000000000000 ) ) ;
#3964 = ADVANCED_FACE ( 'NONE', ( #6826 ), #4442, .T. ) ;
#3965 = EDGE_CURVE ( 'NONE', #4491, #302, #2700, .T. ) ;
#3966 = DIRECTION ( 'NONE',  ( -1.734723475976805517E-15, -0.000000000000000000, -1.000000000000000000 ) ) ;
#3967 = CARTESIAN_POINT ( 'NONE',  ( 12.00000000000000533, -0.5000000000000000000, -41.29999999999999716 ) ) ;
#3968 = APPROVAL_DATE_TIME ( #69, #2344 ) ;
#3969 = DIRECTION ( 'NONE',  ( -1.000000000000000000, -0.000000000000000000, -0.000000000000000000 ) ) ;
#3970 = PLANE ( 'NONE',  #5438 ) ;
#3971 = EDGE_LOOP ( 'NONE', ( #5464, #3243, #1119, #6582 ) ) ;
#3972 = ORIENTED_EDGE ( 'NONE', *, *, #4982, .F. ) ;
#3973 = LINE ( 'NONE', #3899, #4205 ) ;
#3974 = EDGE_CURVE ( 'NONE', #5619, #7226, #886, .T. ) ;
#3975 = DIRECTION ( 'NONE',  ( 0.000000000000000000, -1.000000000000000000, 0.000000000000000000 ) ) ;
#3976 = CARTESIAN_POINT ( 'NONE',  ( 27.99999999999998579, -0.3000000000000000444, -68.90000000000001990 ) ) ;
#3977 = CARTESIAN_POINT ( 'NONE',  ( 29.04999999999998650, 0.000000000000000000, -70.90000000000001990 ) ) ;
#3978 = AXIS2_PLACEMENT_3D ( 'NONE', #6146, #4612, #7335 ) ;
#3979 = ORIENTED_EDGE ( 'NONE', *, *, #5174, .F. ) ;
#3980 = ORIENTED_EDGE ( 'NONE', *, *, #5909, .T. ) ;
#3981 = VECTOR ( 'NONE', #6295, 1000.000000000000000 ) ;
#3982 = AXIS2_PLACEMENT_3D ( 'NONE', #3012, #5278, #197 ) ;
#3983 = LINE ( 'NONE', #3910, #979 ) ;
#3984 = CARTESIAN_POINT ( 'NONE',  ( 0.8696805494382842117, 1.244639535854047407, -36.60000000000000142 ) ) ;
#3985 = EDGE_CURVE ( 'NONE', #1687, #6821, #3445, .T. ) ;
#3986 = EDGE_CURVE ( 'NONE', #4461, #4100, #1076, .T. ) ;
#3987 = ORIENTED_EDGE ( 'NONE', *, *, #956, .T. ) ;
#3988 = EDGE_CURVE ( 'NONE', #5347, #6038, #3928, .T. ) ;
#3989 = AXIS2_PLACEMENT_3D ( 'NONE', #7030, #5287, #2991 ) ;
#3990 = VERTEX_POINT ( 'NONE', #7308 ) ;
#3991 = LINE ( 'NONE', #5108, #5534 ) ;
#3992 = CARTESIAN_POINT ( 'NONE',  ( 6.000000000000000888, -1.500000000000000000, -5.999999999999999112 ) ) ;
#3993 = EDGE_CURVE ( 'NONE', #3865, #5117, #2136, .T. ) ;
#3994 = DIRECTION ( 'NONE',  ( 0.000000000000000000, 0.000000000000000000, 1.000000000000000000 ) ) ;
#3995 = LINE ( 'NONE', #2878, #1526 ) ;
#3996 = DIRECTION ( 'NONE',  ( 0.000000000000000000, 1.000000000000000000, 0.000000000000000000 ) ) ;
#3997 = DIRECTION ( 'NONE',  ( -1.000000000000000000, 0.000000000000000000, -9.050731179009497601E-15 ) ) ;
#3998 = AXIS2_PLACEMENT_3D ( 'NONE', #4444, #6794, #5636 ) ;
#3999 = FACE_OUTER_BOUND ( 'NONE', #215, .T. ) ;
#4000 =( BOUNDED_SURFACE ( )  B_SPLINE_SURFACE ( 2, 3, ( 
 ( #3580, #3059, #1878, #768 ),
 ( #4248, #6443, #4106, #5256 ),
 ( #6515, #5886, #4174, #3613 ) ),
 .UNSPECIFIED., .F., .F., .F. ) 
 B_SPLINE_SURFACE_WITH_KNOTS ( ( 3, 3 ),
 ( 4, 4 ),
 ( 0.000000000000000000, 1.000000000000000000 ),
 ( 0.000000000000000000, 1.000000000000000000 ),
 .UNSPECIFIED. ) 
 GEOMETRIC_REPRESENTATION_ITEM ( )  RATIONAL_B_SPLINE_SURFACE ( (
 ( 1.000000000000000000, 0.8047378541243649375, 0.8047378541243649375, 1.000000000000000000),
 ( 1.000000000000000000, 0.8047378541243649375, 0.8047378541243649375, 1.000000000000000000),
 ( 1.000000000000000000, 0.8047378541243649375, 0.8047378541243649375, 1.000000000000000000) ) ) 
 REPRESENTATION_ITEM ( '' )  SURFACE ( )  );
#4001 = VERTEX_POINT ( 'NONE', #6193 ) ;
#4002 = ORIENTED_EDGE ( 'NONE', *, *, #251, .F. ) ;
#4003 = AXIS2_PLACEMENT_3D ( 'NONE', #2202, #3504, #2387 ) ;
#4004 = PLANE ( 'NONE',  #3407 ) ;
#4005 = CARTESIAN_POINT ( 'NONE',  ( 24.99999999999999645, -0.5000000000000000000, -41.29999999999999716 ) ) ;
#4006 = FACE_OUTER_BOUND ( 'NONE', #3746, .T. ) ;
#4007 = CALENDAR_DATE ( 2026, 18, 5 ) ;
#4008 = PLANE ( 'NONE',  #6842 ) ;
#4009 = LINE ( 'NONE', #1708, #3427 ) ;
#4010 = VECTOR ( 'NONE', #4515, 1000.000000000000000 ) ;
#4011 = ORIENTED_EDGE ( 'NONE', *, *, #5294, .F. ) ;
#4012 = EDGE_CURVE ( 'NONE', #2809, #6834, #515, .T. ) ;
#4013 = ORIENTED_EDGE ( 'NONE', *, *, #1706, .T. ) ;
#4014 = CARTESIAN_POINT ( 'NONE',  ( 49.04999999999999716, -0.7999999999999999334, -53.59999999999998010 ) ) ;
#4015 = PLANE ( 'NONE',  #861 ) ;
#4016 = CARTESIAN_POINT ( 'NONE',  ( 33.70000000000000995, -0.1000000000000000056, -37.29999999999999716 ) ) ;
#4017 = DIRECTION ( 'NONE',  ( -0.000000000000000000, 1.000000000000000000, -0.000000000000000000 ) ) ;
#4018 = ADVANCED_FACE ( 'NONE', ( #4485 ), #1152, .F. ) ;
#4019 = VERTEX_POINT ( 'NONE', #5632 ) ;
#4020 = ORIENTED_EDGE ( 'NONE', *, *, #3156, .T. ) ;
#4021 = VECTOR ( 'NONE', #5970, 1000.000000000000000 ) ;
#4022 = CARTESIAN_POINT ( 'NONE',  ( 0.000000000000000000, -0.3999999999999999667, -41.29999999999999716 ) ) ;
#4023 = DIRECTION ( 'NONE',  ( 0.000000000000000000, -1.000000000000000000, 0.000000000000000000 ) ) ;
#4024 = AXIS2_PLACEMENT_3D ( 'NONE', #5521, #4925, #6198 ) ;
#4025 = ORIENTED_EDGE ( 'NONE', *, *, #3484, .F. ) ;
#4026 = ORIENTED_EDGE ( 'NONE', *, *, #2020, .F. ) ;
#4027 = DIRECTION ( 'NONE',  ( -0.000000000000000000, 1.000000000000000000, -0.000000000000000000 ) ) ;
#4028 = CARTESIAN_POINT ( 'NONE',  ( 32.00000000000000000, -0.5000000000000000000, -71.09999999999998010 ) ) ;
#4029 = EDGE_CURVE ( 'NONE', #204, #3656, #1703, .T. ) ;
#4030 = DIRECTION ( 'NONE',  ( -1.734723475976805517E-15, -0.000000000000000000, -1.000000000000000000 ) ) ;
#4031 = ADVANCED_FACE ( 'NONE', ( #6228 ), #5872, .T. ) ;
#4032 = DIRECTION ( 'NONE',  ( 0.000000000000000000, -0.000000000000000000, 1.000000000000000000 ) ) ;
#4033 = DIRECTION ( 'NONE',  ( 0.000000000000000000, 0.000000000000000000, -1.000000000000000000 ) ) ;
#4034 = LINE ( 'NONE', #4135, #3749 ) ;
#4035 = CARTESIAN_POINT ( 'NONE',  ( 25.74999999999998579, 0.1000000000000000056, -62.40000000000000568 ) ) ;
#4036 = EDGE_LOOP ( 'NONE', ( #6215, #5527, #2051, #3952 ) ) ;
#4037 = ORIENTED_EDGE ( 'NONE', *, *, #6478, .F. ) ;
#4038 = CARTESIAN_POINT ( 'NONE',  ( 3.000000000000003553, 1.500000000000000000, -8.000000000000039080 ) ) ;
#4039 = EDGE_CURVE ( 'NONE', #7052, #6684, #6352, .T. ) ;
#4040 = CARTESIAN_POINT ( 'NONE',  ( 29.69999999999997797, 0.000000000000000000, -41.29999999999999716 ) ) ;
#4041 = CARTESIAN_POINT ( 'NONE',  ( 9.000000000000005329, -0.5000000000000000000, -55.09999999999998721 ) ) ;
#4042 = DIRECTION ( 'NONE',  ( 0.000000000000000000, 0.000000000000000000, 1.000000000000000000 ) ) ;
#4043 = VECTOR ( 'NONE', #7139, 1000.000000000000000 ) ;
#4044 = ORIENTED_EDGE ( 'NONE', *, *, #6283, .T. ) ;
#4045 = EDGE_CURVE ( 'NONE', #3555, #5907, #5225, .T. ) ;
#4046 = ORIENTED_EDGE ( 'NONE', *, *, #6411, .F. ) ;
#4047 = PLANE ( 'NONE',  #666 ) ;
#4048 = LINE ( 'NONE', #180, #5016 ) ;
#4049 = LINE ( 'NONE', #610, #3261 ) ;
#4050 = DIRECTION ( 'NONE',  ( 0.000000000000000000, 0.000000000000000000, -1.000000000000000000 ) ) ;
#4051 = ORIENTED_EDGE ( 'NONE', *, *, #5569, .T. ) ;
#4052 = DIRECTION ( 'NONE',  ( -2.081668171172108939E-13, 0.000000000000000000, -1.000000000000000000 ) ) ;
#4053 = PLANE ( 'NONE',  #3057 ) ;
#4054 = EDGE_CURVE ( 'NONE', #5545, #4285, #66, .T. ) ;
#4055 = ORIENTED_EDGE ( 'NONE', *, *, #6877, .T. ) ;
#4056 = VECTOR ( 'NONE', #4885, 1000.000000000000000 ) ;
#4057 = DIRECTION ( 'NONE',  ( 0.7071067811865470176, 0.000000000000000000, -0.7071067811865480168 ) ) ;
#4058 = LINE ( 'NONE', #6916, #2317 ) ;
#4059 = CARTESIAN_POINT ( 'NONE',  ( 49.29999999999999716, -0.5000000000000000000, -53.29999999999997584 ) ) ;
#4060 = CARTESIAN_POINT ( 'NONE',  ( 49.04999999999999716, -0.7999999999999999334, -48.39999999999997726 ) ) ;
#4061 = PLANE ( 'NONE',  #2937 ) ;
#4062 = CARTESIAN_POINT ( 'NONE',  ( 27.70000000000000284, 1.500000000000000000, -33.50000000000000000 ) ) ;
#4063 = AXIS2_PLACEMENT_3D ( 'NONE', #5301, #3489, #5796 ) ;
#4064 = EDGE_LOOP ( 'NONE', ( #1083, #3644, #1427, #1595 ) ) ;
#4065 = ORIENTED_EDGE ( 'NONE', *, *, #1313, .F. ) ;
#4066 = EDGE_LOOP ( 'NONE', ( #1698, #669, #4869, #1073 ) ) ;
#4067 = APPLICATION_CONTEXT ( 'configuration controlled 3d designs of mechanical parts and assemblies' ) ;
#4068 = LINE ( 'NONE', #5818, #4470 ) ;
#4069 = CARTESIAN_POINT ( 'NONE',  ( 7.000000000000000000, 1.500000000000000000, -7.000000000000000000 ) ) ;
#4070 = CARTESIAN_POINT ( 'NONE',  ( 6.000000000000000888, -0.1000000000000000056, -5.999999999999999112 ) ) ;
#4071 = COORDINATED_UNIVERSAL_TIME_OFFSET ( 8, 0, .AHEAD. ) ;
#4072 = DIRECTION ( 'NONE',  ( 0.000000000000000000, 1.000000000000000000, 0.000000000000000000 ) ) ;
#4073 = DIRECTION ( 'NONE',  ( 1.156482317317870344E-15, 0.000000000000000000, -1.000000000000000000 ) ) ;
#4074 = VERTEX_POINT ( 'NONE', #4655 ) ;
#4075 = EDGE_CURVE ( 'NONE', #5250, #1045, #5820, .T. ) ;
#4076 = EDGE_CURVE ( 'NONE', #4267, #3349, #1135, .T. ) ;
#4077 = ORIENTED_EDGE ( 'NONE', *, *, #6648, .F. ) ;
#4078 = LINE ( 'NONE', #5159, #3255 ) ;
#4079 = DIRECTION ( 'NONE',  ( -0.000000000000000000, 1.000000000000000000, -0.000000000000000000 ) ) ;
#4080 = EDGE_CURVE ( 'NONE', #2685, #6862, #5153, .T. ) ;
#4081 = DIRECTION ( 'NONE',  ( -1.000000000000000000, 0.000000000000000000, -2.216899010832982362E-16 ) ) ;
#4082 = LINE ( 'NONE', #81, #3760 ) ;
#4083 = ORIENTED_EDGE ( 'NONE', *, *, #5246, .T. ) ;
#4084 = ORIENTED_EDGE ( 'NONE', *, *, #1131, .T. ) ;
#4085 = CARTESIAN_POINT ( 'NONE',  ( 29.99999999999997868, -0.2000000000000000111, -65.54999999999998295 ) ) ;
#4086 = CARTESIAN_POINT ( 'NONE',  ( 48.55000000000000426, -0.5999999999999999778, -52.74999999999999289 ) ) ;
#4087 = ORIENTED_EDGE ( 'NONE', *, *, #844, .F. ) ;
#4088 = ADVANCED_FACE ( 'NONE', ( #3609 ), #3480, .F. ) ;
#4089 = VECTOR ( 'NONE', #869, 1000.000000000000000 ) ;
#4090 = VECTOR ( 'NONE', #5128, 1000.000000000000000 ) ;
#4091 = CARTESIAN_POINT ( 'NONE',  ( 25.74999999999998579, 0.1000000000000000056, -62.40000000000000568 ) ) ;
#4092 = CARTESIAN_POINT ( 'NONE',  ( 32.19999999999999574, -0.5000000000000000000, -55.59999999999998010 ) ) ;
#4093 = CARTESIAN_POINT ( 'NONE',  ( 28.00000000000000355, -0.5000000000000000000, -68.09999999999998010 ) ) ;
#4094 = DIRECTION ( 'NONE',  ( -0.000000000000000000, -0.000000000000000000, -1.000000000000000000 ) ) ;
#4095 = VECTOR ( 'NONE', #3232, 1000.000000000000000 ) ;
#4096 = AXIS2_PLACEMENT_3D ( 'NONE', #6576, #1486, #5459 ) ;
#4097 = DIRECTION ( 'NONE',  ( 0.000000000000000000, 0.000000000000000000, 1.000000000000000000 ) ) ;
#4098 = ORIENTED_EDGE ( 'NONE', *, *, #5618, .T. ) ;
#4099 = ADVANCED_FACE ( 'NONE', ( #6925 ), #1834, .F. ) ;
#4100 = VERTEX_POINT ( 'NONE', #4040 ) ;
#4101 = AXIS2_PLACEMENT_3D ( 'NONE', #3051, #2494, #4755 ) ;
#4102 = DIRECTION ( 'NONE',  ( -0.000000000000000000, 1.000000000000000000, 0.000000000000000000 ) ) ;
#4103 = CARTESIAN_POINT ( 'NONE',  ( 46.89999999999999858, -0.3999999999999999667, -54.09999999999998010 ) ) ;
#4104 = VECTOR ( 'NONE', #5829, 1000.000000000000000 ) ;
#4105 = DIRECTION ( 'NONE',  ( 0.000000000000000000, -1.000000000000000000, 0.000000000000000000 ) ) ;
#4106 = CARTESIAN_POINT ( 'NONE',  ( 32.29105799245947139, 1.244639535854047629, -0.8696805494383000878 ) ) ;
#4107 = SHAPE_DEFINITION_REPRESENTATION ( #2678, #567 ) ;
#4108 = PLANE ( 'NONE',  #4223 ) ;
#4109 = PLANE ( 'NONE',  #344 ) ;
#4110 = VECTOR ( 'NONE', #6524, 1000.000000000000000 ) ;
#4111 = VERTEX_POINT ( 'NONE', #1218 ) ;
#4112 = VECTOR ( 'NONE', #2965, 1000.000000000000000 ) ;
#4113 = ORIENTED_EDGE ( 'NONE', *, *, #7251, .T. ) ;
#4114 = CARTESIAN_POINT ( 'NONE',  ( 46.89999999999999858, -0.3999999999999999667, -54.59999999999998010 ) ) ;
#4115 = AXIS2_PLACEMENT_3D ( 'NONE', #5038, #993, #6192 ) ;
#4116 = PLANE ( 'NONE',  #3104 ) ;
#4117 = ADVANCED_FACE ( 'NONE', ( #6376 ), #664, .F. ) ;
#4118 = DIRECTION ( 'NONE',  ( 0.000000000000000000, 0.000000000000000000, 1.000000000000000000 ) ) ;
#4119 = CIRCLE ( 'NONE', #2219, 0.5000000000000004441 ) ;
#4120 = EDGE_CURVE ( 'NONE', #1018, #5, #65, .T. ) ;
#4121 = DIRECTION ( 'NONE',  ( 0.000000000000000000, 1.000000000000000000, 0.000000000000000000 ) ) ;
#4122 = VERTEX_POINT ( 'NONE', #6864 ) ;
#4123 = ORIENTED_EDGE ( 'NONE', *, *, #5802, .T. ) ;
#4124 = CIRCLE ( 'NONE', #922, 0.5000000000000004441 ) ;
#4125 = PLANE ( 'NONE',  #6910 ) ;
#4126 = DIRECTION ( 'NONE',  ( 0.000000000000000000, 0.000000000000000000, 1.000000000000000000 ) ) ;
#4127 = ORIENTED_EDGE ( 'NONE', *, *, #2985, .F. ) ;
#4128 = VECTOR ( 'NONE', #953, 1000.000000000000000 ) ;
#4129 = ORIENTED_EDGE ( 'NONE', *, *, #925, .T. ) ;
#4130 = EDGE_CURVE ( 'NONE', #3005, #3707, #105, .T. ) ;
#4131 = VECTOR ( 'NONE', #1440, 1000.000000000000000 ) ;
#4132 = DIRECTION ( 'NONE',  ( -1.000000000000000000, -0.000000000000000000, -0.000000000000000000 ) ) ;
#4133 = CARTESIAN_POINT ( 'NONE',  ( 28.29999999999998650, 0.000000000000000000, -70.90000000000001990 ) ) ;
#4134 = CARTESIAN_POINT ( 'NONE',  ( 28.74999999999998579, -0.3000000000000000444, -70.90000000000001990 ) ) ;
#4135 = CARTESIAN_POINT ( 'NONE',  ( 27.69999999999999574, -0.2000000000000000111, -58.55000000000001847 ) ) ;
#4136 = CIRCLE ( 'NONE', #2475, 0.5000000000000004441 ) ;
#4137 = LINE ( 'NONE', #6405, #1282 ) ;
#4138 = VERTEX_POINT ( 'NONE', #2363 ) ;
#4139 = ORIENTED_EDGE ( 'NONE', *, *, #6949, .T. ) ;
#4140 = AXIS2_PLACEMENT_3D ( 'NONE', #2660, #7196, #4372 ) ;
#4141 = CARTESIAN_POINT ( 'NONE',  ( 0.8696805494382842117, 1.244639535854047629, -40.19105799245947708 ) ) ;
#4142 = CARTESIAN_POINT ( 'NONE',  ( 31.19999999999999218, -0.3999999999999999667, -55.59999999999998721 ) ) ;
#4143 = CARTESIAN_POINT ( 'NONE',  ( 26.00000000000000711, -0.5000000000000000000, -48.59999999999999432 ) ) ;
#4144 = DIRECTION ( 'NONE',  ( 0.000000000000000000, -1.000000000000000000, 0.000000000000000000 ) ) ;
#4145 = ADVANCED_FACE ( 'NONE', ( #1877 ), #6897, .T. ) ;
#4146 = DIRECTION ( 'NONE',  ( 0.000000000000000000, 1.000000000000000000, 0.000000000000000000 ) ) ;
#4147 =( GEOMETRIC_REPRESENTATION_CONTEXT ( 3 ) GLOBAL_UNCERTAINTY_ASSIGNED_CONTEXT ( ( #730 ) ) GLOBAL_UNIT_ASSIGNED_CONTEXT ( ( #4487, #478, #6195 ) ) REPRESENTATION_CONTEXT ( 'NONE', 'WORKASPACE' ) );
#4148 = CARTESIAN_POINT ( 'NONE',  ( 29.19999999999997797, -0.1000000000000000056, -63.34999999999998721 ) ) ;
#4149 = ORIENTED_EDGE ( 'NONE', *, *, #2301, .T. ) ;
#4150 = ORIENTED_EDGE ( 'NONE', *, *, #4982, .T. ) ;
#4151 = PLANE ( 'NONE',  #1605 ) ;
#4152 = FACE_OUTER_BOUND ( 'NONE', #4742, .T. ) ;
#4153 = DIRECTION ( 'NONE',  ( 1.000000000000000000, 0.000000000000000000, 0.000000000000000000 ) ) ;
#4154 = LINE ( 'NONE', #2900, #6614 ) ;
#4155 = VERTEX_POINT ( 'NONE', #4143 ) ;
#4156 = ADVANCED_FACE ( 'NONE', ( #702 ), #6412, .F. ) ;
#4157 = DIRECTION ( 'NONE',  ( -0.000000000000000000, -1.000000000000000000, -0.000000000000000000 ) ) ;
#4158 = CARTESIAN_POINT ( 'NONE',  ( 29.69999999999998153, -0.1000000000000000056, -63.34999999999998721 ) ) ;
#4159 = DIRECTION ( 'NONE',  ( 0.000000000000000000, 0.000000000000000000, -1.000000000000000000 ) ) ;
#4160 = ORIENTED_EDGE ( 'NONE', *, *, #1784, .F. ) ;
#4161 = ORIENTED_EDGE ( 'NONE', *, *, #1260, .F. ) ;
#4162 = ADVANCED_FACE ( 'NONE', ( #2395 ), #4729, .T. ) ;
#4163 = EDGE_CURVE ( 'NONE', #5545, #5801, #1539, .T. ) ;
#4164 = FACE_OUTER_BOUND ( 'NONE', #2706, .T. ) ;
#4165 = DIRECTION ( 'NONE',  ( -0.000000000000000000, -1.000000000000000000, -0.000000000000000000 ) ) ;
#4166 = DIRECTION ( 'NONE',  ( 1.000000000000000000, 0.000000000000000000, 0.000000000000000000 ) ) ;
#4167 = DIRECTION ( 'NONE',  ( 0.000000000000000000, 0.000000000000000000, 1.000000000000000000 ) ) ;
#4168 = EDGE_CURVE ( 'NONE', #6766, #6447, #5920, .T. ) ;
#4169 = ORIENTED_EDGE ( 'NONE', *, *, #6342, .F. ) ;
#4170 = EDGE_LOOP ( 'NONE', ( #3322, #4510, #5837, #1974 ) ) ;
#4171 = DIRECTION ( 'NONE',  ( 0.000000000000000000, 0.000000000000000000, 1.000000000000000000 ) ) ;
#4172 = LINE ( 'NONE', #6440, #3866 ) ;
#4173 = CARTESIAN_POINT ( 'NONE',  ( 6.000000000000031086, -1.500000000000000000, -41.29999999999999716 ) ) ;
#4174 = CARTESIAN_POINT ( 'NONE',  ( 31.62893218813451668, 1.500000000000000666, -2.000000000000015543 ) ) ;
#4175 = PLANE ( 'NONE',  #907 ) ;
#4176 = DIRECTION ( 'NONE',  ( -0.000000000000000000, 1.000000000000000000, -0.000000000000000000 ) ) ;
#4177 = VECTOR ( 'NONE', #6584, 1000.000000000000000 ) ;
#4178 = ORIENTED_EDGE ( 'NONE', *, *, #1979, .F. ) ;
#4179 = EDGE_CURVE ( 'NONE', #5708, #4898, #4204, .T. ) ;
#4180 = ADVANCED_FACE ( 'NONE', ( #2533 ), #4799, .T. ) ;
#4181 = VERTEX_POINT ( 'NONE', #803 ) ;
#4182 = DIRECTION ( 'NONE',  ( -0.000000000000000000, -1.000000000000000000, -0.000000000000000000 ) ) ;
#4183 = DIRECTION ( 'NONE',  ( 1.000000000000000000, 0.000000000000000000, 0.000000000000000000 ) ) ;
#4184 = LINE ( 'NONE', #3524, #4104 ) ;
#4185 = CARTESIAN_POINT ( 'NONE',  ( 46.79999999999999716, -0.5000000000000000000, 0.000000000000000000 ) ) ;
#4186 = VERTEX_POINT ( 'NONE', #3091 ) ;
#4187 = EDGE_CURVE ( 'NONE', #5526, #1356, #4357, .T. ) ;
#4188 = EDGE_LOOP ( 'NONE', ( #2988, #2860, #1434, #3119 ) ) ;
#4189 = FACE_OUTER_BOUND ( 'NONE', #459, .T. ) ;
#4190 = LINE ( 'NONE', #3593, #6546 ) ;
#4191 = LINE ( 'NONE', #6882, #7096 ) ;
#4192 = DIRECTION ( 'NONE',  ( 1.000000000000000000, 0.000000000000000000, 0.000000000000000000 ) ) ;
#4193 = ORIENTED_EDGE ( 'NONE', *, *, #2871, .T. ) ;
#4194 = ORIENTED_EDGE ( 'NONE', *, *, #7302, .T. ) ;
#4195 = ORIENTED_EDGE ( 'NONE', *, *, #7077, .T. ) ;
#4196 = CARTESIAN_POINT ( 'NONE',  ( 19.20000000000000284, -0.2000000000000000111, -43.04999999999999716 ) ) ;
#4197 = CARTESIAN_POINT ( 'NONE',  ( 28.70000000000000284, 1.500000000000000000, -43.60000000000000142 ) ) ;
#4198 = DIRECTION ( 'NONE',  ( 0.7071067811865470176, -0.000000000000000000, -0.7071067811865479058 ) ) ;
#4199 = ADVANCED_FACE ( 'NONE', ( #4247 ), #5357, .F. ) ;
#4200 = EDGE_CURVE ( 'NONE', #3942, #882, #6632, .T. ) ;
#4201 = DIRECTION ( 'NONE',  ( -0.000000000000000000, 0.000000000000000000, 1.000000000000000000 ) ) ;
#4202 = ADVANCED_FACE ( 'NONE', ( #7070 ), #3203, .T. ) ;
#4203 = ORIENTED_EDGE ( 'NONE', *, *, #2661, .F. ) ;
#4204 = CIRCLE ( 'NONE', #1010, 0.5000000000000004441 ) ;
#4205 = VECTOR ( 'NONE', #446, 1000.000000000000000 ) ;
#4206 = VERTEX_POINT ( 'NONE', #5468 ) ;
#4207 = ADVANCED_FACE ( 'NONE', ( #6514 ), #3649, .F. ) ;
#4208 = CARTESIAN_POINT ( 'NONE',  ( 32.00000000000000000, -0.5000000000000000000, -70.59999999999998010 ) ) ;
#4209 = DIRECTION ( 'NONE',  ( 0.000000000000000000, -0.000000000000000000, 1.000000000000000000 ) ) ;
#4210 = DIRECTION ( 'NONE',  ( 0.000000000000000000, -0.000000000000000000, 1.000000000000000000 ) ) ;
#4211 = VECTOR ( 'NONE', #1782, 1000.000000000000000 ) ;
#4212 = VECTOR ( 'NONE', #2834, 1000.000000000000000 ) ;
#4213 = CARTESIAN_POINT ( 'NONE',  ( 32.49999999999980815, -0.3999999999999999667, 9.020562075079335044E-14 ) ) ;
#4214 = CARTESIAN_POINT ( 'NONE',  ( 24.99999999999999645, -0.3999999999999999667, -41.29999999999999716 ) ) ;
#4215 = LINE ( 'NONE', #6445, #2478 ) ;
#4216 = ORIENTED_EDGE ( 'NONE', *, *, #506, .T. ) ;
#4217 = VECTOR ( 'NONE', #5842, 1000.000000000000000 ) ;
#4218 = ORIENTED_EDGE ( 'NONE', *, *, #6721, .T. ) ;
#4219 = CARTESIAN_POINT ( 'NONE',  ( 28.59999999999998010, 0.1000000000000000056, -63.34999999999998721 ) ) ;
#4220 = CARTESIAN_POINT ( 'NONE',  ( 46.39999999999999858, -0.5000000000000000000, -47.59999999999998010 ) ) ;
#4221 = DIRECTION ( 'NONE',  ( 0.000000000000000000, -1.000000000000000000, 0.000000000000000000 ) ) ;
#4222 = DIRECTION ( 'NONE',  ( -2.216899010832984580E-16, -0.000000000000000000, 1.000000000000000000 ) ) ;
#4223 = AXIS2_PLACEMENT_3D ( 'NONE', #1808, #4146, #4691 ) ;
#4224 = ORIENTED_EDGE ( 'NONE', *, *, #2683, .T. ) ;
#4225 = AXIS2_PLACEMENT_3D ( 'NONE', #4884, #5299, #5365 ) ;
#4226 = VERTEX_POINT ( 'NONE', #5885 ) ;
#4227 = LINE ( 'NONE', #7158, #2632 ) ;
#4228 = VECTOR ( 'NONE', #3958, 1000.000000000000000 ) ;
#4229 = LINE ( 'NONE', #336, #3584 ) ;
#4230 = CARTESIAN_POINT ( 'NONE',  ( 24.39999999999998792, -0.2000000000000000111, -58.89999999999999147 ) ) ;
#4231 = CARTESIAN_POINT ( 'NONE',  ( 30.19000000000000838, -0.2999999999999999889, -71.09999999999999432 ) ) ;
#4232 = EDGE_CURVE ( 'NONE', #256, #2391, #4763, .T. ) ;
#4233 = ORIENTED_EDGE ( 'NONE', *, *, #7302, .F. ) ;
#4234 = VERTEX_POINT ( 'NONE', #7031 ) ;
#4235 = AXIS2_PLACEMENT_3D ( 'NONE', #1372, #3634, #5904 ) ;
#4236 = ORIENTED_EDGE ( 'NONE', *, *, #7159, .T. ) ;
#4237 = FACE_OUTER_BOUND ( 'NONE', #7086, .T. ) ;
#4238 = CARTESIAN_POINT ( 'NONE',  ( 29.04999999999998650, -0.3000000000000000444, -70.90000000000001990 ) ) ;
#4239 = CARTESIAN_POINT ( 'NONE',  ( 24.49999999999997868, -0.1000000000000000056, -51.90000000000000568 ) ) ;
#4240 = ORIENTED_EDGE ( 'NONE', *, *, #1818, .F. ) ;
#4241 = VERTEX_POINT ( 'NONE', #1422 ) ;
#4242 = EDGE_CURVE ( 'NONE', #933, #5, #3682, .T. ) ;
#4243 = EDGE_CURVE ( 'NONE', #3728, #6883, #2573, .T. ) ;
#4244 = LINE ( 'NONE', #5918, #6308 ) ;
#4245 = CARTESIAN_POINT ( 'NONE',  ( 27.69999999999999929, -0.1000000000000000056, -51.54999999999999716 ) ) ;
#4246 = VECTOR ( 'NONE', #3125, 1000.000000000000000 ) ;
#4247 = FACE_OUTER_BOUND ( 'NONE', #976, .T. ) ;
#4248 = CARTESIAN_POINT ( 'NONE',  ( 34.83031945056170997, 1.244639535854047407, -7.000000000000002665 ) ) ;
#4249 = DIRECTION ( 'NONE',  ( 1.000000000000000000, 0.000000000000000000, 1.108449505416492044E-16 ) ) ;
#4250 = CARTESIAN_POINT ( 'NONE',  ( 49.04999999999999716, -0.7999999999999999334, -48.09999999999998010 ) ) ;
#4251 = AXIS2_PLACEMENT_3D ( 'NONE', #5484, #5006, #1038 ) ;
#4252 = ORIENTED_EDGE ( 'NONE', *, *, #4271, .F. ) ;
#4253 = ORIENTED_EDGE ( 'NONE', *, *, #711, .F. ) ;
#4254 = EDGE_CURVE ( 'NONE', #4852, #3841, #3124, .T. ) ;
#4255 = ORIENTED_EDGE ( 'NONE', *, *, #6066, .T. ) ;
#4256 = CARTESIAN_POINT ( 'NONE',  ( 30.92000000000000526, -0.3999999999999999667, -71.09999999999999432 ) ) ;
#4257 = CARTESIAN_POINT ( 'NONE',  ( 6.000000000000003553, -2.299999999999999822, -37.29999999999999716 ) ) ;
#4258 = FACE_OUTER_BOUND ( 'NONE', #6754, .T. ) ;
#4259 = CARTESIAN_POINT ( 'NONE',  ( 6.000000000000000888, -2.299999999999999822, -5.999999999999999112 ) ) ;
#4260 = EDGE_CURVE ( 'NONE', #3728, #3228, #317, .T. ) ;
#4261 = VERTEX_POINT ( 'NONE', #1457 ) ;
#4262 = EDGE_LOOP ( 'NONE', ( #284, #1845, #4649, #6287 ) ) ;
#4263 = LINE ( 'NONE', #7123, #6543 ) ;
#4264 = CARTESIAN_POINT ( 'NONE',  ( 28.73000000000000753, -0.2999999999999999889, -69.09999999999999432 ) ) ;
#4265 = LINE ( 'NONE', #4230, #4131 ) ;
#4266 = LINE ( 'NONE', #3669, #5418 ) ;
#4267 = VERTEX_POINT ( 'NONE', #3717 ) ;
#4268 = ORIENTED_EDGE ( 'NONE', *, *, #1325, .T. ) ;
#4269 = AXIS2_PLACEMENT_3D ( 'NONE', #3576, #905, #6439 ) ;
#4270 = ORIENTED_EDGE ( 'NONE', *, *, #2414, .F. ) ;
#4271 = EDGE_CURVE ( 'NONE', #1356, #5630, #7177, .T. ) ;
#4272 = CARTESIAN_POINT ( 'NONE',  ( 6.000000000000003553, -0.1000000000000000056, -37.29999999999999716 ) ) ;
#4273 = PLANE ( 'NONE',  #3611 ) ;
#4274 = LINE ( 'NONE', #4307, #5770 ) ;
#4275 = VERTEX_POINT ( 'NONE', #4314 ) ;
#4276 = ORIENTED_EDGE ( 'NONE', *, *, #4455, .F. ) ;
#4277 = CYLINDRICAL_SURFACE ( 'NONE', #856, 3.999999999999996447 ) ;
#4278 = PLANE ( 'NONE',  #2442 ) ;
#4279 = DIRECTION ( 'NONE',  ( -1.000000000000000000, -0.000000000000000000, -9.050731179009497601E-15 ) ) ;
#4280 = FACE_OUTER_BOUND ( 'NONE', #1965, .T. ) ;
#4281 = CARTESIAN_POINT ( 'NONE',  ( 24.99999999999998579, -0.1000000000000000056, -70.40000000000001990 ) ) ;
#4282 = FACE_OUTER_BOUND ( 'NONE', #6472, .T. ) ;
#4283 = ORIENTED_EDGE ( 'NONE', *, *, #1474, .T. ) ;
#4284 = VERTEX_POINT ( 'NONE', #2084 ) ;
#4285 = VERTEX_POINT ( 'NONE', #3955 ) ;
#4286 = CARTESIAN_POINT ( 'NONE',  ( 28.70000000000000639, 0.5000000000000000000, -6.938893903907228378E-15 ) ) ;
#4287 = VECTOR ( 'NONE', #437, 1000.000000000000000 ) ;
#4288 = CARTESIAN_POINT ( 'NONE',  ( 17.84999999999999787, 0.5000000000000000000, -43.60000000000000142 ) ) ;
#4289 = AXIS2_PLACEMENT_3D ( 'NONE', #1003, #3785, #372 ) ;
#4290 = FACE_OUTER_BOUND ( 'NONE', #5729, .T. ) ;
#4291 = DIRECTION ( 'NONE',  ( 0.000000000000000000, -1.000000000000000000, 0.000000000000000000 ) ) ;
#4292 = EDGE_CURVE ( 'NONE', #6656, #5339, #22, .T. ) ;
#4293 = VERTEX_POINT ( 'NONE', #5623 ) ;
#4294 = EDGE_CURVE ( 'NONE', #709, #4792, #1658, .T. ) ;
#4295 = AXIS2_PLACEMENT_3D ( 'NONE', #6728, #7277, #5644 ) ;
#4296 = ORIENTED_EDGE ( 'NONE', *, *, #1236, .T. ) ;
#4297 = DIRECTION ( 'NONE',  ( 0.7071067811865470176, -0.000000000000000000, -0.7071067811865479058 ) ) ;
#4298 = EDGE_CURVE ( 'NONE', #1207, #5126, #4991, .T. ) ;
#4299 = CARTESIAN_POINT ( 'NONE',  ( 49.19999999999999574, -0.5000000000000000000, -47.59999999999998010 ) ) ;
#4300 = CARTESIAN_POINT ( 'NONE',  ( 29.19999999999997797, 0.1000000000000000056, -63.34999999999998721 ) ) ;
#4301 = CARTESIAN_POINT ( 'NONE',  ( 0.000000000000000000, -0.3999999999999999667, 0.000000000000000000 ) ) ;
#4302 = EDGE_LOOP ( 'NONE', ( #7243, #4569, #4002, #552 ) ) ;
#4303 = ORIENTED_EDGE ( 'NONE', *, *, #1718, .F. ) ;
#4304 = VERTEX_POINT ( 'NONE', #7256 ) ;
#4305 = CYLINDRICAL_SURFACE ( 'NONE', #6833, 4.000000000000000000 ) ;
#4306 = DIRECTION ( 'NONE',  ( -0.000000000000000000, -1.000000000000000000, -0.000000000000000000 ) ) ;
#4307 = CARTESIAN_POINT ( 'NONE',  ( 26.00000000000000711, -0.5000000000000000000, -48.59999999999999432 ) ) ;
#4308 = ORIENTED_EDGE ( 'NONE', *, *, #5224, .T. ) ;
#4309 = EDGE_CURVE ( 'NONE', #3519, #1914, #2423, .T. ) ;
#4310 = ORIENTED_EDGE ( 'NONE', *, *, #5056, .F. ) ;
#4311 = EDGE_LOOP ( 'NONE', ( #3825, #6994, #1364, #6573 ) ) ;
#4312 = CARTESIAN_POINT ( 'NONE',  ( 7.000000000000009770, 1.500000000000000444, -41.60000000000000142 ) ) ;
#4313 = CARTESIAN_POINT ( 'NONE',  ( 2.000000000000005329, -1.500000000000000000, -37.29999999999996874 ) ) ;
#4314 = CARTESIAN_POINT ( 'NONE',  ( 19.20000000000000284, -0.2000000000000000111, -42.30000000000000426 ) ) ;
#4315 = LINE ( 'NONE', #4992, #6625 ) ;
#4316 = DIRECTION ( 'NONE',  ( -1.000000000000000000, 0.000000000000000000, -0.000000000000000000 ) ) ;
#4317 = LINE ( 'NONE', #3167, #2565 ) ;
#4318 = AXIS2_PLACEMENT_3D ( 'NONE', #2738, #554, #5039 ) ;
#4319 = FACE_OUTER_BOUND ( 'NONE', #5231, .T. ) ;
#4320 = EDGE_CURVE ( 'NONE', #6693, #3562, #983, .T. ) ;
#4321 = VERTEX_POINT ( 'NONE', #2161 ) ;
#4322 = VERTEX_POINT ( 'NONE', #2801 ) ;
#4323 = VECTOR ( 'NONE', #2418, 1000.000000000000000 ) ;
#4324 = VECTOR ( 'NONE', #5198, 1000.000000000000000 ) ;
#4325 = EDGE_LOOP ( 'NONE', ( #6922, #76, #2550, #6530 ) ) ;
#4326 = DIRECTION ( 'NONE',  ( 0.000000000000000000, 0.000000000000000000, -1.000000000000000000 ) ) ;
#4327 = CARTESIAN_POINT ( 'NONE',  ( 2.000000000000000888, -0.1000000000000000056, -6.000000000000026645 ) ) ;
#4328 = DIRECTION ( 'NONE',  ( 0.000000000000000000, -1.000000000000000000, 0.000000000000000000 ) ) ;
#4329 = CARTESIAN_POINT ( 'NONE',  ( 2.000000000000002220, 1.500000000000000666, -4.071067811865475505 ) ) ;
#4330 = CARTESIAN_POINT ( 'NONE',  ( 49.69999999999999574, -0.5000000000000000000, -47.59999999999998010 ) ) ;
#4331 = ORIENTED_EDGE ( 'NONE', *, *, #45, .F. ) ;
#4332 = AXIS2_PLACEMENT_3D ( 'NONE', #6585, #3162, #425 ) ;
#4333 = EDGE_LOOP ( 'NONE', ( #5473, #3294, #3006, #4988 ) ) ;
#4334 = CARTESIAN_POINT ( 'NONE',  ( 35.70000000000000284, 0.5000000000000000000, -36.60000000000000853 ) ) ;
#4335 = EDGE_CURVE ( 'NONE', #6692, #1820, #5028, .T. ) ;
#4336 = EDGE_CURVE ( 'NONE', #3831, #7173, #4547, .T. ) ;
#4337 = CARTESIAN_POINT ( 'NONE',  ( 0.000000000000000000, -0.3000000000000000444, 0.000000000000000000 ) ) ;
#4338 = DIRECTION ( 'NONE',  ( 0.000000000000000000, 0.000000000000000000, -1.000000000000000000 ) ) ;
#4339 = VECTOR ( 'NONE', #6232, 1000.000000000000000 ) ;
#4340 = PLANE ( 'NONE',  #5195 ) ;
#4341 = CLOSED_SHELL ( 'NONE', ( #6369, #3964, #6058, #29, #998, #5199 ) ) ;
#4342 = EDGE_LOOP ( 'NONE', ( #1413, #2250, #2749, #5593 ) ) ;
#4343 = ORIENTED_EDGE ( 'NONE', *, *, #4652, .F. ) ;
#4344 = VECTOR ( 'NONE', #4434, 1000.000000000000000 ) ;
#4345 = DIRECTION ( 'NONE',  ( 0.000000000000000000, 0.000000000000000000, 1.000000000000000000 ) ) ;
#4346 = AXIS2_PLACEMENT_3D ( 'NONE', #5785, #2322, #1832 ) ;
#4347 = PLANE ( 'NONE',  #3505 ) ;
#4348 = DIRECTION ( 'NONE',  ( 0.000000000000000000, 0.000000000000000000, 1.000000000000000000 ) ) ;
#4349 = AXIS2_PLACEMENT_3D ( 'NONE', #10, #4417, #4381 ) ;
#4350 = VERTEX_POINT ( 'NONE', #1022 ) ;
#4351 = EDGE_CURVE ( 'NONE', #4362, #3510, #3878, .T. ) ;
#4352 = ORIENTED_EDGE ( 'NONE', *, *, #3842, .T. ) ;
#4353 = VERTEX_POINT ( 'NONE', #2763 ) ;
#4354 = AXIS2_PLACEMENT_3D ( 'NONE', #4633, #1298, #6282 ) ;
#4355 = LINE ( 'NONE', #6177, #6799 ) ;
#4356 = PLANE ( 'NONE',  #6595 ) ;
#4357 = LINE ( 'NONE', #389, #1947 ) ;
#4358 = CARTESIAN_POINT ( 'NONE',  ( 46.39999999999999858, -0.2999999999999999889, -48.59999999999999432 ) ) ;
#4359 = DIRECTION ( 'NONE',  ( 1.000000000000000000, 0.000000000000000000, -0.000000000000000000 ) ) ;
#4360 = FACE_OUTER_BOUND ( 'NONE', #6772, .T. ) ;
#4361 = DIRECTION ( 'NONE',  ( 0.000000000000000000, 0.000000000000000000, -1.000000000000000000 ) ) ;
#4362 = VERTEX_POINT ( 'NONE', #6816 ) ;
#4363 = ORIENTED_EDGE ( 'NONE', *, *, #892, .F. ) ;
#4364 = VECTOR ( 'NONE', #1050, 1000.000000000000000 ) ;
#4365 = ORIENTED_EDGE ( 'NONE', *, *, #700, .T. ) ;
#4366 = FACE_OUTER_BOUND ( 'NONE', #904, .T. ) ;
#4367 = EDGE_CURVE ( 'NONE', #5979, #1975, #3278, .T. ) ;
#4368 = CARTESIAN_POINT ( 'NONE',  ( 20.26999999999999957, -0.4000000000000000222, -41.29999999999999716 ) ) ;
#4369 = PLANE ( 'NONE',  #2596 ) ;
#4370 = CARTESIAN_POINT ( 'NONE',  ( 0.000000000000000000, 0.000000000000000000, 0.000000000000000000 ) ) ;
#4371 = VECTOR ( 'NONE', #4659, 1000.000000000000000 ) ;
#4372 = DIRECTION ( 'NONE',  ( 0.000000000000000000, 0.000000000000000000, -1.000000000000000000 ) ) ;
#4373 = VECTOR ( 'NONE', #3836, 1000.000000000000000 ) ;
#4374 = ORIENTED_EDGE ( 'NONE', *, *, #2184, .T. ) ;
#4375 = VERTEX_POINT ( 'NONE', #3315 ) ;
#4376 = VECTOR ( 'NONE', #1461, 1000.000000000000000 ) ;
#4377 = ORIENTED_EDGE ( 'NONE', *, *, #614, .F. ) ;
#4378 = CARTESIAN_POINT ( 'NONE',  ( 29.76000000000000867, -0.3999999999999999667, -69.09999999999999432 ) ) ;
#4379 = PLANE ( 'NONE',  #5605 ) ;
#4380 = LINE ( 'NONE', #1559, #4364 ) ;
#4381 = DIRECTION ( 'NONE',  ( 0.000000000000000000, 0.000000000000000000, -1.000000000000000000 ) ) ;
#4382 = VERTEX_POINT ( 'NONE', #465 ) ;
#4383 = VERTEX_POINT ( 'NONE', #6781 ) ;
#4384 = VERTEX_POINT ( 'NONE', #5586 ) ;
#4385 = EDGE_CURVE ( 'NONE', #5619, #7052, #502, .T. ) ;
#4386 = CARTESIAN_POINT ( 'NONE',  ( 20.26999999999999957, -0.5000000000000000000, -41.29999999999999716 ) ) ;
#4387 = DIRECTION ( 'NONE',  ( -1.000000000000000000, 0.000000000000000000, 0.000000000000000000 ) ) ;
#4388 = CARTESIAN_POINT ( 'NONE',  ( 31.65000000000000568, -0.2999999999999999889, -71.09999999999999432 ) ) ;
#4389 = EDGE_CURVE ( 'NONE', #1573, #1383, #2198, .T. ) ;
#4390 = ORIENTED_EDGE ( 'NONE', *, *, #422, .T. ) ;
#4391 = EDGE_CURVE ( 'NONE', #1882, #310, #6747, .T. ) ;
#4392 = EDGE_LOOP ( 'NONE', ( #4308, #3926, #3497, #7347 ) ) ;
#4393 = ORIENTED_EDGE ( 'NONE', *, *, #2434, .T. ) ;
#4394 = LINE ( 'NONE', #3201, #4806 ) ;
#4395 = ADVANCED_FACE ( 'NONE', ( #3354 ), #1576, .T. ) ;
#4396 = CARTESIAN_POINT ( 'NONE',  ( 24.99999999999998579, 0.000000000000000000, -68.90000000000001990 ) ) ;
#4397 = CARTESIAN_POINT ( 'NONE',  ( 28.59999999999998010, 0.1000000000000000056, -63.34999999999998721 ) ) ;
#4398 = DIRECTION ( 'NONE',  ( 0.000000000000000000, 0.000000000000000000, 1.000000000000000000 ) ) ;
#4399 = LINE ( 'NONE', #3921, #5412 ) ;
#4400 = CARTESIAN_POINT ( 'NONE',  ( 29.70000000000000639, 0.000000000000000000, -37.29999999999999716 ) ) ;
#4401 = ORIENTED_EDGE ( 'NONE', *, *, #4351, .F. ) ;
#4402 = EDGE_LOOP ( 'NONE', ( #6901, #6087, #4255, #1237 ) ) ;
#4403 = ORIENTED_EDGE ( 'NONE', *, *, #3974, .T. ) ;
#4404 = CARTESIAN_POINT ( 'NONE',  ( 32.70000000000000284, 1.500000000000000000, -8.000000000000039080 ) ) ;
#4405 = DIRECTION ( 'NONE',  ( 0.000000000000000000, 0.000000000000000000, -1.000000000000000000 ) ) ;
#4406 = DIRECTION ( 'NONE',  ( 4.956352788505159323E-16, 0.000000000000000000, 1.000000000000000000 ) ) ;
#4407 = CARTESIAN_POINT ( 'NONE',  ( 31.65000000000000568, -0.2999999999999999889, -69.09999999999999432 ) ) ;
#4408 = PLANE ( 'NONE',  #602 ) ;
#4409 = VERTEX_POINT ( 'NONE', #7221 ) ;
#4410 = VERTEX_POINT ( 'NONE', #4396 ) ;
#4411 = EDGE_CURVE ( 'NONE', #4111, #933, #2243, .T. ) ;
#4412 = AXIS2_PLACEMENT_3D ( 'NONE', #6488, #1399, #400 ) ;
#4413 = EDGE_LOOP ( 'NONE', ( #3284, #1819, #6649, #3264 ) ) ;
#4414 = CARTESIAN_POINT ( 'NONE',  ( 49.19999999999999574, -0.5000000000000000000, -54.59999999999998010 ) ) ;
#4415 = CARTESIAN_POINT ( 'NONE',  ( 28.74999999999998579, -0.3000000000000000444, -70.90000000000001990 ) ) ;
#4416 = PLANE ( 'NONE',  #1876 ) ;
#4417 = DIRECTION ( 'NONE',  ( 1.000000000000000000, 0.000000000000000000, 0.000000000000000000 ) ) ;
#4418 = AXIS2_PLACEMENT_3D ( 'NONE', #4415, #674, #5160 ) ;
#4419 = AXIS2_PLACEMENT_3D ( 'NONE', #719, #2977, #3007 ) ;
#4420 = EDGE_CURVE ( 'NONE', #3256, #6894, #5111, .T. ) ;
#4421 = ORIENTED_EDGE ( 'NONE', *, *, #3610, .T. ) ;
#4422 = EDGE_LOOP ( 'NONE', ( #7147, #6604, #1688, #1532 ) ) ;
#4423 = VERTEX_POINT ( 'NONE', #2126 ) ;
#4424 = CARTESIAN_POINT ( 'NONE',  ( 24.49999999999999289, -0.1000000000000000056, -65.90000000000001990 ) ) ;
#4425 = FACE_OUTER_BOUND ( 'NONE', #1348, .T. ) ;
#4426 = ORIENTED_EDGE ( 'NONE', *, *, #4981, .T. ) ;
#4427 = EDGE_LOOP ( 'NONE', ( #969, #5879, #5744, #2521 ) ) ;
#4428 = ORIENTED_EDGE ( 'NONE', *, *, #3307, .T. ) ;
#4429 = DIRECTION ( 'NONE',  ( -0.000000000000000000, 1.000000000000000000, -0.000000000000000000 ) ) ;
#4430 = EDGE_CURVE ( 'NONE', #3908, #153, #6666, .T. ) ;
#4431 = DIRECTION ( 'NONE',  ( 1.000000000000000000, -0.000000000000000000, -0.000000000000000000 ) ) ;
#4432 = EDGE_CURVE ( 'NONE', #7075, #1293, #6917, .T. ) ;
#4433 = CARTESIAN_POINT ( 'NONE',  ( 29.70000000000000639, -0.1000000000000000056, -37.29999999999999716 ) ) ;
#4434 = DIRECTION ( 'NONE',  ( 0.000000000000000000, 0.000000000000000000, 1.000000000000000000 ) ) ;
#4435 = DIRECTION ( 'NONE',  ( 0.000000000000000000, -1.000000000000000000, 0.000000000000000000 ) ) ;
#4436 = DIRECTION ( 'NONE',  ( 0.000000000000000000, 0.000000000000000000, -1.000000000000000000 ) ) ;
#4437 = ORIENTED_EDGE ( 'NONE', *, *, #99, .T. ) ;
#4438 = ADVANCED_FACE ( 'NONE', ( #5178 ), #3469, .T. ) ;
#4439 = VERTEX_POINT ( 'NONE', #4059 ) ;
#4440 = ORIENTED_EDGE ( 'NONE', *, *, #2762, .F. ) ;
#4441 = CARTESIAN_POINT ( 'NONE',  ( 29.03000000000000824, -0.2999999999999999889, -71.09999999999999432 ) ) ;
#4442 = PLANE ( 'NONE',  #1835 ) ;
#4443 = LINE ( 'NONE', #3326, #6672 ) ;
#4444 = CARTESIAN_POINT ( 'NONE',  ( 32.19999999999999574, -0.3999999999999999667, -55.59999999999998010 ) ) ;
#4445 = DIRECTION ( 'NONE',  ( 0.000000000000000000, 0.000000000000000000, 1.000000000000000000 ) ) ;
#4446 = ORIENTED_EDGE ( 'NONE', *, *, #2873, .F. ) ;
#4447 = ORIENTED_EDGE ( 'NONE', *, *, #3492, .T. ) ;
#4448 = EDGE_CURVE ( 'NONE', #382, #4241, #6402, .T. ) ;
#4449 = VECTOR ( 'NONE', #2647, 1000.000000000000000 ) ;
#4450 = VECTOR ( 'NONE', #77, 1000.000000000000000 ) ;
#4451 = ORIENTED_EDGE ( 'NONE', *, *, #3108, .T. ) ;
#4452 = DIRECTION ( 'NONE',  ( 0.000000000000000000, -0.000000000000000000, -1.000000000000000000 ) ) ;
#4453 = DIRECTION ( 'NONE',  ( -1.000000000000000000, 0.000000000000000000, 0.000000000000000000 ) ) ;
#4454 = DIRECTION ( 'NONE',  ( -1.000000000000000000, -0.000000000000000000, -0.000000000000000000 ) ) ;
#4455 = EDGE_CURVE ( 'NONE', #6787, #2537, #6943, .T. ) ;
#4456 = VECTOR ( 'NONE', #199, 1000.000000000000000 ) ;
#4457 = CIRCLE ( 'NONE', #1844, 4.999999999999997335 ) ;
#4458 = CARTESIAN_POINT ( 'NONE',  ( 24.49999999999997868, -0.2000000000000000111, -51.90000000000000568 ) ) ;
#4459 = ORIENTED_EDGE ( 'NONE', *, *, #4835, .T. ) ;
#4460 = VERTEX_POINT ( 'NONE', #5775 ) ;
#4461 = VERTEX_POINT ( 'NONE', #1826 ) ;
#4462 = VECTOR ( 'NONE', #1907, 1000.000000000000000 ) ;
#4463 = DIRECTION ( 'NONE',  ( 0.000000000000000000, 0.000000000000000000, 1.000000000000000000 ) ) ;
#4464 = EDGE_CURVE ( 'NONE', #6417, #5679, #1866, .T. ) ;
#4465 = DIRECTION ( 'NONE',  ( -0.000000000000000000, 1.000000000000000000, -0.000000000000000000 ) ) ;
#4466 = AXIS2_PLACEMENT_3D ( 'NONE', #7150, #5999, #2542 ) ;
#4467 = ORIENTED_EDGE ( 'NONE', *, *, #5081, .F. ) ;
#4468 = AXIS2_PLACEMENT_3D ( 'NONE', #6385, #4221, #3589 ) ;
#4469 = VERTEX_POINT ( 'NONE', #1210 ) ;
#4470 = VECTOR ( 'NONE', #4102, 1000.000000000000000 ) ;
#4471 = DIRECTION ( 'NONE',  ( 1.000000000000000000, 0.000000000000000000, 0.000000000000000000 ) ) ;
#4472 = DIRECTION ( 'NONE',  ( -0.000000000000000000, 1.000000000000000000, 0.000000000000000000 ) ) ;
#4473 = AXIS2_PLACEMENT_3D ( 'NONE', #1026, #3281, #1069 ) ;
#4474 = DIRECTION ( 'NONE',  ( -0.000000000000000000, 1.000000000000000000, 0.000000000000000000 ) ) ;
#4475 = LINE ( 'NONE', #586, #4836 ) ;
#4476 = CARTESIAN_POINT ( 'NONE',  ( 49.69999999999999574, -0.5000000000000000000, -47.59999999999998010 ) ) ;
#4477 = CARTESIAN_POINT ( 'NONE',  ( 25.09999999999998010, 0.1000000000000000056, -63.34999999999998721 ) ) ;
#4478 = CARTESIAN_POINT ( 'NONE',  ( 49.29999999999999716, -0.7999999999999999334, -48.39999999999997726 ) ) ;
#4479 = EDGE_LOOP ( 'NONE', ( #4437, #3158, #1428, #4929 ) ) ;
#4480 = ORIENTED_EDGE ( 'NONE', *, *, #6600, .T. ) ;
#4481 = CIRCLE ( 'NONE', #2093, 3.999999999999999112 ) ;
#4482 = EDGE_CURVE ( 'NONE', #4293, #1797, #6258, .T. ) ;
#4483 = ORIENTED_EDGE ( 'NONE', *, *, #4895, .F. ) ;
#4484 = DIRECTION ( 'NONE',  ( 0.000000000000000000, -1.000000000000000000, 0.000000000000000000 ) ) ;
#4485 = FACE_OUTER_BOUND ( 'NONE', #2939, .T. ) ;
#4486 = CARTESIAN_POINT ( 'NONE',  ( 46.79999999999999716, -0.5000000000000000000, -48.39999999999997726 ) ) ;
#4487 =( LENGTH_UNIT ( ) NAMED_UNIT ( * ) SI_UNIT ( .MILLI., .METRE. ) );
#4488 = CARTESIAN_POINT ( 'NONE',  ( 32.80050506338834282, 0.5000000000000000000, -43.60000000000000142 ) ) ;
#4489 = DIRECTION ( 'NONE',  ( -0.000000000000000000, -1.000000000000000000, -0.000000000000000000 ) ) ;
#4490 = VECTOR ( 'NONE', #5511, 1000.000000000000000 ) ;
#4491 = VERTEX_POINT ( 'NONE', #1761 ) ;
#4492 = EDGE_LOOP ( 'NONE', ( #232, #2238, #3914, #6537 ) ) ;
#4493 = EDGE_CURVE ( 'NONE', #6942, #6656, #4718, .T. ) ;
#4494 = CIRCLE ( 'NONE', #5204, 3.999999999999996447 ) ;
#4495 = EDGE_LOOP ( 'NONE', ( #5581, #6933, #405, #48 ) ) ;
#4496 = DIRECTION ( 'NONE',  ( -1.000000000000000000, 0.000000000000000000, 0.000000000000000000 ) ) ;
#4497 = DIRECTION ( 'NONE',  ( 9.698933172394305536E-17, 0.000000000000000000, -1.000000000000000000 ) ) ;
#4498 = CARTESIAN_POINT ( 'NONE',  ( 28.74999999999998579, 0.000000000000000000, -70.90000000000001990 ) ) ;
#4499 = ADVANCED_FACE ( 'NONE', ( #4580 ), #1239, .F. ) ;
#4500 = VECTOR ( 'NONE', #3642, 1000.000000000000000 ) ;
#4501 = DIRECTION ( 'NONE',  ( 0.000000000000000000, 0.000000000000000000, -1.000000000000000000 ) ) ;
#4502 = EDGE_LOOP ( 'NONE', ( #1008, #5221, #6556, #1734, #4440, #4240, #4735, #6117 ) ) ;
#4503 = VECTOR ( 'NONE', #2291, 1000.000000000000000 ) ;
#4504 = ORIENTED_EDGE ( 'NONE', *, *, #1179, .T. ) ;
#4505 = CARTESIAN_POINT ( 'NONE',  ( 28.73000000000000753, -0.3999999999999999667, -71.09999999999999432 ) ) ;
#4506 = CARTESIAN_POINT ( 'NONE',  ( 2.000000000000002665, 1.500000000000000444, -36.60000000000000142 ) ) ;
#4507 = VECTOR ( 'NONE', #393, 1000.000000000000000 ) ;
#4508 = ORIENTED_EDGE ( 'NONE', *, *, #1151, .F. ) ;
#4509 = ADVANCED_FACE ( 'NONE', ( #2950 ), #5841, .T. ) ;
#4510 = ORIENTED_EDGE ( 'NONE', *, *, #4411, .F. ) ;
#4511 = CARTESIAN_POINT ( 'NONE',  ( 6.000000000000000888, -1.500000000000000000, -5.999999999999999112 ) ) ;
#4512 = DIRECTION ( 'NONE',  ( 0.000000000000000000, 0.000000000000000000, 1.000000000000000000 ) ) ;
#4513 = CARTESIAN_POINT ( 'NONE',  ( 6.000000000000003553, -0.1000000000000000056, -37.29999999999999716 ) ) ;
#4514 = CARTESIAN_POINT ( 'NONE',  ( 9.000000000000005329, -0.5000000000000000000, 0.000000000000000000 ) ) ;
#4515 = DIRECTION ( 'NONE',  ( -1.541976423090493661E-15, -0.000000000000000000, -1.000000000000000000 ) ) ;
#4516 = CARTESIAN_POINT ( 'NONE',  ( 47.04999999999999716, -0.7999999999999999334, -48.09999999999998010 ) ) ;
#4517 = DIRECTION ( 'NONE',  ( -0.000000000000000000, 1.000000000000000000, 0.000000000000000000 ) ) ;
#4518 = ORIENTED_EDGE ( 'NONE', *, *, #4815, .T. ) ;
#4519 = VERTEX_POINT ( 'NONE', #1178 ) ;
#4520 = ORIENTED_EDGE ( 'NONE', *, *, #4751, .F. ) ;
#4521 = DIRECTION ( 'NONE',  ( 0.000000000000000000, -1.000000000000000000, 0.000000000000000000 ) ) ;
#4522 = DIRECTION ( 'NONE',  ( 1.000000000000000000, 0.000000000000000000, 0.000000000000000000 ) ) ;
#4523 = LINE ( 'NONE', #7350, #2153 ) ;
#4524 = CARTESIAN_POINT ( 'NONE',  ( 33.70000000000000284, 1.500000000000000444, -36.59999999999999432 ) ) ;
#4525 = DIRECTION ( 'NONE',  ( 1.000000000000000000, -0.000000000000000000, 0.000000000000000000 ) ) ;
#4526 = ORIENTED_EDGE ( 'NONE', *, *, #287, .F. ) ;
#4527 = EDGE_LOOP ( 'NONE', ( #6594, #3605, #1786, #2615 ) ) ;
#4528 = CARTESIAN_POINT ( 'NONE',  ( 0.000000000000000000, -0.5999999999999999778, -52.74999999999999289 ) ) ;
#4529 = DIRECTION ( 'NONE',  ( -1.387778780781444492E-15, -0.000000000000000000, 1.000000000000000000 ) ) ;
#4530 = EDGE_CURVE ( 'NONE', #4588, #302, #5144, .T. ) ;
#4531 = ADVANCED_FACE ( 'NONE', ( #757 ), #4678, .T. ) ;
#4532 = LINE ( 'NONE', #1162, #5053 ) ;
#4533 = ADVANCED_FACE ( 'NONE', ( #2384 ), #725, .F. ) ;
#4534 = PLANE ( 'NONE',  #4349 ) ;
#4535 = ORIENTED_EDGE ( 'NONE', *, *, #1490, .T. ) ;
#4536 = EDGE_LOOP ( 'NONE', ( #5241, #1168, #944, #1937 ) ) ;
#4537 = EDGE_CURVE ( 'NONE', #192, #4267, #403, .T. ) ;
#4538 = CARTESIAN_POINT ( 'NONE',  ( 29.03000000000000824, -0.2999999999999999889, -71.09999999999999432 ) ) ;
#4539 = LINE ( 'NONE', #531, #4212 ) ;
#4540 = VECTOR ( 'NONE', #1368, 1000.000000000000000 ) ;
#4541 = VECTOR ( 'NONE', #5136, 1000.000000000000000 ) ;
#4542 = EDGE_LOOP ( 'NONE', ( #5602, #2666, #2695, #5900 ) ) ;
#4543 = PERSON ( '未指定', '未指定', '未指定', ('未指定'), ('未指定'), ('未指定') ) ;
#4544 = ORIENTED_EDGE ( 'NONE', *, *, #5757, .T. ) ;
#4545 = CARTESIAN_POINT ( 'NONE',  ( 28.70000000000000284, 0.000000000000000000, -36.60000000000000142 ) ) ;
#4546 = DIRECTION ( 'NONE',  ( -0.000000000000000000, -1.000000000000000000, -0.000000000000000000 ) ) ;
#4547 = LINE ( 'NONE', #1066, #5871 ) ;
#4548 = CARTESIAN_POINT ( 'NONE',  ( 0.000000000000000000, -0.7999999999999999334, -53.29999999999997584 ) ) ;
#4549 = CARTESIAN_POINT ( 'NONE',  ( 46.89999999999999858, -0.2999999999999999889, -47.59999999999998010 ) ) ;
#4550 = FACE_OUTER_BOUND ( 'NONE', #2017, .T. ) ;
#4551 = EDGE_CURVE ( 'NONE', #1938, #5338, #4643, .T. ) ;
#4552 = CARTESIAN_POINT ( 'NONE',  ( 31.22000000000000597, -0.2999999999999999889, -71.09999999999999432 ) ) ;
#4553 = ORIENTED_EDGE ( 'NONE', *, *, #7092, .F. ) ;
#4554 = ORIENTED_EDGE ( 'NONE', *, *, #2065, .T. ) ;
#4555 = CARTESIAN_POINT ( 'NONE',  ( 29.69999999999998153, -0.1000000000000000056, -64.84999999999999432 ) ) ;
#4556 = CARTESIAN_POINT ( 'NONE',  ( 24.39999999999998792, -0.2000000000000000111, -65.90000000000001990 ) ) ;
#4557 = DIRECTION ( 'NONE',  ( -2.216899010832982115E-16, 0.000000000000000000, 1.000000000000000000 ) ) ;
#4558 = EDGE_CURVE ( 'NONE', #5657, #2221, #3539, .T. ) ;
#4559 = CARTESIAN_POINT ( 'NONE',  ( 34.83031945056172418, 1.244639535854047629, -40.19105799245946997 ) ) ;
#4560 = FACE_OUTER_BOUND ( 'NONE', #4989, .T. ) ;
#4561 = ORIENTED_EDGE ( 'NONE', *, *, #4798, .F. ) ;
#4562 = ORIENTED_EDGE ( 'NONE', *, *, #3893, .T. ) ;
#4563 = DIRECTION ( 'NONE',  ( 1.000000000000000000, -0.000000000000000000, -0.000000000000000000 ) ) ;
#4564 = FACE_OUTER_BOUND ( 'NONE', #2196, .T. ) ;
#4565 = DIRECTION ( 'NONE',  ( 0.000000000000000000, 0.000000000000000000, 1.000000000000000000 ) ) ;
#4566 = DIRECTION ( 'NONE',  ( -1.000000000000000000, 0.000000000000000000, -0.000000000000000000 ) ) ;
#4567 = VECTOR ( 'NONE', #4689, 1000.000000000000000 ) ;
#4568 = ORIENTED_EDGE ( 'NONE', *, *, #1717, .F. ) ;
#4569 = ORIENTED_EDGE ( 'NONE', *, *, #6453, .F. ) ;
#4570 = ADVANCED_FACE ( 'NONE', ( #5245 ), #2981, .F. ) ;
#4571 = ADVANCED_FACE ( 'NONE', ( #3710 ), #2600, .T. ) ;
#4572 = VECTOR ( 'NONE', #6506, 1000.000000000000000 ) ;
#4573 = DIRECTION ( 'NONE',  ( 0.000000000000000000, -0.000000000000000000, -1.000000000000000000 ) ) ;
#4574 = CARTESIAN_POINT ( 'NONE',  ( 30.92000000000000526, -0.2999999999999999889, -71.09999999999999432 ) ) ;
#4575 = VERTEX_POINT ( 'NONE', #235 ) ;
#4576 = CIRCLE ( 'NONE', #4101, 0.9999999999999940048 ) ;
#4577 = ORIENTED_EDGE ( 'NONE', *, *, #7156, .F. ) ;
#4578 = FACE_OUTER_BOUND ( 'NONE', #5892, .T. ) ;
#4579 = CYLINDRICAL_SURFACE ( 'NONE', #3034, 4.000000000000000000 ) ;
#4580 = FACE_OUTER_BOUND ( 'NONE', #3625, .T. ) ;
#4581 = DIRECTION ( 'NONE',  ( 0.000000000000000000, 1.000000000000000000, 0.000000000000000000 ) ) ;
#4582 = CARTESIAN_POINT ( 'NONE',  ( 6.000000000000003553, -1.500000000000000000, -37.29999999999999716 ) ) ;
#4583 = CARTESIAN_POINT ( 'NONE',  ( 20.20000000000000995, -0.2000000000000000111, -41.30000000000003268 ) ) ;
#4584 = EDGE_CURVE ( 'NONE', #192, #6565, #5460, .T. ) ;
#4585 = VECTOR ( 'NONE', #1816, 1000.000000000000000 ) ;
#4586 = DIRECTION ( 'NONE',  ( -1.000000000000000000, 0.000000000000000000, 1.734723475976805517E-15 ) ) ;
#4587 = VERTEX_POINT ( 'NONE', #380 ) ;
#4588 = VERTEX_POINT ( 'NONE', #3675 ) ;
#4589 = AXIS2_PLACEMENT_3D ( 'NONE', #5180, #98, #5248 ) ;
#4590 = PLANE ( 'NONE',  #5454 ) ;
#4591 = DIRECTION ( 'NONE',  ( -0.000000000000000000, -1.000000000000000000, -0.000000000000000000 ) ) ;
#4592 = PERSON_AND_ORGANIZATION_ROLE ( 'classification_officer' ) ;
#4593 = PLANE ( 'NONE',  #7322 ) ;
#4594 = DIRECTION ( 'NONE',  ( -0.000000000000000000, 1.000000000000000000, -0.000000000000000000 ) ) ;
#4595 = VECTOR ( 'NONE', #488, 1000.000000000000000 ) ;
#4596 = ORIENTED_EDGE ( 'NONE', *, *, #7159, .F. ) ;
#4597 = EDGE_CURVE ( 'NONE', #3943, #3874, #5316, .T. ) ;
#4598 = ORIENTED_EDGE ( 'NONE', *, *, #5802, .F. ) ;
#4599 = DIRECTION ( 'NONE',  ( -1.000000000000000000, 0.000000000000000000, 0.000000000000000000 ) ) ;
#4600 = LINE ( 'NONE', #6874, #632 ) ;
#4601 = DIRECTION ( 'NONE',  ( -0.000000000000000000, 0.000000000000000000, -1.000000000000000000 ) ) ;
#4602 = CARTESIAN_POINT ( 'NONE',  ( 26.49999999999998934, -0.3000000000000000444, -70.90000000000001990 ) ) ;
#4603 = ORIENTED_EDGE ( 'NONE', *, *, #3893, .F. ) ;
#4604 = ORIENTED_EDGE ( 'NONE', *, *, #2946, .T. ) ;
#4605 = VECTOR ( 'NONE', #6339, 1000.000000000000000 ) ;
#4606 = LINE ( 'NONE', #4085, #4768 ) ;
#4607 = PLANE ( 'NONE',  #6976 ) ;
#4608 = AXIS2_PLACEMENT_3D ( 'NONE', #4851, #6563, #7119 ) ;
#4609 = VERTEX_POINT ( 'NONE', #5421 ) ;
#4610 = DIRECTION ( 'NONE',  ( 0.000000000000000000, 0.000000000000000000, -1.000000000000000000 ) ) ;
#4611 = VECTOR ( 'NONE', #165, 1000.000000000000000 ) ;
#4612 = DIRECTION ( 'NONE',  ( -1.000000000000000000, 0.000000000000000000, 1.734723475976805517E-15 ) ) ;
#4613 = CARTESIAN_POINT ( 'NONE',  ( 6.000000000000029310, -0.1000000000000000056, -2.000000000000000000 ) ) ;
#4614 = FACE_BOUND ( 'NONE', #2769, .T. ) ;
#4615 = ADVANCED_FACE ( 'NONE', ( #2038 ), #4273, .T. ) ;
#4616 = DIRECTION ( 'NONE',  ( -1.000000000000000000, -0.000000000000000000, 0.000000000000000000 ) ) ;
#4617 = EDGE_CURVE ( 'NONE', #310, #6805, #1901, .T. ) ;
#4618 = CARTESIAN_POINT ( 'NONE',  ( 28.99999999999998934, -0.2000000000000000111, -67.90000000000001990 ) ) ;
#4619 = ORIENTED_EDGE ( 'NONE', *, *, #614, .T. ) ;
#4620 = ORIENTED_EDGE ( 'NONE', *, *, #4966, .F. ) ;
#4621 = ORIENTED_EDGE ( 'NONE', *, *, #6949, .F. ) ;
#4622 = EDGE_CURVE ( 'NONE', #957, #4284, #4827, .T. ) ;
#4623 = DIRECTION ( 'NONE',  ( 1.000000000000000000, 0.000000000000000000, -0.000000000000000000 ) ) ;
#4624 = CARTESIAN_POINT ( 'NONE',  ( 28.00000000000000355, -0.6000000000000000888, -68.09999999999998010 ) ) ;
#4625 = CARTESIAN_POINT ( 'NONE',  ( 30.49999999999997868, -0.2000000000000000111, -65.04999999999998295 ) ) ;
#4626 = CARTESIAN_POINT ( 'NONE',  ( 28.00000000000000711, -0.2999999999999999889, -71.09999999999999432 ) ) ;
#4627 = CARTESIAN_POINT ( 'NONE',  ( 31.65000000000000568, -0.3999999999999999667, -71.09999999999999432 ) ) ;
#4628 = ORIENTED_EDGE ( 'NONE', *, *, #6267, .F. ) ;
#4629 = EDGE_LOOP ( 'NONE', ( #2168, #4829, #5346, #5449 ) ) ;
#4630 = DIRECTION ( 'NONE',  ( 0.000000000000000000, 0.000000000000000000, 1.000000000000000000 ) ) ;
#4631 = DIRECTION ( 'NONE',  ( -0.000000000000000000, 1.000000000000000000, -0.000000000000000000 ) ) ;
#4632 = FACE_OUTER_BOUND ( 'NONE', #4427, .T. ) ;
#4633 = CARTESIAN_POINT ( 'NONE',  ( 46.89999999999999858, -0.2999999999999999889, -47.59999999999998010 ) ) ;
#4634 = ADVANCED_FACE ( 'NONE', ( #3117 ), #1485, .T. ) ;
#4635 = VERTEX_POINT ( 'NONE', #5381 ) ;
#4636 = FACE_OUTER_BOUND ( 'NONE', #1216, .T. ) ;
#4637 = CARTESIAN_POINT ( 'NONE',  ( 6.000000000000029310, -2.299999999999999822, -1.999999999999999112 ) ) ;
#4638 = ADVANCED_FACE ( 'NONE', ( #6020 ), #5912, .F. ) ;
#4639 = ORIENTED_EDGE ( 'NONE', *, *, #4076, .F. ) ;
#4640 = VECTOR ( 'NONE', #2213, 1000.000000000000000 ) ;
#4641 = AXIS2_PLACEMENT_3D ( 'NONE', #3532, #1335, #2486 ) ;
#4642 = CARTESIAN_POINT ( 'NONE',  ( 29.99999999999997868, -0.1000000000000000056, -65.54999999999998295 ) ) ;
#4643 = LINE ( 'NONE', #4613, #2067 ) ;
#4644 = FACE_OUTER_BOUND ( 'NONE', #4629, .T. ) ;
#4645 = DIRECTION ( 'NONE',  ( 0.000000000000000000, 0.000000000000000000, 1.000000000000000000 ) ) ;
#4646 = CARTESIAN_POINT ( 'NONE',  ( 29.03000000000001180, -0.2999999999999999889, -69.09999999999999432 ) ) ;
#4647 = VECTOR ( 'NONE', #4183, 1000.000000000000000 ) ;
#4648 = VERTEX_POINT ( 'NONE', #829 ) ;
#4649 = ORIENTED_EDGE ( 'NONE', *, *, #1841, .F. ) ;
#4650 = ORIENTED_EDGE ( 'NONE', *, *, #3369, .F. ) ;
#4651 = EDGE_CURVE ( 'NONE', #2424, #5457, #1487, .T. ) ;
#4652 = EDGE_CURVE ( 'NONE', #4186, #2976, #897, .T. ) ;
#4653 = FACE_OUTER_BOUND ( 'NONE', #348, .T. ) ;
#4654 = LINE ( 'NONE', #6924, #3142 ) ;
#4655 = CARTESIAN_POINT ( 'NONE',  ( 47.04999999999999716, -0.7999999999999999334, -53.29999999999997584 ) ) ;
#4656 = LINE ( 'NONE', #4213, #2832 ) ;
#4657 = CALENDAR_DATE ( 2026, 18, 5 ) ;
#4658 = DIRECTION ( 'NONE',  ( 1.000000000000000000, -0.000000000000000000, -0.000000000000000000 ) ) ;
#4659 = DIRECTION ( 'NONE',  ( 1.000000000000000000, -0.000000000000000000, -0.000000000000000000 ) ) ;
#4660 = EDGE_CURVE ( 'NONE', #4206, #1924, #939, .T. ) ;
#4661 = VERTEX_POINT ( 'NONE', #4789 ) ;
#4662 = ORIENTED_EDGE ( 'NONE', *, *, #2800, .T. ) ;
#4663 = CARTESIAN_POINT ( 'NONE',  ( 29.69999999999997442, -0.1000000000000000056, -2.000000000000000000 ) ) ;
#4664 = DIRECTION ( 'NONE',  ( 1.486905836551547896E-15, 0.000000000000000000, -1.000000000000000000 ) ) ;
#4665 = DIRECTION ( 'NONE',  ( 0.000000000000000000, 0.000000000000000000, -1.000000000000000000 ) ) ;
#4666 = CARTESIAN_POINT ( 'NONE',  ( 12.00000000000000533, -0.4000000000000000222, -44.29999999999999716 ) ) ;
#4667 = EDGE_CURVE ( 'NONE', #4588, #7075, #3193, .T. ) ;
#4668 = ORIENTED_EDGE ( 'NONE', *, *, #4391, .T. ) ;
#4669 = ORIENTED_EDGE ( 'NONE', *, *, #6222, .T. ) ;
#4670 = DIRECTION ( 'NONE',  ( -0.000000000000000000, 1.000000000000000000, 0.000000000000000000 ) ) ;
#4671 = CARTESIAN_POINT ( 'NONE',  ( 33.70000000000000995, -1.500000000000000000, -37.29999999999999716 ) ) ;
#4672 = VECTOR ( 'NONE', #4837, 1000.000000000000000 ) ;
#4673 = ORIENTED_EDGE ( 'NONE', *, *, #6914, .F. ) ;
#4674 = VECTOR ( 'NONE', #4030, 1000.000000000000000 ) ;
#4675 = AXIS2_PLACEMENT_3D ( 'NONE', #5012, #1557, #1002 ) ;
#4676 = EDGE_CURVE ( 'NONE', #3115, #6208, #1416, .T. ) ;
#4677 = DIRECTION ( 'NONE',  ( -0.000000000000000000, 1.000000000000000000, -0.000000000000000000 ) ) ;
#4678 = PLANE ( 'NONE',  #2193 ) ;
#4679 = CARTESIAN_POINT ( 'NONE',  ( 28.70000000000000284, 1.244639535854047407, -0.8696805494382910950 ) ) ;
#4680 = FACE_OUTER_BOUND ( 'NONE', #1507, .T. ) ;
#4681 = AXIS2_PLACEMENT_3D ( 'NONE', #2393, #4209, #3056 ) ;
#4682 = VECTOR ( 'NONE', #2152, 1000.000000000000000 ) ;
#4683 = DIRECTION ( 'NONE',  ( -0.000000000000000000, -1.000000000000000000, -0.000000000000000000 ) ) ;
#4684 = EDGE_LOOP ( 'NONE', ( #716, #1535, #7134, #2092 ) ) ;
#4685 = EDGE_LOOP ( 'NONE', ( #3440, #6840, #2026, #5127, #5184, #6841, #3852, #5354 ) ) ;
#4686 = AXIS2_PLACEMENT_3D ( 'NONE', #4103, #3022, #1978 ) ;
#4687 = CARTESIAN_POINT ( 'NONE',  ( 30.19000000000000838, -0.2999999999999999889, -69.09999999999999432 ) ) ;
#4688 = CARTESIAN_POINT ( 'NONE',  ( 35.69999999999999574, 0.5000000000000000000, -6.999999999999999112 ) ) ;
#4689 = DIRECTION ( 'NONE',  ( 1.000000000000000000, 0.000000000000000000, 0.000000000000000000 ) ) ;
#4690 = LINE ( 'NONE', #5921, #3772 ) ;
#4691 = DIRECTION ( 'NONE',  ( 0.000000000000000000, -0.000000000000000000, 1.000000000000000000 ) ) ;
#4692 = CARTESIAN_POINT ( 'NONE',  ( 27.54999999999998295, -0.3000000000000000444, -70.90000000000001990 ) ) ;
#4693 = EDGE_CURVE ( 'NONE', #3865, #2259, #794, .T. ) ;
#4694 = ORIENTED_EDGE ( 'NONE', *, *, #266, .F. ) ;
#4695 = AXIS2_PLACEMENT_3D ( 'NONE', #7181, #2086, #3240 ) ;
#4696 = ORIENTED_EDGE ( 'NONE', *, *, #5757, .F. ) ;
#4697 = CARTESIAN_POINT ( 'NONE',  ( 0.000000000000000000, -0.5000000000000000000, -67.59999999999998010 ) ) ;
#4698 = FACE_OUTER_BOUND ( 'NONE', #4795, .T. ) ;
#4699 = DIRECTION ( 'NONE',  ( -0.000000000000000000, -1.000000000000000000, -0.000000000000000000 ) ) ;
#4700 = AXIS2_PLACEMENT_3D ( 'NONE', #4458, #7323, #411 ) ;
#4701 = DIRECTION ( 'NONE',  ( 0.000000000000000000, 0.000000000000000000, -1.000000000000000000 ) ) ;
#4702 = ADVANCED_FACE ( 'NONE', ( #6540 ), #1449, .F. ) ;
#4703 = ORIENTED_EDGE ( 'NONE', *, *, #6068, .F. ) ;
#4704 = EDGE_CURVE ( 'NONE', #5463, #2346, #2680, .T. ) ;
#4705 = EDGE_LOOP ( 'NONE', ( #548, #6111, #7238, #6521 ) ) ;
#4706 = VECTOR ( 'NONE', #5830, 1000.000000000000000 ) ;
#4707 = EDGE_CURVE ( 'NONE', #2142, #5093, #566, .T. ) ;
#4708 = LINE ( 'NONE', #3564, #7021 ) ;
#4709 = DIRECTION ( 'NONE',  ( -0.000000000000000000, 1.000000000000000000, -0.000000000000000000 ) ) ;
#4710 = MANIFOLD_SOLID_BREP ( '凸台-拉伸11[6]', #1378 ) ;
#4711 = CARTESIAN_POINT ( 'NONE',  ( 47.04999999999999716, -0.7999999999999999334, -53.59999999999998010 ) ) ;
#4712 = VERTEX_POINT ( 'NONE', #644 ) ;
#4713 = APPROVAL_PERSON_ORGANIZATION ( #3447, #5756, #1775 ) ;
#4714 = ORIENTED_EDGE ( 'NONE', *, *, #4584, .T. ) ;
#4715 = VECTOR ( 'NONE', #1910, 1000.000000000000000 ) ;
#4716 = DIRECTION ( 'NONE',  ( 1.000000000000000000, 0.000000000000000000, -0.000000000000000000 ) ) ;
#4717 = VECTOR ( 'NONE', #5229, 1000.000000000000000 ) ;
#4718 = LINE ( 'NONE', #3571, #2316 ) ;
#4719 = CARTESIAN_POINT ( 'NONE',  ( 26.49999999999998934, -0.3000000000000000444, -70.90000000000001990 ) ) ;
#4720 = PLANE ( 'NONE',  #1857 ) ;
#4721 = VECTOR ( 'NONE', #1180, 1000.000000000000000 ) ;
#4722 = EDGE_CURVE ( 'NONE', #3759, #5082, #675, .T. ) ;
#4723 = ORIENTED_EDGE ( 'NONE', *, *, #1302, .F. ) ;
#4724 = EDGE_CURVE ( 'NONE', #7264, #5657, #4049, .T. ) ;
#4725 = ORIENTED_EDGE ( 'NONE', *, *, #767, .F. ) ;
#4726 = VECTOR ( 'NONE', #6762, 1000.000000000000000 ) ;
#4727 = DIRECTION ( 'NONE',  ( -0.000000000000000000, 1.000000000000000000, -0.000000000000000000 ) ) ;
#4728 = FACE_OUTER_BOUND ( 'NONE', #7287, .T. ) ;
#4729 = PLANE ( 'NONE',  #2308 ) ;
#4730 = FACE_OUTER_BOUND ( 'NONE', #5584, .T. ) ;
#4731 = DIRECTION ( 'NONE',  ( 1.000000000000000000, 0.000000000000000000, 0.000000000000000000 ) ) ;
#4732 = CIRCLE ( 'NONE', #3658, 0.9999999999999870104 ) ;
#4733 = DIRECTION ( 'NONE',  ( -1.000000000000000000, 0.000000000000000000, -2.216899010832984827E-16 ) ) ;
#4734 = EDGE_CURVE ( 'NONE', #3236, #7164, #1016, .T. ) ;
#4735 = ORIENTED_EDGE ( 'NONE', *, *, #4734, .F. ) ;
#4736 = MANIFOLD_SOLID_BREP ( '凸台-拉伸11[5]', #1747 ) ;
#4737 = VERTEX_POINT ( 'NONE', #4016 ) ;
#4738 = CARTESIAN_POINT ( 'NONE',  ( 25.59999999999998010, 0.1000000000000000056, -64.84999999999999432 ) ) ;
#4739 = CARTESIAN_POINT ( 'NONE',  ( 28.73000000000000753, -0.2999999999999999889, -69.09999999999999432 ) ) ;
#4740 = LINE ( 'NONE', #1400, #6367 ) ;
#4741 = LINE ( 'NONE', #3623, #3782 ) ;
#4742 = EDGE_LOOP ( 'NONE', ( #3128, #6777, #1246, #6100 ) ) ;
#4743 = B_SPLINE_SURFACE_WITH_KNOTS ( 'NONE', 2, 1, ( 
 ( #6012, #337 ),
 ( #852, #7125 ),
 ( #4821, #5937 ) ),
 .UNSPECIFIED., .F., .F., .F.,
 ( 3, 3 ),
 ( 2, 2 ),
 ( 0.000000000000000000, 1.000000000000000000 ),
 ( 0.000000000000000000, 1.000000000000000000 ),
 .UNSPECIFIED. ) ;
#4744 = EDGE_LOOP ( 'NONE', ( #3088, #1967, #3086, #4916 ) ) ;
#4745 = ADVANCED_FACE ( 'NONE', ( #5161 ), #3455, .F. ) ;
#4746 = EDGE_CURVE ( 'NONE', #5628, #322, #5988, .T. ) ;
#4747 = LINE ( 'NONE', #3495, #5139 ) ;
#4748 = DIRECTION ( 'NONE',  ( 1.000000000000000000, 0.000000000000000000, 0.000000000000000000 ) ) ;
#4749 = CARTESIAN_POINT ( 'NONE',  ( 28.00000000000000355, -0.6000000000000000888, -70.59999999999999432 ) ) ;
#4750 = VERTEX_POINT ( 'NONE', #2335 ) ;
#4751 = EDGE_CURVE ( 'NONE', #5747, #2685, #3726, .T. ) ;
#4752 = VERTEX_POINT ( 'NONE', #1567 ) ;
#4753 = DIRECTION ( 'NONE',  ( 0.000000000000000000, 0.000000000000000000, 1.000000000000000000 ) ) ;
#4754 = DIRECTION ( 'NONE',  ( -1.000000000000000000, -0.000000000000000000, -0.000000000000000000 ) ) ;
#4755 = DIRECTION ( 'NONE',  ( 0.000000000000000000, 0.000000000000000000, -1.000000000000000000 ) ) ;
#4756 = CARTESIAN_POINT ( 'NONE',  ( 29.69999999999997442, -0.1000000000000000056, -2.000000000000000000 ) ) ;
#4757 = VERTEX_POINT ( 'NONE', #5724 ) ;
#4758 = MANIFOLD_SOLID_BREP ( '凸台-拉伸10[4]', #6002 ) ;
#4759 = VECTOR ( 'NONE', #7309, 1000.000000000000000 ) ;
#4760 = ORIENTED_EDGE ( 'NONE', *, *, #7230, .F. ) ;
#4761 = DIRECTION ( 'NONE',  ( 0.000000000000000000, -0.000000000000000000, 1.000000000000000000 ) ) ;
#4762 = DIRECTION ( 'NONE',  ( -1.000000000000000000, -0.000000000000000000, -0.000000000000000000 ) ) ;
#4763 = LINE ( 'NONE', #7108, #4449 ) ;
#4764 = DIRECTION ( 'NONE',  ( 0.000000000000000000, 0.000000000000000000, 1.000000000000000000 ) ) ;
#4765 = VECTOR ( 'NONE', #78, 1000.000000000000000 ) ;
#4766 = DIRECTION ( 'NONE',  ( -1.000000000000000000, 0.000000000000000000, -0.000000000000000000 ) ) ;
#4767 = DIRECTION ( 'NONE',  ( 1.000000000000000000, 0.000000000000000000, 3.469446951953620105E-15 ) ) ;
#4768 = VECTOR ( 'NONE', #5341, 1000.000000000000000 ) ;
#4769 = ORIENTED_EDGE ( 'NONE', *, *, #2169, .F. ) ;
#4770 = MANIFOLD_SOLID_BREP ( '凸台-拉伸11[3]', #3040 ) ;
#4771 = VERTEX_POINT ( 'NONE', #9 ) ;
#4772 = FACE_OUTER_BOUND ( 'NONE', #3293, .T. ) ;
#4773 = ADVANCED_FACE ( 'NONE', ( #4944 ), #4347, .F. ) ;
#4774 = DIRECTION ( 'NONE',  ( 0.000000000000000000, 0.000000000000000000, 1.000000000000000000 ) ) ;
#4775 = CARTESIAN_POINT ( 'NONE',  ( 46.39999999999999858, -0.5000000000000000000, -48.59999999999999432 ) ) ;
#4776 = LINE ( 'NONE', #3136, #3304 ) ;
#4777 = ORIENTED_EDGE ( 'NONE', *, *, #5089, .T. ) ;
#4778 = ORIENTED_EDGE ( 'NONE', *, *, #6430, .T. ) ;
#4779 = CARTESIAN_POINT ( 'NONE',  ( 7.000000000000000000, 1.500000000000000000, -36.60000000000000142 ) ) ;
#4780 = FACE_OUTER_BOUND ( 'NONE', #1489, .T. ) ;
#4781 = PLANE ( 'NONE',  #3300 ) ;
#4782 = LINE ( 'NONE', #3704, #6740 ) ;
#4783 = ADVANCED_FACE ( 'NONE', ( #5130 ), #6658, .F. ) ;
#4784 = ORIENTED_EDGE ( 'NONE', *, *, #4844, .T. ) ;
#4785 = ORIENTED_EDGE ( 'NONE', *, *, #7092, .T. ) ;
#4786 = ORIENTED_EDGE ( 'NONE', *, *, #85, .F. ) ;
#4787 = EDGE_CURVE ( 'NONE', #6639, #6942, #3417, .T. ) ;
#4788 = DIRECTION ( 'NONE',  ( -1.734723475976805517E-15, 0.000000000000000000, -1.000000000000000000 ) ) ;
#4789 = CARTESIAN_POINT ( 'NONE',  ( 27.54999999999999005, 0.000000000000000000, -68.90000000000001990 ) ) ;
#4790 = LINE ( 'NONE', #3601, #6980 ) ;
#4791 = EDGE_CURVE ( 'NONE', #2537, #2506, #3793, .T. ) ;
#4792 = VERTEX_POINT ( 'NONE', #3976 ) ;
#4793 = VECTOR ( 'NONE', #2349, 1000.000000000000000 ) ;
#4794 = VECTOR ( 'NONE', #3521, 1000.000000000000000 ) ;
#4795 = EDGE_LOOP ( 'NONE', ( #1159, #3636, #5018, #39 ) ) ;
#4796 = FACE_OUTER_BOUND ( 'NONE', #6390, .T. ) ;
#4797 = LINE ( 'NONE', #1833, #6470 ) ;
#4798 = EDGE_CURVE ( 'NONE', #4948, #5630, #2297, .T. ) ;
#4799 = PLANE ( 'NONE',  #5761 ) ;
#4800 = VECTOR ( 'NONE', #2843, 1000.000000000000000 ) ;
#4801 = VECTOR ( 'NONE', #6738, 1000.000000000000000 ) ;
#4802 = DIRECTION ( 'NONE',  ( -2.775557561562888984E-15, 0.000000000000000000, 1.000000000000000000 ) ) ;
#4803 = CARTESIAN_POINT ( 'NONE',  ( 2.000000000000000888, -1.500000000000000000, -6.000000000000026645 ) ) ;
#4804 = DIRECTION ( 'NONE',  ( -2.216899010832984827E-16, 0.000000000000000000, 1.000000000000000000 ) ) ;
#4805 = ORIENTED_EDGE ( 'NONE', *, *, #786, .T. ) ;
#4806 = VECTOR ( 'NONE', #5950, 1000.000000000000000 ) ;
#4807 = EDGE_LOOP ( 'NONE', ( #2663, #5975, #2505, #133 ) ) ;
#4808 = DIRECTION ( 'NONE',  ( -0.000000000000000000, -1.000000000000000000, -0.000000000000000000 ) ) ;
#4809 = DIRECTION ( 'NONE',  ( 1.000000000000000000, 0.000000000000000000, 1.385561881770615394E-16 ) ) ;
#4810 = CLOSED_SHELL ( 'NONE', ( #1020, #3569, #3396, #5967, #3748, #536 ) ) ;
#4811 = CARTESIAN_POINT ( 'NONE',  ( 6.000000000000031974, -0.1000000000000000056, -41.29999999999999716 ) ) ;
#4812 = DIRECTION ( 'NONE',  ( -2.216899010832982115E-16, 0.000000000000000000, 1.000000000000000000 ) ) ;
#4813 = VECTOR ( 'NONE', #181, 1000.000000000000000 ) ;
#4814 = ORIENTED_EDGE ( 'NONE', *, *, #2301, .F. ) ;
#4815 = EDGE_CURVE ( 'NONE', #6136, #4155, #6803, .T. ) ;
#4816 = VECTOR ( 'NONE', #5517, 1000.000000000000000 ) ;
#4817 = ORIENTED_EDGE ( 'NONE', *, *, #2169, .T. ) ;
#4818 = CARTESIAN_POINT ( 'NONE',  ( 24.49999999999997868, -0.2000000000000000111, -51.90000000000000568 ) ) ;
#4819 = AXIS2_PLACEMENT_3D ( 'NONE', #6262, #505, #6704 ) ;
#4820 = LINE ( 'NONE', #294, #1443 ) ;
#4821 = CARTESIAN_POINT ( 'NONE',  ( 6.999999999999999112, 1.500000000000000444, -41.60000000000000142 ) ) ;
#4822 = DIRECTION ( 'NONE',  ( 0.000000000000000000, 0.000000000000000000, -1.000000000000000000 ) ) ;
#4823 = ORIENTED_EDGE ( 'NONE', *, *, #4704, .F. ) ;
#4824 = VERTEX_POINT ( 'NONE', #6875 ) ;
#4825 = VECTOR ( 'NONE', #3317, 1000.000000000000000 ) ;
#4826 = PLANE ( 'NONE',  #2672 ) ;
#4827 = LINE ( 'NONE', #2526, #420 ) ;
#4828 = LINE ( 'NONE', #7100, #7178 ) ;
#4829 = ORIENTED_EDGE ( 'NONE', *, *, #3095, .F. ) ;
#4830 = MANIFOLD_SOLID_BREP ( '凸台-拉伸10[3]', #4341 ) ;
#4831 = AXIS2_PLACEMENT_3D ( 'NONE', #6479, #5290, #7071 ) ;
#4832 = ORIENTED_EDGE ( 'NONE', *, *, #5543, .F. ) ;
#4833 = LINE ( 'NONE', #5286, #5715 ) ;
#4834 = DIRECTION ( 'NONE',  ( -0.000000000000000000, 1.000000000000000000, 0.000000000000000000 ) ) ;
#4835 = EDGE_CURVE ( 'NONE', #5457, #6152, #4532, .T. ) ;
#4836 = VECTOR ( 'NONE', #692, 1000.000000000000000 ) ;
#4837 = DIRECTION ( 'NONE',  ( -0.000000000000000000, -1.000000000000000000, -0.000000000000000000 ) ) ;
#4838 = ADVANCED_FACE ( 'NONE', ( #6280 ), #1199, .F. ) ;
#4839 = LINE ( 'NONE', #6413, #1766 ) ;
#4840 = CARTESIAN_POINT ( 'NONE',  ( 0.8696805494382842117, 1.244639535854047407, -6.999999999999999112 ) ) ;
#4841 = LINE ( 'NONE', #5955, #606 ) ;
#4842 = VECTOR ( 'NONE', #6004, 1000.000000000000000 ) ;
#4843 = ORIENTED_EDGE ( 'NONE', *, *, #4309, .T. ) ;
#4844 = EDGE_CURVE ( 'NONE', #4226, #1635, #4184, .T. ) ;
#4845 = EDGE_LOOP ( 'NONE', ( #5856, #2715, #1059, #4044 ) ) ;
#4846 = ORIENTED_EDGE ( 'NONE', *, *, #6520, .F. ) ;
#4847 = DIRECTION ( 'NONE',  ( 0.000000000000000000, 0.000000000000000000, 1.000000000000000000 ) ) ;
#4848 = VECTOR ( 'NONE', #2247, 1000.000000000000000 ) ;
#4849 = DIRECTION ( 'NONE',  ( 0.000000000000000000, -1.000000000000000000, 0.000000000000000000 ) ) ;
#4850 = CARTESIAN_POINT ( 'NONE',  ( 2.000000000000001776, 1.500000000000000444, -6.999999999999999112 ) ) ;
#4851 = CARTESIAN_POINT ( 'NONE',  ( 46.89999999999999858, -0.3999999999999999667, -47.59999999999998010 ) ) ;
#4852 = VERTEX_POINT ( 'NONE', #1919 ) ;
#4853 = ORIENTED_EDGE ( 'NONE', *, *, #2281, .F. ) ;
#4854 = LINE ( 'NONE', #3738, #5138 ) ;
#4855 = FACE_OUTER_BOUND ( 'NONE', #3368, .T. ) ;
#4856 = DIRECTION ( 'NONE',  ( -1.000000000000000000, 0.000000000000000000, -0.000000000000000000 ) ) ;
#4857 = MANIFOLD_SOLID_BREP ( '凸台-拉伸11[1]', #3518 ) ;
#4858 = ADVANCED_FACE ( 'NONE', ( #1888 ), #5335, .T. ) ;
#4859 = DIRECTION ( 'NONE',  ( -0.000000000000000000, 1.000000000000000000, -0.000000000000000000 ) ) ;
#4860 = ORIENTED_EDGE ( 'NONE', *, *, #4298, .T. ) ;
#4861 = ORIENTED_EDGE ( 'NONE', *, *, #2184, .F. ) ;
#4862 = ORIENTED_EDGE ( 'NONE', *, *, #1349, .T. ) ;
#4863 = B_SPLINE_CURVE_WITH_KNOTS ( 'NONE', 2,
 ( #5171, #87, #4312 ),
 .UNSPECIFIED., .F., .F.,
 ( 3, 3 ),
 ( 0.000000000000000000, 1.000000000000000000 ),
 .UNSPECIFIED. ) ;
#4864 = CARTESIAN_POINT ( 'NONE',  ( 2.000000000000000888, -0.1000000000000000056, -6.000000000000028422 ) ) ;
#4865 = EDGE_CURVE ( 'NONE', #4771, #6345, #5234, .T. ) ;
#4866 = VECTOR ( 'NONE', #277, 1000.000000000000000 ) ;
#4867 = CARTESIAN_POINT ( 'NONE',  ( 28.00000000000000711, -0.2999999999999999889, -69.09999999999999432 ) ) ;
#4868 = CARTESIAN_POINT ( 'NONE',  ( 28.99999999999998934, -0.1000000000000000056, -70.90000000000001990 ) ) ;
#4869 = ORIENTED_EDGE ( 'NONE', *, *, #7061, .F. ) ;
#4870 = ORIENTED_EDGE ( 'NONE', *, *, #5898, .F. ) ;
#4871 = ORIENTED_EDGE ( 'NONE', *, *, #6807, .T. ) ;
#4872 = CARTESIAN_POINT ( 'NONE',  ( 2.000000000000001776, 1.500000000000000444, -36.60000000000000142 ) ) ;
#4873 = CARTESIAN_POINT ( 'NONE',  ( 25.29999999999998650, -0.3000000000000000444, -70.90000000000001990 ) ) ;
#4874 = CARTESIAN_POINT ( 'NONE',  ( 28.73000000000000753, -0.3999999999999999667, -71.09999999999999432 ) ) ;
#4875 = DIRECTION ( 'NONE',  ( 0.000000000000000000, 0.000000000000000000, -1.000000000000000000 ) ) ;
#4876 = CARTESIAN_POINT ( 'NONE',  ( 20.19999999999999574, -0.1000000000000000056, -42.30000000000002558 ) ) ;
#4877 = DIRECTION ( 'NONE',  ( 0.000000000000000000, 0.000000000000000000, -1.000000000000000000 ) ) ;
#4878 = DIRECTION ( 'NONE',  ( 0.000000000000000000, 0.000000000000000000, -1.000000000000000000 ) ) ;
#4879 = ORIENTED_EDGE ( 'NONE', *, *, #7061, .T. ) ;
#4880 = EDGE_CURVE ( 'NONE', #3707, #7288, #790, .T. ) ;
#4881 = EDGE_LOOP ( 'NONE', ( #4919, #6878, #5832, #5417 ) ) ;
#4882 = ADVANCED_FACE ( 'NONE', ( #254 ), #5303, .F. ) ;
#4883 = ORIENTED_EDGE ( 'NONE', *, *, #3986, .F. ) ;
#4884 = CARTESIAN_POINT ( 'NONE',  ( 24.49999999999999289, -0.2000000000000000111, -65.90000000000001990 ) ) ;
#4885 = DIRECTION ( 'NONE',  ( 0.000000000000000000, 0.000000000000000000, 1.000000000000000000 ) ) ;
#4886 = VECTOR ( 'NONE', #3701, 1000.000000000000000 ) ;
#4887 = CARTESIAN_POINT ( 'NONE',  ( 0.000000000000000000, -0.3999999999999999667, 0.000000000000000000 ) ) ;
#4888 = CARTESIAN_POINT ( 'NONE',  ( 35.69999999999999574, 1.500000000000000000, -36.60000000000000142 ) ) ;
#4889 = CYLINDRICAL_SURFACE ( 'NONE', #3906, 4.000000000000000000 ) ;
#4890 = ORIENTED_EDGE ( 'NONE', *, *, #2089, .F. ) ;
#4891 = ORIENTED_EDGE ( 'NONE', *, *, #3420, .T. ) ;
#4892 = DIRECTION ( 'NONE',  ( 0.000000000000000000, 0.000000000000000000, -1.000000000000000000 ) ) ;
#4893 = CARTESIAN_POINT ( 'NONE',  ( 8.000000000000040856, 1.500000000000000000, -3.000000000000002665 ) ) ;
#4894 = FACE_OUTER_BOUND ( 'NONE', #7017, .T. ) ;
#4895 = EDGE_CURVE ( 'NONE', #1472, #5545, #2510, .T. ) ;
#4896 = MANIFOLD_SOLID_BREP ( '凸台-拉伸9[2]', #198 ) ;
#4897 = CARTESIAN_POINT ( 'NONE',  ( 28.59999999999998010, 0.1000000000000000056, -64.84999999999999432 ) ) ;
#4898 = VERTEX_POINT ( 'NONE', #3069 ) ;
#4899 = ORIENTED_EDGE ( 'NONE', *, *, #6171, .T. ) ;
#4900 = DIRECTION ( 'NONE',  ( 1.000000000000000000, 0.000000000000000000, 0.000000000000000000 ) ) ;
#4901 = DIRECTION ( 'NONE',  ( 0.000000000000000000, -1.000000000000000000, 0.000000000000000000 ) ) ;
#4902 = CYLINDRICAL_SURFACE ( 'NONE', #2321, 0.5000000000000004441 ) ;
#4903 = EDGE_LOOP ( 'NONE', ( #6509, #1721, #3671, #5512 ) ) ;
#4904 = EDGE_CURVE ( 'NONE', #2619, #1798, #2441, .T. ) ;
#4905 = ORIENTED_EDGE ( 'NONE', *, *, #3133, .T. ) ;
#4906 = ORIENTED_EDGE ( 'NONE', *, *, #956, .F. ) ;
#4907 = CARTESIAN_POINT ( 'NONE',  ( 28.74999999999998579, 0.000000000000000000, -70.90000000000001990 ) ) ;
#4908 = LINE ( 'NONE', #982, #6948 ) ;
#4909 = DIRECTION ( 'NONE',  ( -1.000000000000000000, -0.000000000000000000, -0.000000000000000000 ) ) ;
#4910 = CARTESIAN_POINT ( 'NONE',  ( 32.50000000000000000, -0.6000000000000000888, -70.59999999999998010 ) ) ;
#4911 = DIRECTION ( 'NONE',  ( 0.000000000000000000, 0.000000000000000000, -1.000000000000000000 ) ) ;
#4912 = CARTESIAN_POINT ( 'NONE',  ( 12.60000000000000497, -0.4000000000000000222, -41.29999999999999716 ) ) ;
#4913 = VECTOR ( 'NONE', #5738, 1000.000000000000000 ) ;
#4914 = CARTESIAN_POINT ( 'NONE',  ( 26.00000000000000000, -0.5000000000000000000, -47.59999999999999432 ) ) ;
#4915 = EDGE_LOOP ( 'NONE', ( #3935, #4979, #1987, #890 ) ) ;
#4916 = ORIENTED_EDGE ( 'NONE', *, *, #238, .T. ) ;
#4917 = AXIS2_PLACEMENT_3D ( 'NONE', #5215, #5739, #6856 ) ;
#4918 = AXIS2_PLACEMENT_3D ( 'NONE', #828, #4677, #4753 ) ;
#4919 = ORIENTED_EDGE ( 'NONE', *, *, #793, .T. ) ;
#4920 = DIRECTION ( 'NONE',  ( -0.000000000000000000, 1.000000000000000000, -0.000000000000000000 ) ) ;
#4921 = FACE_OUTER_BOUND ( 'NONE', #2170, .T. ) ;
#4922 = COORDINATED_UNIVERSAL_TIME_OFFSET ( 8, 0, .AHEAD. ) ;
#4923 = CARTESIAN_POINT ( 'NONE',  ( 28.09999999999998010, 0.1000000000000000056, -64.84999999999999432 ) ) ;
#4924 = ADVANCED_FACE ( 'NONE', ( #3560 ), #5797, .T. ) ;
#4925 = DIRECTION ( 'NONE',  ( -0.000000000000000000, 1.000000000000000000, -0.000000000000000000 ) ) ;
#4926 = ORIENTED_EDGE ( 'NONE', *, *, #1531, .T. ) ;
#4927 = VECTOR ( 'NONE', #278, 1000.000000000000000 ) ;
#4928 = ORIENTED_EDGE ( 'NONE', *, *, #1730, .T. ) ;
#4929 = ORIENTED_EDGE ( 'NONE', *, *, #2031, .T. ) ;
#4930 = CARTESIAN_POINT ( 'NONE',  ( 24.99999999999998579, -0.3000000000000000444, -70.90000000000001990 ) ) ;
#4931 = CARTESIAN_POINT ( 'NONE',  ( 0.000000000000000000, -0.5000000000000000000, -53.59999999999998010 ) ) ;
#4932 = FACE_OUTER_BOUND ( 'NONE', #1988, .T. ) ;
#4933 = EDGE_CURVE ( 'NONE', #3528, #322, #4740, .T. ) ;
#4934 = AXIS2_PLACEMENT_3D ( 'NONE', #1952, #5895, #117 ) ;
#4935 = ADVANCED_FACE ( 'NONE', ( #3622 ), #2936, .F. ) ;
#4936 = CARTESIAN_POINT ( 'NONE',  ( 24.39999999999998792, -0.2000000000000000111, -65.50000000000001421 ) ) ;
#4937 = CIRCLE ( 'NONE', #1855, 3.999999999999999112 ) ;
#4938 = EDGE_LOOP ( 'NONE', ( #5500, #1091, #1715, #527 ) ) ;
#4939 = ORIENTED_EDGE ( 'NONE', *, *, #5399, .F. ) ;
#4940 = ORIENTED_EDGE ( 'NONE', *, *, #6091, .T. ) ;
#4941 = EDGE_CURVE ( 'NONE', #6136, #5250, #2973, .T. ) ;
#4942 = AXIS2_PLACEMENT_3D ( 'NONE', #357, #985, #1068 ) ;
#4943 = LINE ( 'NONE', #4864, #1256 ) ;
#4944 = FACE_OUTER_BOUND ( 'NONE', #6510, .T. ) ;
#4945 = CARTESIAN_POINT ( 'NONE',  ( 2.466776782839027261E-13, -0.5000000000000000000, -71.10000000000009379 ) ) ;
#4946 = VECTOR ( 'NONE', #4192, 1000.000000000000000 ) ;
#4947 = ORIENTED_EDGE ( 'NONE', *, *, #6290, .T. ) ;
#4948 = VERTEX_POINT ( 'NONE', #148 ) ;
#4949 = ORIENTED_EDGE ( 'NONE', *, *, #3923, .F. ) ;
#4950 = CARTESIAN_POINT ( 'NONE',  ( 31.22000000000000952, -0.3999999999999999667, -69.09999999999999432 ) ) ;
#4951 = DIRECTION ( 'NONE',  ( -1.734723475976805517E-15, 0.000000000000000000, -1.000000000000000000 ) ) ;
#4952 = DIRECTION ( 'NONE',  ( 0.000000000000000000, -1.000000000000000000, 0.000000000000000000 ) ) ;
#4953 = LINE ( 'NONE', #3765, #3402 ) ;
#4954 = EDGE_CURVE ( 'NONE', #5400, #5375, #1297, .T. ) ;
#4955 = CARTESIAN_POINT ( 'NONE',  ( 29.49999999999999289, -0.2000000000000000111, -67.90000000000001990 ) ) ;
#4956 = EDGE_CURVE ( 'NONE', #3853, #6957, #218, .T. ) ;
#4957 = FACE_OUTER_BOUND ( 'NONE', #1930, .T. ) ;
#4958 = ORIENTED_EDGE ( 'NONE', *, *, #6520, .T. ) ;
#4959 = EDGE_LOOP ( 'NONE', ( #2602, #6986, #6076, #5958 ) ) ;
#4960 = LOCAL_TIME ( 11, 27, 8.000000000000000000, #1807 ) ;
#4961 = CIRCLE ( 'NONE', #931, 4.000000000000000000 ) ;
#4962 = ORIENTED_EDGE ( 'NONE', *, *, #1851, .T. ) ;
#4963 = CARTESIAN_POINT ( 'NONE',  ( 35.69999999999999574, 0.5000000000000000000, -36.60000000000000142 ) ) ;
#4964 = LINE ( 'NONE', #4556, #6940 ) ;
#4965 = LINE ( 'NONE', #2137, #855 ) ;
#4966 = EDGE_CURVE ( 'NONE', #5801, #1000, #1030, .T. ) ;
#4967 = CARTESIAN_POINT ( 'NONE',  ( 25.74999999999998579, 0.1000000000000000056, -59.39999999999999858 ) ) ;
#4968 = VECTOR ( 'NONE', #219, 1000.000000000000000 ) ;
#4969 = CARTESIAN_POINT ( 'NONE',  ( 47.55000000000000426, -0.5999999999999999778, 0.000000000000000000 ) ) ;
#4970 = VERTEX_POINT ( 'NONE', #2408 ) ;
#4971 = VERTEX_POINT ( 'NONE', #6973 ) ;
#4972 = ADVANCED_FACE ( 'NONE', ( #4632 ), #6906, .F. ) ;
#4973 = EDGE_LOOP ( 'NONE', ( #4871, #2627, #559, #6593 ) ) ;
#4974 = DIRECTION ( 'NONE',  ( 0.000000000000000000, 0.000000000000000000, 1.000000000000000000 ) ) ;
#4975 = DIRECTION ( 'NONE',  ( 0.000000000000000000, 0.000000000000000000, -1.000000000000000000 ) ) ;
#4976 = DIRECTION ( 'NONE',  ( -0.000000000000000000, -1.000000000000000000, -0.000000000000000000 ) ) ;
#4977 = DIRECTION ( 'NONE',  ( 1.000000000000000000, 0.000000000000000000, 0.000000000000000000 ) ) ;
#4978 = ORIENTED_EDGE ( 'NONE', *, *, #5844, .T. ) ;
#4979 = ORIENTED_EDGE ( 'NONE', *, *, #4168, .F. ) ;
#4980 = ORIENTED_EDGE ( 'NONE', *, *, #6350, .T. ) ;
#4981 = EDGE_CURVE ( 'NONE', #3831, #858, #743, .T. ) ;
#4982 = EDGE_CURVE ( 'NONE', #7325, #4267, #2584, .T. ) ;
#4983 = EDGE_CURVE ( 'NONE', #1553, #1811, #6644, .T. ) ;
#4984 = CARTESIAN_POINT ( 'NONE',  ( 24.99999999999998579, -0.3000000000000000444, -68.90000000000001990 ) ) ;
#4985 = CARTESIAN_POINT ( 'NONE',  ( 31.99999999999999289, -0.6000000000000000888, -68.09999999999998010 ) ) ;
#4986 = EDGE_CURVE ( 'NONE', #2485, #2823, #7152, .T. ) ;
#4987 = EDGE_LOOP ( 'NONE', ( #955, #6454, #6909, #6153, #461, #4939, #1375, #3362, #3386, #4252, #4508, #3140, #5576, #5306, #1194, #398, #7027, #6438, #18, #3567, #2735, #1201, #1752, #1299, #3780, #6360, #110 ) ) ;
#4988 = ORIENTED_EDGE ( 'NONE', *, *, #6974, .T. ) ;
#4989 = EDGE_LOOP ( 'NONE', ( #1552, #3457, #3252, #866 ) ) ;
#4990 = FACE_OUTER_BOUND ( 'NONE', #3616, .T. ) ;
#4991 = LINE ( 'NONE', #3389, #5633 ) ;
#4992 = CARTESIAN_POINT ( 'NONE',  ( 26.49999999999998934, 0.000000000000000000, -68.90000000000001990 ) ) ;
#4993 = PLANE ( 'NONE',  #1497 ) ;
#4994 = LINE ( 'NONE', #6784, #4228 ) ;
#4995 = ADVANCED_FACE ( 'NONE', ( #5962 ), #3216, .T. ) ;
#4996 = LINE ( 'NONE', #2166, #335 ) ;
#4997 = ORIENTED_EDGE ( 'NONE', *, *, #5167, .F. ) ;
#4998 = VERTEX_POINT ( 'NONE', #367 ) ;
#4999 = ADVANCED_FACE ( 'NONE', ( #3849 ), #3250, .F. ) ;
#5000 = ORIENTED_EDGE ( 'NONE', *, *, #4933, .T. ) ;
#5001 = DIRECTION ( 'NONE',  ( 1.000000000000000000, 0.000000000000000000, 0.000000000000000000 ) ) ;
#5002 = CARTESIAN_POINT ( 'NONE',  ( 7.000000000000008882, 0.5000000000000000000, -43.60000000000000142 ) ) ;
#5003 = LINE ( 'NONE', #2854, #2508 ) ;
#5004 = CARTESIAN_POINT ( 'NONE',  ( 0.000000000000000000, 0.000000000000000000, 0.000000000000000000 ) ) ;
#5005 = DIRECTION ( 'NONE',  ( -0.000000000000000000, 1.000000000000000000, -0.000000000000000000 ) ) ;
#5006 = DIRECTION ( 'NONE',  ( -0.000000000000000000, 1.000000000000000000, -0.000000000000000000 ) ) ;
#5007 = ORIENTED_EDGE ( 'NONE', *, *, #4551, .T. ) ;
#5008 = EDGE_LOOP ( 'NONE', ( #6285, #592, #3137, #1235 ) ) ;
#5009 = AXIS2_PLACEMENT_3D ( 'NONE', #4930, #3106, #2028 ) ;
#5010 = EDGE_CURVE ( 'NONE', #310, #413, #3694, .T. ) ;
#5011 = VERTEX_POINT ( 'NONE', #2056 ) ;
#5012 = CARTESIAN_POINT ( 'NONE',  ( 49.69999999999999574, -0.5000000000000000000, 0.000000000000000000 ) ) ;
#5013 = CARTESIAN_POINT ( 'NONE',  ( 47.04999999999999716, -0.5000000000000000000, -53.29999999999997584 ) ) ;
#5014 = CARTESIAN_POINT ( 'NONE',  ( 28.74999999999998224, 0.1000000000000000056, -62.40000000000000568 ) ) ;
#5015 = LINE ( 'NONE', #1714, #690 ) ;
#5016 = VECTOR ( 'NONE', #5200, 1000.000000000000000 ) ;
#5017 = VERTEX_POINT ( 'NONE', #4923 ) ;
#5018 = ORIENTED_EDGE ( 'NONE', *, *, #4054, .F. ) ;
#5019 = ORIENTED_EDGE ( 'NONE', *, *, #6846, .F. ) ;
#5020 = DIRECTION ( 'NONE',  ( 9.698933172394306769E-17, 0.000000000000000000, -1.000000000000000000 ) ) ;
#5021 = LINE ( 'NONE', #7286, #7062 ) ;
#5022 = ADVANCED_FACE ( 'NONE', ( #4258 ), #646, .T. ) ;
#5023 = ADVANCED_FACE ( 'NONE', ( #4290 ), #6561, .F. ) ;
#5024 = VERTEX_POINT ( 'NONE', #3176 ) ;
#5025 = ORIENTED_EDGE ( 'NONE', *, *, #1577, .F. ) ;
#5026 = ORIENTED_EDGE ( 'NONE', *, *, #1402, .F. ) ;
#5027 = CARTESIAN_POINT ( 'NONE',  ( 33.70000000000000995, -0.1000000000000000056, -37.29999999999999716 ) ) ;
#5028 = LINE ( 'NONE', #6701, #7171 ) ;
#5029 = DIRECTION ( 'NONE',  ( 0.000000000000000000, -1.000000000000000000, 0.000000000000000000 ) ) ;
#5030 = DIRECTION ( 'NONE',  ( -0.000000000000000000, 1.000000000000000000, 0.000000000000000000 ) ) ;
#5031 = ADVANCED_FACE ( 'NONE', ( #7195 ), #2099, .F. ) ;
#5032 = DIRECTION ( 'NONE',  ( -0.000000000000000000, -1.000000000000000000, -0.000000000000000000 ) ) ;
#5033 = CARTESIAN_POINT ( 'NONE',  ( 28.00000000000000355, -0.6000000000000000888, -71.09999999999999432 ) ) ;
#5034 = ORIENTED_EDGE ( 'NONE', *, *, #1009, .F. ) ;
#5035 = ORIENTED_EDGE ( 'NONE', *, *, #680, .T. ) ;
#5036 = EDGE_CURVE ( 'NONE', #6883, #4587, #1991, .T. ) ;
#5037 = VERTEX_POINT ( 'NONE', #3101 ) ;
#5038 = CARTESIAN_POINT ( 'NONE',  ( 29.69999999999998153, 0.1000000000000000056, -63.34999999999998721 ) ) ;
#5039 = DIRECTION ( 'NONE',  ( 0.000000000000000000, -0.000000000000000000, 1.000000000000000000 ) ) ;
#5040 = PLANE ( 'NONE',  #1697 ) ;
#5041 = MANIFOLD_SOLID_BREP ( '分割线1', #7193 ) ;
#5042 = CARTESIAN_POINT ( 'NONE',  ( 32.49999999999980815, -0.5000000000000000000, 9.020562075079335044E-14 ) ) ;
#5043 = FACE_OUTER_BOUND ( 'NONE', #5330, .T. ) ;
#5044 = DIRECTION ( 'NONE',  ( -1.000000000000000000, 0.000000000000000000, 0.000000000000000000 ) ) ;
#5045 = ORIENTED_EDGE ( 'NONE', *, *, #159, .F. ) ;
#5046 = EDGE_LOOP ( 'NONE', ( #7044, #3170, #1395, #6335 ) ) ;
#5047 = VECTOR ( 'NONE', #1615, 1000.000000000000000 ) ;
#5048 = VECTOR ( 'NONE', #642, 1000.000000000000000 ) ;
#5049 = ORIENTED_EDGE ( 'NONE', *, *, #3951, .T. ) ;
#5050 = FACE_OUTER_BOUND ( 'NONE', #3653, .T. ) ;
#5051 = LINE ( 'NONE', #7320, #5953 ) ;
#5052 = DIRECTION ( 'NONE',  ( -1.541976423090494056E-15, 0.000000000000000000, -1.000000000000000000 ) ) ;
#5053 = VECTOR ( 'NONE', #4565, 1000.000000000000000 ) ;
#5054 = VECTOR ( 'NONE', #2944, 1000.000000000000000 ) ;
#5055 = FACE_OUTER_BOUND ( 'NONE', #3870, .T. ) ;
#5056 = EDGE_CURVE ( 'NONE', #1798, #4383, #440, .T. ) ;
#5057 = ORIENTED_EDGE ( 'NONE', *, *, #1607, .T. ) ;
#5058 = VERTEX_POINT ( 'NONE', #4407 ) ;
#5059 = VECTOR ( 'NONE', #1530, 1000.000000000000000 ) ;
#5060 = VECTOR ( 'NONE', #5520, 1000.000000000000000 ) ;
#5061 = FACE_OUTER_BOUND ( 'NONE', #4502, .T. ) ;
#5062 = CARTESIAN_POINT ( 'NONE',  ( 6.000000000000029310, -1.500000000000000000, -1.999999999999999112 ) ) ;
#5063 = CLOSED_SHELL ( 'NONE', ( #1870, #1932, #2953, #5208, #5260, #3945 ) ) ;
#5064 = ORIENTED_EDGE ( 'NONE', *, *, #5210, .F. ) ;
#5065 = VECTOR ( 'NONE', #4094, 1000.000000000000000 ) ;
#5066 = VERTEX_POINT ( 'NONE', #5367 ) ;
#5067 = MANIFOLD_SOLID_BREP ( '凸台-拉伸10[1]', #6250 ) ;
#5068 = AXIS2_PLACEMENT_3D ( 'NONE', #1075, #7307, #2252 ) ;
#5069 = DIRECTION ( 'NONE',  ( -1.000000000000000000, 0.000000000000000000, -0.000000000000000000 ) ) ;
#5070 = DIRECTION ( 'NONE',  ( 0.000000000000000000, 0.000000000000000000, 1.000000000000000000 ) ) ;
#5071 = VECTOR ( 'NONE', #5394, 1000.000000000000000 ) ;
#5072 = CARTESIAN_POINT ( 'NONE',  ( 29.04999999999998650, -0.3000000000000000444, -70.90000000000001990 ) ) ;
#5073 = CARTESIAN_POINT ( 'NONE',  ( 6.999999999999995559, 1.500000000000000444, -2.000000000000004441 ) ) ;
#5074 = CARTESIAN_POINT ( 'NONE',  ( 32.49999999999999289, -0.5000000000000000000, -68.09999999999998010 ) ) ;
#5075 = CARTESIAN_POINT ( 'NONE',  ( 31.19999999999999574, -0.3999999999999999667, -67.59999999999998010 ) ) ;
#5076 = DIRECTION ( 'NONE',  ( 0.000000000000000000, 0.000000000000000000, -1.000000000000000000 ) ) ;
#5077 = VERTEX_POINT ( 'NONE', #289 ) ;
#5078 = ORIENTED_EDGE ( 'NONE', *, *, #1533, .F. ) ;
#5079 = VECTOR ( 'NONE', #1181, 1000.000000000000000 ) ;
#5080 = EDGE_CURVE ( 'NONE', #5134, #4461, #2544, .T. ) ;
#5081 = EDGE_CURVE ( 'NONE', #7075, #3256, #2775, .T. ) ;
#5082 = VERTEX_POINT ( 'NONE', #3409 ) ;
#5083 = FACE_OUTER_BOUND ( 'NONE', #5091, .T. ) ;
#5084 = DIRECTION ( 'NONE',  ( 1.000000000000000000, 0.000000000000000000, -1.734723475976805517E-15 ) ) ;
#5085 = LINE ( 'NONE', #3811, #3465 ) ;
#5086 = MANIFOLD_SOLID_BREP ( '凸台-拉伸7', #7065 ) ;
#5087 = CARTESIAN_POINT ( 'NONE',  ( 7.000000000000000000, 1.500000000000000000, 0.000000000000000000 ) ) ;
#5088 = DIRECTION ( 'NONE',  ( -1.000000000000000000, 0.000000000000000000, 0.000000000000000000 ) ) ;
#5089 = EDGE_CURVE ( 'NONE', #6753, #7148, #601, .T. ) ;
#5090 = AXIS2_PLACEMENT_3D ( 'NONE', #4914, #6332, #5743 ) ;
#5091 = EDGE_LOOP ( 'NONE', ( #5275, #2042, #2229, #6968 ) ) ;
#5092 = VECTOR ( 'NONE', #703, 1000.000000000000000 ) ;
#5093 = VERTEX_POINT ( 'NONE', #6160 ) ;
#5094 = LINE ( 'NONE', #6, #5164 ) ;
#5095 = CYLINDRICAL_SURFACE ( 'NONE', #2513, 3.999999999999996447 ) ;
#5096 = CARTESIAN_POINT ( 'NONE',  ( 29.99999999999997868, -0.2000000000000000111, -65.04999999999998295 ) ) ;
#5097 = FACE_OUTER_BOUND ( 'NONE', #7085, .T. ) ;
#5098 = ORIENTED_EDGE ( 'NONE', *, *, #3442, .F. ) ;
#5099 = VECTOR ( 'NONE', #4812, 1000.000000000000000 ) ;
#5100 = ORIENTED_EDGE ( 'NONE', *, *, #5973, .F. ) ;
#5101 = EDGE_CURVE ( 'NONE', #5426, #4293, #2326, .T. ) ;
#5102 = DIRECTION ( 'NONE',  ( 1.000000000000000000, 0.000000000000000000, 0.000000000000000000 ) ) ;
#5103 = CARTESIAN_POINT ( 'NONE',  ( 25.29999999999998650, 0.000000000000000000, -70.90000000000001990 ) ) ;
#5104 = CIRCLE ( 'NONE', #2230, 4.000000000000000000 ) ;
#5105 = VECTOR ( 'NONE', #1939, 1000.000000000000000 ) ;
#5106 = VERTEX_POINT ( 'NONE', #5599 ) ;
#5107 = ORIENTED_EDGE ( 'NONE', *, *, #4956, .F. ) ;
#5108 = CARTESIAN_POINT ( 'NONE',  ( 49.04999999999999716, -0.7999999999999999334, -53.59999999999998010 ) ) ;
#5109 = EDGE_CURVE ( 'NONE', #4321, #1044, #3891, .T. ) ;
#5110 = LINE ( 'NONE', #6256, #5653 ) ;
#5111 = LINE ( 'NONE', #585, #4800 ) ;
#5112 = LINE ( 'NONE', #5740, #4721 ) ;
#5113 = CARTESIAN_POINT ( 'NONE',  ( 24.99999999999998579, -0.3000000000000000444, -70.90000000000001990 ) ) ;
#5114 = CARTESIAN_POINT ( 'NONE',  ( 29.03000000000000824, -0.2999999999999999889, -71.09999999999999432 ) ) ;
#5115 = CARTESIAN_POINT ( 'NONE',  ( 49.19999999999999574, -0.5000000000000000000, -54.09999999999998010 ) ) ;
#5116 = ORIENTED_EDGE ( 'NONE', *, *, #3592, .F. ) ;
#5117 = VERTEX_POINT ( 'NONE', #7352 ) ;
#5118 = FACE_OUTER_BOUND ( 'NONE', #1418, .T. ) ;
#5119 = LINE ( 'NONE', #7349, #3376 ) ;
#5120 = DIRECTION ( 'NONE',  ( 0.000000000000000000, -0.000000000000000000, -1.000000000000000000 ) ) ;
#5121 = PERSON_AND_ORGANIZATION ( #4543, #3788 ) ;
#5122 = CARTESIAN_POINT ( 'NONE',  ( 24.49999999999997868, -0.2000000000000000111, -51.90000000000000568 ) ) ;
#5123 = CARTESIAN_POINT ( 'NONE',  ( 49.69999999999999574, -0.3999999999999999667, -47.59999999999998010 ) ) ;
#5124 = EDGE_CURVE ( 'NONE', #3856, #6333, #5997, .T. ) ;
#5125 = ADVANCED_FACE ( 'NONE', ( #5043 ), #4593, .T. ) ;
#5126 = VERTEX_POINT ( 'NONE', #3931 ) ;
#5127 = ORIENTED_EDGE ( 'NONE', *, *, #2295, .T. ) ;
#5128 = DIRECTION ( 'NONE',  ( 1.000000000000000000, 0.000000000000000000, 0.000000000000000000 ) ) ;
#5129 = LINE ( 'NONE', #6129, #3822 ) ;
#5130 = FACE_OUTER_BOUND ( 'NONE', #5183, .T. ) ;
#5131 = CARTESIAN_POINT ( 'NONE',  ( 26.00000000000000000, -0.3999999999999999667, -47.59999999999999432 ) ) ;
#5132 = AXIS2_PLACEMENT_3D ( 'NONE', #4779, #2628, #6049 ) ;
#5133 = EDGE_LOOP ( 'NONE', ( #3872, #5140, #4694, #3081 ) ) ;
#5134 = VERTEX_POINT ( 'NONE', #2890 ) ;
#5135 = EDGE_CURVE ( 'NONE', #5106, #4375, #6866, .T. ) ;
#5136 = DIRECTION ( 'NONE',  ( -0.000000000000000000, -0.000000000000000000, -1.000000000000000000 ) ) ;
#5137 = DIRECTION ( 'NONE',  ( -1.734723475976805517E-15, -0.000000000000000000, -1.000000000000000000 ) ) ;
#5138 = VECTOR ( 'NONE', #6800, 1000.000000000000000 ) ;
#5139 = VECTOR ( 'NONE', #1858, 1000.000000000000000 ) ;
#5140 = ORIENTED_EDGE ( 'NONE', *, *, #680, .F. ) ;
#5141 = EDGE_LOOP ( 'NONE', ( #1006, #12, #970, #4940 ) ) ;
#5142 = CARTESIAN_POINT ( 'NONE',  ( 31.22000000000000597, -0.3999999999999999667, -71.09999999999999432 ) ) ;
#5143 = DIRECTION ( 'NONE',  ( 0.000000000000000000, 1.000000000000000000, 0.000000000000000000 ) ) ;
#5144 = LINE ( 'NONE', #2912, #6832 ) ;
#5145 = DIRECTION ( 'NONE',  ( 0.000000000000000000, 0.000000000000000000, 1.000000000000000000 ) ) ;
#5146 = LINE ( 'NONE', #3009, #3411 ) ;
#5147 = DIRECTION ( 'NONE',  ( 1.000000000000000000, 0.000000000000000000, 0.000000000000000000 ) ) ;
#5148 = CARTESIAN_POINT ( 'NONE',  ( 48.55000000000000426, -0.5999999999999999778, 0.000000000000000000 ) ) ;
#5149 = ADVANCED_FACE ( 'NONE', ( #1037 ), #7020, .T. ) ;
#5150 = EDGE_LOOP ( 'NONE', ( #6624, #7122, #7283, #6674 ) ) ;
#5151 = ORIENTED_EDGE ( 'NONE', *, *, #7249, .T. ) ;
#5152 = CYLINDRICAL_SURFACE ( 'NONE', #4346, 0.5000000000000004441 ) ;
#5153 = LINE ( 'NONE', #1352, #296 ) ;
#5154 = PLANE ( 'NONE',  #5353 ) ;
#5155 = CARTESIAN_POINT ( 'NONE',  ( 34.83031945056171708, 1.244639535854047407, -36.59999999999999432 ) ) ;
#5156 = CARTESIAN_POINT ( 'NONE',  ( 28.00000000000000711, -0.2999999999999999889, -71.09999999999999432 ) ) ;
#5157 = ORIENTED_EDGE ( 'NONE', *, *, #4420, .T. ) ;
#5158 = ORIENTED_EDGE ( 'NONE', *, *, #3419, .T. ) ;
#5159 = CARTESIAN_POINT ( 'NONE',  ( 3.000000000000003553, 1.500000000000000000, -6.999999999999999112 ) ) ;
#5160 = DIRECTION ( 'NONE',  ( 0.000000000000000000, 0.000000000000000000, 1.000000000000000000 ) ) ;
#5161 = FACE_OUTER_BOUND ( 'NONE', #3360, .T. ) ;
#5162 = LINE ( 'NONE', #118, #5673 ) ;
#5163 = AXIS2_PLACEMENT_3D ( 'NONE', #208, #6338, #1248 ) ;
#5164 = VECTOR ( 'NONE', #3857, 1000.000000000000000 ) ;
#5165 = ORIENTED_EDGE ( 'NONE', *, *, #1267, .T. ) ;
#5166 = ORIENTED_EDGE ( 'NONE', *, *, #4707, .F. ) ;
#5167 = EDGE_CURVE ( 'NONE', #3574, #2652, #3871, .T. ) ;
#5168 = ADVANCED_FACE ( 'NONE', ( #71 ), #5714, .T. ) ;
#5169 = AXIS2_PLACEMENT_3D ( 'NONE', #5687, #4901, #1749 ) ;
#5170 = VECTOR ( 'NONE', #1056, 1000.000000000000000 ) ;
#5171 = CARTESIAN_POINT ( 'NONE',  ( 7.000000000000008882, 0.5000000000000000000, -43.60000000000000142 ) ) ;
#5172 = CARTESIAN_POINT ( 'NONE',  ( 6.000000000000032863, -0.1000000000000000056, -41.29999999999999716 ) ) ;
#5173 = VERTEX_POINT ( 'NONE', #1707 ) ;
#5174 = EDGE_CURVE ( 'NONE', #1323, #7325, #6336, .T. ) ;
#5175 = CIRCLE ( 'NONE', #80, 1.000000000000000888 ) ;
#5176 = DIRECTION ( 'NONE',  ( 0.000000000000000000, 0.000000000000000000, 1.000000000000000000 ) ) ;
#5177 = CARTESIAN_POINT ( 'NONE',  ( 7.000000000000000000, 1.500000000000000000, 0.000000000000000000 ) ) ;
#5178 = FACE_OUTER_BOUND ( 'NONE', #6756, .T. ) ;
#5179 = CARTESIAN_POINT ( 'NONE',  ( 7.000000000000000000, 1.500000000000000000, -7.000000000000000000 ) ) ;
#5180 = CARTESIAN_POINT ( 'NONE',  ( 0.000000000000000000, -0.3999999999999999667, 0.000000000000000000 ) ) ;
#5181 = VECTOR ( 'NONE', #1431, 1000.000000000000000 ) ;
#5182 = CARTESIAN_POINT ( 'NONE',  ( 29.69999999999997442, -0.1000000000000000056, -2.000000000000000000 ) ) ;
#5183 = EDGE_LOOP ( 'NONE', ( #1799, #3112, #4544, #7313 ) ) ;
#5184 = ORIENTED_EDGE ( 'NONE', *, *, #7274, .T. ) ;
#5185 = CLOSED_SHELL ( 'NONE', ( #49, #4972, #6931, #2617, #6441, #1343, #577, #2983, #899, #1133 ) ) ;
#5186 = EDGE_LOOP ( 'NONE', ( #6977, #3960, #4598, #3439 ) ) ;
#5187 = VECTOR ( 'NONE', #6516, 1000.000000000000000 ) ;
#5188 = FACE_OUTER_BOUND ( 'NONE', #453, .T. ) ;
#5189 = EDGE_CURVE ( 'NONE', #4350, #2195, #2855, .T. ) ;
#5190 = CARTESIAN_POINT ( 'NONE',  ( 27.69999999999999929, -0.2000000000000000111, -51.54999999999999716 ) ) ;
#5191 = DIRECTION ( 'NONE',  ( 1.000000000000000000, 0.000000000000000000, -1.541976423090494056E-15 ) ) ;
#5192 = DATE_TIME_ROLE ( 'classification_date' ) ;
#5193 = DIRECTION ( 'NONE',  ( -0.000000000000000000, 1.000000000000000000, -0.000000000000000000 ) ) ;
#5194 = CARTESIAN_POINT ( 'NONE',  ( 33.70000000000000284, -2.299999999999999822, -6.000000000000028422 ) ) ;
#5195 = AXIS2_PLACEMENT_3D ( 'NONE', #4301, #1479, #6013 ) ;
#5196 = ORIENTED_EDGE ( 'NONE', *, *, #6854, .F. ) ;
#5197 = EDGE_LOOP ( 'NONE', ( #3591, #2866, #5629, #3179 ) ) ;
#5198 = DIRECTION ( 'NONE',  ( -0.000000000000000000, 1.000000000000000000, -0.000000000000000000 ) ) ;
#5199 = ADVANCED_FACE ( 'NONE', ( #1740 ), #4008, .F. ) ;
#5200 = DIRECTION ( 'NONE',  ( -0.000000000000000000, -0.000000000000000000, 1.000000000000000000 ) ) ;
#5201 = DIRECTION ( 'NONE',  ( -0.000000000000000000, 1.000000000000000000, -0.000000000000000000 ) ) ;
#5202 = CARTESIAN_POINT ( 'NONE',  ( 46.89999999999999858, -0.2999999999999999889, -54.09999999999998010 ) ) ;
#5203 = ORIENTED_EDGE ( 'NONE', *, *, #6807, .F. ) ;
#5204 = AXIS2_PLACEMENT_3D ( 'NONE', #2380, #2905, #5865 ) ;
#5205 = LINE ( 'NONE', #2450, #3347 ) ;
#5206 = CARTESIAN_POINT ( 'NONE',  ( 25.74999999999998579, 0.1000000000000000056, -59.39999999999999858 ) ) ;
#5207 = VECTOR ( 'NONE', #1080, 1000.000000000000000 ) ;
#5208 = ADVANCED_FACE ( 'NONE', ( #5822 ), #2471, .F. ) ;
#5209 = EDGE_LOOP ( 'NONE', ( #2340, #3339, #5293, #4947 ) ) ;
#5210 = EDGE_CURVE ( 'NONE', #7343, #7163, #805, .T. ) ;
#5211 = FACE_OUTER_BOUND ( 'NONE', #6155, .T. ) ;
#5212 = VECTOR ( 'NONE', #6082, 1000.000000000000000 ) ;
#5213 = CARTESIAN_POINT ( 'NONE',  ( 49.19999999999999574, -0.2999999999999999889, -47.59999999999998010 ) ) ;
#5214 = EDGE_CURVE ( 'NONE', #322, #1811, #3516, .T. ) ;
#5215 = CARTESIAN_POINT ( 'NONE',  ( 31.99999999999999289, -0.5000000000000000000, -68.09999999999998010 ) ) ;
#5216 = LINE ( 'NONE', #6991, #2587 ) ;
#5217 = LINE ( 'NONE', #6891, #6373 ) ;
#5218 = CARTESIAN_POINT ( 'NONE',  ( 7.000000000000009770, 1.500000000000000444, -41.60000000000000142 ) ) ;
#5219 = EDGE_LOOP ( 'NONE', ( #1118, #3370, #3806, #123 ) ) ;
#5220 = ORIENTED_EDGE ( 'NONE', *, *, #3107, .T. ) ;
#5221 = ORIENTED_EDGE ( 'NONE', *, *, #1273, .F. ) ;
#5222 = CARTESIAN_POINT ( 'NONE',  ( 29.99999999999997868, -0.1000000000000000056, -65.54999999999998295 ) ) ;
#5223 = PLANE ( 'NONE',  #427 ) ;
#5224 = EDGE_CURVE ( 'NONE', #2195, #2743, #3624, .T. ) ;
#5225 = LINE ( 'NONE', #1774, #2188 ) ;
#5226 = LINE ( 'NONE', #140, #816 ) ;
#5227 = PERSON_AND_ORGANIZATION_ROLE ( 'design_supplier' ) ;
#5228 = CARTESIAN_POINT ( 'NONE',  ( 28.00000000000000355, -0.3999999999999999667, -70.59999999999999432 ) ) ;
#5229 = DIRECTION ( 'NONE',  ( 1.000000000000000000, -0.000000000000000000, -0.000000000000000000 ) ) ;
#5230 = ORIENTED_EDGE ( 'NONE', *, *, #4622, .F. ) ;
#5231 = EDGE_LOOP ( 'NONE', ( #6291, #1063, #6662, #2512 ) ) ;
#5232 = DIRECTION ( 'NONE',  ( 0.000000000000000000, 0.000000000000000000, -1.000000000000000000 ) ) ;
#5233 = LINE ( 'NONE', #2334, #1106 ) ;
#5234 = LINE ( 'NONE', #778, #5884 ) ;
#5235 = FACE_OUTER_BOUND ( 'NONE', #3544, .T. ) ;
#5236 = ORIENTED_EDGE ( 'NONE', *, *, #772, .F. ) ;
#5237 = EDGE_CURVE ( 'NONE', #2578, #2299, #2399, .T. ) ;
#5238 = EDGE_LOOP ( 'NONE', ( #3065, #7063, #6252, #3568 ) ) ;
#5239 = CARTESIAN_POINT ( 'NONE',  ( 26.79999999999999005, -0.3000000000000000444, -68.90000000000001990 ) ) ;
#5240 = DIRECTION ( 'NONE',  ( 0.000000000000000000, 0.000000000000000000, 1.000000000000000000 ) ) ;
#5241 = ORIENTED_EDGE ( 'NONE', *, *, #6304, .T. ) ;
#5242 = AXIS2_PLACEMENT_3D ( 'NONE', #5480, #7151, #2509 ) ;
#5243 = VECTOR ( 'NONE', #2342, 1000.000000000000000 ) ;
#5244 = DIRECTION ( 'NONE',  ( -1.239088197126290817E-16, 0.000000000000000000, 1.000000000000000000 ) ) ;
#5245 = FACE_OUTER_BOUND ( 'NONE', #5008, .T. ) ;
#5246 = EDGE_CURVE ( 'NONE', #3950, #1323, #1879, .T. ) ;
#5247 = CARTESIAN_POINT ( 'NONE',  ( 49.19999999999999574, -0.3999999999999999667, -47.59999999999998010 ) ) ;
#5248 = DIRECTION ( 'NONE',  ( 0.000000000000000000, -0.000000000000000000, -1.000000000000000000 ) ) ;
#5249 = LINE ( 'NONE', #1314, #120 ) ;
#5250 = VERTEX_POINT ( 'NONE', #5790 ) ;
#5251 = ORIENTED_EDGE ( 'NONE', *, *, #4983, .F. ) ;
#5252 = CARTESIAN_POINT ( 'NONE',  ( 46.89999999999999858, -0.5000000000000000000, -47.59999999999998010 ) ) ;
#5253 = PLANE ( 'NONE',  #2677 ) ;
#5254 = EDGE_CURVE ( 'NONE', #6942, #490, #667, .T. ) ;
#5255 = DIRECTION ( 'NONE',  ( -0.000000000000000000, 1.000000000000000000, 0.000000000000000000 ) ) ;
#5256 = CARTESIAN_POINT ( 'NONE',  ( 28.70000000000000639, 1.244639535854047407, -0.8696805494382980894 ) ) ;
#5257 = DIRECTION ( 'NONE',  ( 1.000000000000000000, 0.000000000000000000, 4.205390244792263776E-16 ) ) ;
#5258 = CARTESIAN_POINT ( 'NONE',  ( 28.99999999999998934, -0.2000000000000000111, -70.90000000000001990 ) ) ;
#5259 = ORIENTED_EDGE ( 'NONE', *, *, #2020, .T. ) ;
#5260 = ADVANCED_FACE ( 'NONE', ( #246 ), #4108, .T. ) ;
#5261 = ORIENTED_EDGE ( 'NONE', *, *, #1093, .F. ) ;
#5262 = DIRECTION ( 'NONE',  ( 0.000000000000000000, 0.000000000000000000, 1.000000000000000000 ) ) ;
#5263 = CYLINDRICAL_SURFACE ( 'NONE', #1570, 0.5000000000000004441 ) ;
#5264 = DIRECTION ( 'NONE',  ( 0.000000000000000000, -1.000000000000000000, 0.000000000000000000 ) ) ;
#5265 = CARTESIAN_POINT ( 'NONE',  ( 27.99999999999998579, -0.3000000000000000444, -70.90000000000001990 ) ) ;
#5266 = ORIENTED_EDGE ( 'NONE', *, *, #649, .T. ) ;
#5267 = ORIENTED_EDGE ( 'NONE', *, *, #6210, .F. ) ;
#5268 = CARTESIAN_POINT ( 'NONE',  ( 8.000000000000003553, 1.500000000000000000, -8.000000000000003553 ) ) ;
#5269 = DIRECTION ( 'NONE',  ( -0.000000000000000000, 0.000000000000000000, 1.000000000000000000 ) ) ;
#5270 = EDGE_CURVE ( 'NONE', #6894, #4491, #6965, .T. ) ;
#5271 = ADVANCED_FACE ( 'NONE', ( #2503 ), #769, .F. ) ;
#5272 = AXIS2_PLACEMENT_3D ( 'NONE', #1189, #1629, #3288 ) ;
#5273 = CARTESIAN_POINT ( 'NONE',  ( 10.00000000000000355, -0.3999999999999999667, -55.09999999999999432 ) ) ;
#5274 = ORIENTED_EDGE ( 'NONE', *, *, #1851, .F. ) ;
#5275 = ORIENTED_EDGE ( 'NONE', *, *, #981, .T. ) ;
#5276 = AXIS2_PLACEMENT_3D ( 'NONE', #7023, #6577, #6467 ) ;
#5277 = AXIS2_PLACEMENT_3D ( 'NONE', #4196, #2525, #3639 ) ;
#5278 = DIRECTION ( 'NONE',  ( 0.000000000000000000, 0.000000000000000000, -1.000000000000000000 ) ) ;
#5279 = EDGE_CURVE ( 'NONE', #3197, #5657, #737, .T. ) ;
#5280 = CARTESIAN_POINT ( 'NONE',  ( 28.70000000000000284, 0.5000000000000000000, -43.60000000000000142 ) ) ;
#5281 = CARTESIAN_POINT ( 'NONE',  ( 28.70000000000000284, 0.5000000000000000000, -7.806255641895631925E-15 ) ) ;
#5282 = FACE_OUTER_BOUND ( 'NONE', #2970, .T. ) ;
#5283 = ORIENTED_EDGE ( 'NONE', *, *, #5237, .T. ) ;
#5284 = EDGE_LOOP ( 'NONE', ( #3747, #4178, #4769, #5410 ) ) ;
#5285 = AXIS2_PLACEMENT_3D ( 'NONE', #621, #4472, #5070 ) ;
#5286 = CARTESIAN_POINT ( 'NONE',  ( 7.000000000000000000, 0.000000000000000000, 0.000000000000000000 ) ) ;
#5287 = DIRECTION ( 'NONE',  ( 0.000000000000000000, -1.000000000000000000, 0.000000000000000000 ) ) ;
#5288 = VECTOR ( 'NONE', #3026, 1000.000000000000000 ) ;
#5289 = DIRECTION ( 'NONE',  ( 0.000000000000000000, -1.000000000000000000, 0.000000000000000000 ) ) ;
#5290 = DIRECTION ( 'NONE',  ( 0.000000000000000000, -1.000000000000000000, 0.000000000000000000 ) ) ;
#5291 = PLANE ( 'NONE',  #3151 ) ;
#5292 = LINE ( 'NONE', #1945, #1192 ) ;
#5293 = ORIENTED_EDGE ( 'NONE', *, *, #5595, .F. ) ;
#5294 = EDGE_CURVE ( 'NONE', #433, #5613, #2927, .T. ) ;
#5295 = EDGE_CURVE ( 'NONE', #233, #7218, #1268, .T. ) ;
#5296 = AXIS2_PLACEMENT_3D ( 'NONE', #5991, #6703, #6035 ) ;
#5297 = EDGE_CURVE ( 'NONE', #3961, #2221, #7033, .T. ) ;
#5298 = VERTEX_POINT ( 'NONE', #4041 ) ;
#5299 = DIRECTION ( 'NONE',  ( 0.000000000000000000, 0.000000000000000000, 1.000000000000000000 ) ) ;
#5300 = VECTOR ( 'NONE', #4920, 1000.000000000000000 ) ;
#5301 = CARTESIAN_POINT ( 'NONE',  ( 0.000000000000000000, -0.2999999999999999889, 0.000000000000000000 ) ) ;
#5302 = EDGE_CURVE ( 'NONE', #6894, #4588, #2431, .T. ) ;
#5303 = PLANE ( 'NONE',  #1376 ) ;
#5304 = VECTOR ( 'NONE', #1751, 1000.000000000000000 ) ;
#5305 = CARTESIAN_POINT ( 'NONE',  ( 47.04999999999999716, -0.7999999999999999334, -48.39999999999997726 ) ) ;
#5306 = ORIENTED_EDGE ( 'NONE', *, *, #3260, .F. ) ;
#5307 = DIRECTION ( 'NONE',  ( 0.000000000000000000, 0.000000000000000000, -1.000000000000000000 ) ) ;
#5308 = CARTESIAN_POINT ( 'NONE',  ( 30.92000000000000526, -0.3999999999999999667, -71.09999999999999432 ) ) ;
#5309 = LINE ( 'NONE', #3436, #1387 ) ;
#5310 = ORIENTED_EDGE ( 'NONE', *, *, #1462, .F. ) ;
#5311 = ORIENTED_EDGE ( 'NONE', *, *, #251, .T. ) ;
#5312 = ADVANCED_FACE ( 'NONE', ( #2365 ), #5291, .F. ) ;
#5313 = AXIS2_PLACEMENT_3D ( 'NONE', #3337, #1805, #7278 ) ;
#5314 = CARTESIAN_POINT ( 'NONE',  ( 25.74999999999998579, -0.1000000000000000056, -59.39999999999999858 ) ) ;
#5315 = AXIS2_PLACEMENT_3D ( 'NONE', #5202, #3526, #3561 ) ;
#5316 = LINE ( 'NONE', #7132, #185 ) ;
#5317 = CARTESIAN_POINT ( 'NONE',  ( 11.30000000000000604, -0.3999999999999999667, -44.89999999999999858 ) ) ;
#5318 = DIRECTION ( 'NONE',  ( -0.000000000000000000, 1.000000000000000000, -0.000000000000000000 ) ) ;
#5319 = AXIS2_PLACEMENT_3D ( 'NONE', #4514, #623, #2913 ) ;
#5320 = ORIENTED_EDGE ( 'NONE', *, *, #2896, .F. ) ;
#5321 = ADVANCED_FACE ( 'NONE', ( #1911 ), #4175, .F. ) ;
#5322 = ORIENTED_EDGE ( 'NONE', *, *, #45, .T. ) ;
#5323 = VECTOR ( 'NONE', #2472, 1000.000000000000000 ) ;
#5324 = DIRECTION ( 'NONE',  ( 0.000000000000000000, 1.000000000000000000, 0.000000000000000000 ) ) ;
#5325 = CARTESIAN_POINT ( 'NONE',  ( 14.90000000000000391, -0.1000000000000000056, -41.30000000000002558 ) ) ;
#5326 = CARTESIAN_POINT ( 'NONE',  ( 27.24999999999998934, -0.3000000000000000444, -70.90000000000001990 ) ) ;
#5327 = FACE_OUTER_BOUND ( 'NONE', #5150, .T. ) ;
#5328 = CARTESIAN_POINT ( 'NONE',  ( 27.54999999999998295, -0.3000000000000000444, -70.90000000000001990 ) ) ;
#5329 = LINE ( 'NONE', #7111, #5691 ) ;
#5330 = EDGE_LOOP ( 'NONE', ( #2061, #3377, #4577, #1146 ) ) ;
#5331 = EDGE_LOOP ( 'NONE', ( #4046, #7002, #3063, #5203 ) ) ;
#5332 = DIRECTION ( 'NONE',  ( -0.000000000000000000, -0.000000000000000000, -1.000000000000000000 ) ) ;
#5333 = LINE ( 'NONE', #253, #2753 ) ;
#5334 = EDGE_CURVE ( 'NONE', #5173, #2797, #6899, .T. ) ;
#5335 = CYLINDRICAL_SURFACE ( 'NONE', #902, 0.3999999999999975797 ) ;
#5336 = EDGE_CURVE ( 'NONE', #3545, #561, #2015, .T. ) ;
#5337 = CARTESIAN_POINT ( 'NONE',  ( 25.09999999999998010, -0.1000000000000000056, -63.34999999999998721 ) ) ;
#5338 = VERTEX_POINT ( 'NONE', #2612 ) ;
#5339 = VERTEX_POINT ( 'NONE', #392 ) ;
#5340 = FACE_OUTER_BOUND ( 'NONE', #2187, .T. ) ;
#5341 = DIRECTION ( 'NONE',  ( -0.000000000000000000, 1.000000000000000000, -0.000000000000000000 ) ) ;
#5342 = DIRECTION ( 'NONE',  ( -1.000000000000000000, 0.000000000000000000, -0.000000000000000000 ) ) ;
#5343 = ADVANCED_FACE ( 'NONE', ( #4360 ), #7182, .F. ) ;
#5344 = CARTESIAN_POINT ( 'NONE',  ( 24.49999999999998934, -0.2000000000000000111, -58.90000000000001279 ) ) ;
#5345 = ORIENTED_EDGE ( 'NONE', *, *, #2156, .T. ) ;
#5346 = ORIENTED_EDGE ( 'NONE', *, *, #6847, .F. ) ;
#5347 = VERTEX_POINT ( 'NONE', #3207 ) ;
#5348 = EDGE_CURVE ( 'NONE', #5082, #6493, #872, .T. ) ;
#5349 = DIRECTION ( 'NONE',  ( 1.000000000000000000, 0.000000000000000000, -1.734723475976805517E-15 ) ) ;
#5350 = CARTESIAN_POINT ( 'NONE',  ( 46.89999999999999858, -0.2999999999999999889, -54.59999999999998010 ) ) ;
#5351 = CARTESIAN_POINT ( 'NONE',  ( 19.20000000000000284, -0.2000000000000000111, -42.30000000000000426 ) ) ;
#5352 = ORIENTED_EDGE ( 'NONE', *, *, #5246, .F. ) ;
#5353 = AXIS2_PLACEMENT_3D ( 'NONE', #6828, #67, #6270 ) ;
#5354 = ORIENTED_EDGE ( 'NONE', *, *, #3655, .T. ) ;
#5355 = DIRECTION ( 'NONE',  ( 0.000000000000000000, -1.000000000000000000, 0.000000000000000000 ) ) ;
#5356 = CARTESIAN_POINT ( 'NONE',  ( 10.70000000000000639, -0.3999999999999999667, -48.39999999999999858 ) ) ;
#5357 = PLANE ( 'NONE',  #1249 ) ;
#5358 = DIRECTION ( 'NONE',  ( 0.000000000000000000, -0.000000000000000000, -1.000000000000000000 ) ) ;
#5359 = VECTOR ( 'NONE', #4631, 1000.000000000000000 ) ;
#5360 = EDGE_CURVE ( 'NONE', #1173, #4001, #6071, .T. ) ;
#5361 = DIRECTION ( 'NONE',  ( 1.108449505416492044E-16, 0.000000000000000000, -1.000000000000000000 ) ) ;
#5362 = DIRECTION ( 'NONE',  ( 2.930276141852714570E-17, -0.000000000000000000, -1.000000000000000000 ) ) ;
#5363 = ORIENTED_EDGE ( 'NONE', *, *, #700, .F. ) ;
#5364 = ORIENTED_EDGE ( 'NONE', *, *, #3036, .F. ) ;
#5365 = DIRECTION ( 'NONE',  ( 1.000000000000000000, 0.000000000000000000, -0.000000000000000000 ) ) ;
#5366 = DIRECTION ( 'NONE',  ( -0.000000000000000000, 1.000000000000000000, -0.000000000000000000 ) ) ;
#5367 = CARTESIAN_POINT ( 'NONE',  ( 29.49999999999999289, -0.1000000000000000056, -70.40000000000001990 ) ) ;
#5368 = CARTESIAN_POINT ( 'NONE',  ( 33.70000000000000995, -2.299999999999999822, -37.29999999999999716 ) ) ;
#5369 = ORIENTED_EDGE ( 'NONE', *, *, #4385, .F. ) ;
#5370 = ORIENTED_EDGE ( 'NONE', *, *, #6808, .F. ) ;
#5371 = PLANE ( 'NONE',  #746 ) ;
#5372 = CYLINDRICAL_SURFACE ( 'NONE', #4289, 6.999999999999994671 ) ;
#5373 = CARTESIAN_POINT ( 'NONE',  ( 14.90000000000000391, -0.1000000000000000056, -41.30000000000002558 ) ) ;
#5374 = CARTESIAN_POINT ( 'NONE',  ( 27.24999999999998934, 0.000000000000000000, -68.90000000000001990 ) ) ;
#5375 = VERTEX_POINT ( 'NONE', #4214 ) ;
#5376 = EDGE_LOOP ( 'NONE', ( #1884, #62, #265, #1054 ) ) ;
#5377 = ORIENTED_EDGE ( 'NONE', *, *, #4271, .T. ) ;
#5378 = ADVANCED_FACE ( 'NONE', ( #2049 ), #911, .F. ) ;
#5379 = EDGE_CURVE ( 'NONE', #6333, #7164, #4317, .T. ) ;
#5380 = CARTESIAN_POINT ( 'NONE',  ( 6.000000000000000888, -0.1000000000000000056, -5.999999999999999112 ) ) ;
#5381 = CARTESIAN_POINT ( 'NONE',  ( 29.69999999999997797, -1.500000000000000000, -41.29999999999999716 ) ) ;
#5382 = DIRECTION ( 'NONE',  ( 1.000000000000000000, 0.000000000000000000, 0.000000000000000000 ) ) ;
#5383 = ADVANCED_FACE ( 'NONE', ( #2535 ), #1944, .F. ) ;
#5384 = ORIENTED_EDGE ( 'NONE', *, *, #4704, .T. ) ;
#5385 = VECTOR ( 'NONE', #6679, 1000.000000000000000 ) ;
#5386 = AXIS2_PLACEMENT_3D ( 'NONE', #1340, #5349, #4788 ) ;
#5387 = ORIENTED_EDGE ( 'NONE', *, *, #758, .T. ) ;
#5388 = CARTESIAN_POINT ( 'NONE',  ( 7.000000000000000000, 0.000000000000000000, -7.000000000000000000 ) ) ;
#5389 = LINE ( 'NONE', #6065, #2922 ) ;
#5390 = CARTESIAN_POINT ( 'NONE',  ( 28.99999999999998934, -0.2000000000000000111, -70.90000000000001990 ) ) ;
#5391 = VECTOR ( 'NONE', #974, 1000.000000000000000 ) ;
#5392 = CIRCLE ( 'NONE', #4096, 3.999999999999996447 ) ;
#5393 = DIRECTION ( 'NONE',  ( 0.000000000000000000, -1.000000000000000000, 0.000000000000000000 ) ) ;
#5394 = DIRECTION ( 'NONE',  ( 1.000000000000000000, 0.000000000000000000, 0.000000000000000000 ) ) ;
#5395 = FACE_OUTER_BOUND ( 'NONE', #6301, .T. ) ;
#5396 = ORIENTED_EDGE ( 'NONE', *, *, #3319, .F. ) ;
#5397 = EDGE_LOOP ( 'NONE', ( #1863, #2437, #7008, #5220 ) ) ;
#5398 = VECTOR ( 'NONE', #3123, 1000.000000000000000 ) ;
#5399 = EDGE_CURVE ( 'NONE', #963, #1585, #4119, .T. ) ;
#5400 = VERTEX_POINT ( 'NONE', #1983 ) ;
#5401 = CARTESIAN_POINT ( 'NONE',  ( 24.39999999999998792, -0.2000000000000000111, -59.29999999999999005 ) ) ;
#5402 = DIRECTION ( 'NONE',  ( 0.000000000000000000, -1.000000000000000000, 0.000000000000000000 ) ) ;
#5403 = CLOSED_SHELL ( 'NONE', ( #3272, #4882, #397, #5577, #6744, #3549 ) ) ;
#5404 = CARTESIAN_POINT ( 'NONE',  ( 0.8696805494382842117, 1.244639535854047407, -6.999999999999999112 ) ) ;
#5405 = CARTESIAN_POINT ( 'NONE',  ( 28.30000000000000782, -0.3999999999999999667, -69.09999999999999432 ) ) ;
#5406 = AXIS2_PLACEMENT_3D ( 'NONE', #6937, #5264, #1361 ) ;
#5407 = ORIENTED_EDGE ( 'NONE', *, *, #8, .F. ) ;
#5408 = VECTOR ( 'NONE', #5001, 1000.000000000000000 ) ;
#5409 = ADVANCED_FACE ( 'NONE', ( #3684 ), #2692, .F. ) ;
#5410 = ORIENTED_EDGE ( 'NONE', *, *, #4956, .T. ) ;
#5411 = LINE ( 'NONE', #334, #3225 ) ;
#5412 = VECTOR ( 'NONE', #25, 1000.000000000000000 ) ;
#5413 = PLANE ( 'NONE',  #2401 ) ;
#5414 = CARTESIAN_POINT ( 'NONE',  ( 0.000000000000000000, -0.5000000000000000000, -67.59999999999998010 ) ) ;
#5415 = CARTESIAN_POINT ( 'NONE',  ( 26.49999999999998934, -0.3000000000000000444, -68.90000000000001990 ) ) ;
#5416 = EDGE_LOOP ( 'NONE', ( #1638, #1675, #1602, #7342 ) ) ;
#5417 = ORIENTED_EDGE ( 'NONE', *, *, #3592, .T. ) ;
#5418 = VECTOR ( 'NONE', #1409, 1000.000000000000000 ) ;
#5419 = VERTEX_POINT ( 'NONE', #6480 ) ;
#5420 = CARTESIAN_POINT ( 'NONE',  ( 28.19999999999999218, -0.2000000000000000111, -65.55000000000001137 ) ) ;
#5421 = CARTESIAN_POINT ( 'NONE',  ( 28.74999999999998224, -0.1000000000000000056, -59.39999999999999858 ) ) ;
#5422 = DIRECTION ( 'NONE',  ( 0.000000000000000000, 1.000000000000000000, 0.000000000000000000 ) ) ;
#5423 = EDGE_CURVE ( 'NONE', #5553, #1797, #1393, .T. ) ;
#5424 = VECTOR ( 'NONE', #7260, 1000.000000000000000 ) ;
#5425 = EDGE_CURVE ( 'NONE', #678, #6500, #3651, .T. ) ;
#5426 = VERTEX_POINT ( 'NONE', #319 ) ;
#5427 = VECTOR ( 'NONE', #5805, 1000.000000000000000 ) ;
#5428 = ORIENTED_EDGE ( 'NONE', *, *, #4622, .T. ) ;
#5429 = EDGE_LOOP ( 'NONE', ( #2718, #3575, #5542, #6627 ) ) ;
#5430 = FACE_OUTER_BOUND ( 'NONE', #2750, .T. ) ;
#5431 = CYLINDRICAL_SURFACE ( 'NONE', #2803, 1.000000000000000888 ) ;
#5432 = AXIS2_PLACEMENT_3D ( 'NONE', #726, #3572, #6507 ) ;
#5433 = CARTESIAN_POINT ( 'NONE',  ( 0.000000000000000000, -0.7999999999999999334, -53.59999999999998010 ) ) ;
#5434 = DIRECTION ( 'NONE',  ( 0.000000000000000000, 0.000000000000000000, -1.000000000000000000 ) ) ;
#5435 = DIRECTION ( 'NONE',  ( 0.000000000000000000, 0.000000000000000000, 1.000000000000000000 ) ) ;
#5436 = CARTESIAN_POINT ( 'NONE',  ( 26.79999999999998650, 0.000000000000000000, -70.90000000000001990 ) ) ;
#5437 = CARTESIAN_POINT ( 'NONE',  ( 47.55000000000000426, -0.5999999999999999778, -52.74999999999999289 ) ) ;
#5438 = AXIS2_PLACEMENT_3D ( 'NONE', #6830, #706, #4073 ) ;
#5439 = ORIENTED_EDGE ( 'NONE', *, *, #5843, .T. ) ;
#5440 = ORIENTED_EDGE ( 'NONE', *, *, #5808, .T. ) ;
#5441 = EDGE_CURVE ( 'NONE', #2124, #1562, #3039, .T. ) ;
#5442 = ORIENTED_EDGE ( 'NONE', *, *, #6534, .T. ) ;
#5443 = CARTESIAN_POINT ( 'NONE',  ( 7.000000000000002665, 0.5000000000000000000, -2.602085213965210642E-15 ) ) ;
#5444 = VECTOR ( 'NONE', #5779, 1000.000000000000000 ) ;
#5445 = CARTESIAN_POINT ( 'NONE',  ( 28.00000000000000355, -0.5000000000000000000, -71.09999999999999432 ) ) ;
#5446 = DIRECTION ( 'NONE',  ( 1.000000000000000000, 0.000000000000000000, 0.000000000000000000 ) ) ;
#5447 = DIRECTION ( 'NONE',  ( 0.000000000000000000, -1.000000000000000000, 0.000000000000000000 ) ) ;
#5448 = CARTESIAN_POINT ( 'NONE',  ( 15.89999999999998082, -0.1000000000000000056, -43.29999999999999716 ) ) ;
#5449 = ORIENTED_EDGE ( 'NONE', *, *, #1764, .T. ) ;
#5450 = ORIENTED_EDGE ( 'NONE', *, *, #6721, .F. ) ;
#5451 = CYLINDRICAL_SURFACE ( 'NONE', #5132, 6.999999999999999112 ) ;
#5452 = DIRECTION ( 'NONE',  ( -0.000000000000000000, 1.000000000000000000, -0.000000000000000000 ) ) ;
#5453 = FACE_OUTER_BOUND ( 'NONE', #980, .T. ) ;
#5454 = AXIS2_PLACEMENT_3D ( 'NONE', #3479, #2923, #5748 ) ;
#5455 = CARTESIAN_POINT ( 'NONE',  ( 28.74999999999998224, 0.1000000000000000056, -59.39999999999999858 ) ) ;
#5456 = EDGE_CURVE ( 'NONE', #685, #3096, #3241, .T. ) ;
#5457 = VERTEX_POINT ( 'NONE', #5509 ) ;
#5458 = EDGE_LOOP ( 'NONE', ( #5734, #5906, #4037, #37 ) ) ;
#5459 = DIRECTION ( 'NONE',  ( 0.000000000000000000, 0.000000000000000000, -1.000000000000000000 ) ) ;
#5460 = LINE ( 'NONE', #4197, #7054 ) ;
#5461 = DIRECTION ( 'NONE',  ( 0.000000000000000000, -1.000000000000000000, 0.000000000000000000 ) ) ;
#5462 = EDGE_LOOP ( 'NONE', ( #3725, #7315, #6199, #6389 ) ) ;
#5463 = VERTEX_POINT ( 'NONE', #1501 ) ;
#5464 = ORIENTED_EDGE ( 'NONE', *, *, #6350, .F. ) ;
#5465 = ADVANCED_FACE ( 'NONE', ( #838 ), #3766, .F. ) ;
#5466 = CARTESIAN_POINT ( 'NONE',  ( 30.49999999999997868, -0.2000000000000000111, -59.04999999999999716 ) ) ;
#5467 = CARTESIAN_POINT ( 'NONE',  ( 26.50000000000000355, -0.5000000000000000000, -57.09999999999999432 ) ) ;
#5468 = CARTESIAN_POINT ( 'NONE',  ( 46.89999999999999858, -0.2999999999999999889, -54.59999999999998010 ) ) ;
#5469 = CARTESIAN_POINT ( 'NONE',  ( 27.50000000000000355, -0.6000000000000000888, -68.09999999999998010 ) ) ;
#5470 = LINE ( 'NONE', #7223, #4344 ) ;
#5471 = CARTESIAN_POINT ( 'NONE',  ( 26.49999999999998934, -0.3000000000000000444, -70.90000000000001990 ) ) ;
#5472 = DIRECTION ( 'NONE',  ( -1.000000000000000000, -0.000000000000000000, -0.000000000000000000 ) ) ;
#5473 = ORIENTED_EDGE ( 'NONE', *, *, #521, .T. ) ;
#5474 = VERTEX_POINT ( 'NONE', #4912 ) ;
#5475 = EDGE_CURVE ( 'NONE', #5487, #1505, #2846, .T. ) ;
#5476 = EDGE_CURVE ( 'NONE', #4226, #1521, #1580, .T. ) ;
#5477 = ORIENTED_EDGE ( 'NONE', *, *, #4012, .T. ) ;
#5478 = LINE ( 'NONE', #4963, #913 ) ;
#5479 = VECTOR ( 'NONE', #820, 1000.000000000000000 ) ;
#5480 = CARTESIAN_POINT ( 'NONE',  ( 28.00000000000000355, -0.5000000000000000000, -70.59999999999999432 ) ) ;
#5481 = AXIS2_PLACEMENT_3D ( 'NONE', #650, #5730, #4573 ) ;
#5482 = LINE ( 'NONE', #1549, #1664 ) ;
#5483 = DIRECTION ( 'NONE',  ( -0.000000000000000000, -1.000000000000000000, -0.000000000000000000 ) ) ;
#5484 = CARTESIAN_POINT ( 'NONE',  ( 28.99999999999998934, -0.2000000000000000111, -70.40000000000001990 ) ) ;
#5485 = ADVANCED_FACE ( 'NONE', ( #7259 ), #5550, .F. ) ;
#5486 = VERTEX_POINT ( 'NONE', #5075 ) ;
#5487 = VERTEX_POINT ( 'NONE', #5669 ) ;
#5488 = DIRECTION ( 'NONE',  ( 0.000000000000000000, 0.000000000000000000, 1.000000000000000000 ) ) ;
#5489 = LINE ( 'NONE', #4931, #1922 ) ;
#5490 = DIRECTION ( 'NONE',  ( -0.000000000000000000, -1.000000000000000000, -0.000000000000000000 ) ) ;
#5491 = DIRECTION ( 'NONE',  ( -0.000000000000000000, -1.000000000000000000, -0.000000000000000000 ) ) ;
#5492 = ORIENTED_EDGE ( 'NONE', *, *, #2757, .T. ) ;
#5493 = ORIENTED_EDGE ( 'NONE', *, *, #4120, .T. ) ;
#5494 = EDGE_LOOP ( 'NONE', ( #4619, #6607, #5916, #2402 ) ) ;
#5495 = EDGE_CURVE ( 'NONE', #3018, #2999, #91, .T. ) ;
#5496 = EDGE_CURVE ( 'NONE', #5347, #5037, #468, .T. ) ;
#5497 = CARTESIAN_POINT ( 'NONE',  ( 28.99999999999998934, -0.2000000000000000111, -67.90000000000001990 ) ) ;
#5498 = DIRECTION ( 'NONE',  ( 0.000000000000000000, -1.000000000000000000, 0.000000000000000000 ) ) ;
#5499 = DIRECTION ( 'NONE',  ( 0.000000000000000000, 0.000000000000000000, 1.000000000000000000 ) ) ;
#5500 = ORIENTED_EDGE ( 'NONE', *, *, #6737, .T. ) ;
#5501 =( BOUNDED_SURFACE ( )  B_SPLINE_SURFACE ( 2, 3, ( 
 ( #1803, #6374, #732, #2425 ),
 ( #1874, #4141, #7067, #6408 ),
 ( #4872, #1977, #6995, #1420 ) ),
 .UNSPECIFIED., .F., .F., .F. ) 
 B_SPLINE_SURFACE_WITH_KNOTS ( ( 3, 3 ),
 ( 4, 4 ),
 ( 0.000000000000000000, 1.000000000000000000 ),
 ( 0.000000000000000000, 1.000000000000000000 ),
 .UNSPECIFIED. ) 
 GEOMETRIC_REPRESENTATION_ITEM ( )  RATIONAL_B_SPLINE_SURFACE ( (
 ( 1.000000000000000000, 0.8047378541243649375, 0.8047378541243649375, 1.000000000000000000),
 ( 1.000000000000000000, 0.8047378541243649375, 0.8047378541243649375, 1.000000000000000000),
 ( 1.000000000000000000, 0.8047378541243649375, 0.8047378541243649375, 1.000000000000000000) ) ) 
 REPRESENTATION_ITEM ( '' )  SURFACE ( )  );
#5502 = ORIENTED_EDGE ( 'NONE', *, *, #3944, .T. ) ;
#5503 = VERTEX_POINT ( 'NONE', #5704 ) ;
#5504 = EDGE_CURVE ( 'NONE', #340, #2391, #3881, .T. ) ;
#5505 = PLANE ( 'NONE',  #4332 ) ;
#5506 = DIRECTION ( 'NONE',  ( -1.000000000000000000, -0.000000000000000000, -0.000000000000000000 ) ) ;
#5507 = CARTESIAN_POINT ( 'NONE',  ( 27.24999999999998934, -0.3000000000000000444, -70.90000000000001990 ) ) ;
#5508 = CARTESIAN_POINT ( 'NONE',  ( 6.000000000000003553, -0.1000000000000000056, -37.29999999999999716 ) ) ;
#5509 = CARTESIAN_POINT ( 'NONE',  ( 30.19000000000000838, -0.3999999999999999667, -71.09999999999999432 ) ) ;
#5510 = AXIS2_PLACEMENT_3D ( 'NONE', #2469, #139, #3023 ) ;
#5511 = DIRECTION ( 'NONE',  ( 0.000000000000000000, 0.000000000000000000, 1.000000000000000000 ) ) ;
#5512 = ORIENTED_EDGE ( 'NONE', *, *, #1435, .T. ) ;
#5513 = ORIENTED_EDGE ( 'NONE', *, *, #6605, .T. ) ;
#5514 = VECTOR ( 'NONE', #2119, 1000.000000000000000 ) ;
#5515 = VECTOR ( 'NONE', #4563, 1000.000000000000000 ) ;
#5516 = ORIENTED_EDGE ( 'NONE', *, *, #7280, .F. ) ;
#5517 = DIRECTION ( 'NONE',  ( 0.000000000000000000, 1.000000000000000000, 0.000000000000000000 ) ) ;
#5518 = DIRECTION ( 'NONE',  ( -1.000000000000000000, 0.000000000000000000, 0.000000000000000000 ) ) ;
#5519 = DIRECTION ( 'NONE',  ( -1.000000000000000000, 0.000000000000000000, -2.775557561562888984E-15 ) ) ;
#5520 = DIRECTION ( 'NONE',  ( -1.000000000000000000, -0.000000000000000000, -9.050731179009497601E-15 ) ) ;
#5521 = CARTESIAN_POINT ( 'NONE',  ( 29.69999999999999929, -0.1000000000000000056, -6.000000000000000000 ) ) ;
#5522 = EDGE_CURVE ( 'NONE', #5298, #2707, #4399, .T. ) ;
#5523 = ORIENTED_EDGE ( 'NONE', *, *, #6836, .F. ) ;
#5524 = ADVANCED_FACE ( 'NONE', ( #1182 ), #6750, .T. ) ;
#5525 = VECTOR ( 'NONE', #1568, 1000.000000000000000 ) ;
#5526 = VERTEX_POINT ( 'NONE', #2880 ) ;
#5527 = ORIENTED_EDGE ( 'NONE', *, *, #3120, .F. ) ;
#5528 = LINE ( 'NONE', #6167, #68 ) ;
#5529 = ADVANCED_FACE ( 'NONE', ( #588 ), #2806, .T. ) ;
#5530 = CARTESIAN_POINT ( 'NONE',  ( 6.000000000000003553, -1.500000000000000000, -37.29999999999999716 ) ) ;
#5531 = CARTESIAN_POINT ( 'NONE',  ( 25.74999999999998934, -0.3000000000000000444, -70.90000000000001990 ) ) ;
#5532 = VECTOR ( 'NONE', #2290, 1000.000000000000000 ) ;
#5533 = CARTESIAN_POINT ( 'NONE',  ( 29.69999999999997442, -1.500000000000000000, -2.000000000000000000 ) ) ;
#5534 = VECTOR ( 'NONE', #4027, 1000.000000000000000 ) ;
#5535 = ORIENTED_EDGE ( 'NONE', *, *, #5360, .F. ) ;
#5536 = ORIENTED_EDGE ( 'NONE', *, *, #2480, .F. ) ;
#5537 = ORIENTED_EDGE ( 'NONE', *, *, #1583, .T. ) ;
#5538 = VECTOR ( 'NONE', #543, 1000.000000000000000 ) ;
#5539 = LINE ( 'NONE', #416, #2791 ) ;
#5540 = CARTESIAN_POINT ( 'NONE',  ( 27.99999999999998579, -0.3000000000000000444, -70.90000000000001990 ) ) ;
#5541 = CIRCLE ( 'NONE', #6016, 0.5000000000000004441 ) ;
#5542 = ORIENTED_EDGE ( 'NONE', *, *, #3485, .F. ) ;
#5543 = EDGE_CURVE ( 'NONE', #2405, #4469, #4994, .T. ) ;
#5544 = ORIENTED_EDGE ( 'NONE', *, *, #1307, .F. ) ;
#5545 = VERTEX_POINT ( 'NONE', #6670 ) ;
#5546 = CARTESIAN_POINT ( 'NONE',  ( 31.19999999999997442, -0.3999999999999999667, 9.020562075079396891E-15 ) ) ;
#5547 = DIRECTION ( 'NONE',  ( 1.000000000000000000, 0.000000000000000000, 0.000000000000000000 ) ) ;
#5548 = DIRECTION ( 'NONE',  ( 0.000000000000000000, 0.000000000000000000, 1.000000000000000000 ) ) ;
#5549 = PLANE ( 'NONE',  #7204 ) ;
#5550 = PLANE ( 'NONE',  #5784 ) ;
#5551 = CARTESIAN_POINT ( 'NONE',  ( 31.95000000000000639, -0.2999999999999999889, -69.09999999999999432 ) ) ;
#5552 = ADVANCED_FACE ( 'NONE', ( #2165 ), #6221, .F. ) ;
#5553 = VERTEX_POINT ( 'NONE', #1619 ) ;
#5554 = VERTEX_POINT ( 'NONE', #5589 ) ;
#5555 = CIRCLE ( 'NONE', #6503, 4.000000000000000000 ) ;
#5556 = ORIENTED_EDGE ( 'NONE', *, *, #2661, .T. ) ;
#5557 = LINE ( 'NONE', #2095, #2214 ) ;
#5558 = CARTESIAN_POINT ( 'NONE',  ( 6.000000000000032863, 0.000000000000000000, -41.29999999999999716 ) ) ;
#5559 = DIRECTION ( 'NONE',  ( 0.000000000000000000, 1.000000000000000000, 0.000000000000000000 ) ) ;
#5560 = CARTESIAN_POINT ( 'NONE',  ( 31.22000000000000952, -0.2999999999999999889, -69.09999999999999432 ) ) ;
#5561 = DIRECTION ( 'NONE',  ( 0.000000000000000000, 0.000000000000000000, 1.000000000000000000 ) ) ;
#5562 = CIRCLE ( 'NONE', #7098, 3.999999999999999112 ) ;
#5563 = LINE ( 'NONE', #481, #7353 ) ;
#5564 = ORIENTED_EDGE ( 'NONE', *, *, #19, .T. ) ;
#5565 = ORIENTED_EDGE ( 'NONE', *, *, #6888, .F. ) ;
#5566 = VECTOR ( 'NONE', #2138, 1000.000000000000000 ) ;
#5567 = ORIENTED_EDGE ( 'NONE', *, *, #5425, .F. ) ;
#5568 = CARTESIAN_POINT ( 'NONE',  ( 10.00000000000000533, -0.3999999999999999667, -41.29999999999999716 ) ) ;
#5569 = EDGE_CURVE ( 'NONE', #1505, #3378, #6955, .T. ) ;
#5570 = ADVANCED_FACE ( 'NONE', ( #4550 ), #3318, .T. ) ;
#5571 = LINE ( 'NONE', #564, #3474 ) ;
#5572 = CARTESIAN_POINT ( 'NONE',  ( 0.000000000000000000, -0.5999999999999999778, -48.94999999999999574 ) ) ;
#5573 = CARTESIAN_POINT ( 'NONE',  ( 25.74999999999998934, -0.3000000000000000444, -70.90000000000001990 ) ) ;
#5574 = ORIENTED_EDGE ( 'NONE', *, *, #1577, .T. ) ;
#5575 = ORIENTED_EDGE ( 'NONE', *, *, #497, .T. ) ;
#5576 = ORIENTED_EDGE ( 'NONE', *, *, #6600, .F. ) ;
#5577 = ADVANCED_FACE ( 'NONE', ( #3838 ), #6107, .F. ) ;
#5578 = DIRECTION ( 'NONE',  ( -1.000000000000000000, 0.000000000000000000, -0.000000000000000000 ) ) ;
#5579 = DIRECTION ( 'NONE',  ( 1.000000000000000000, 0.000000000000000000, 0.000000000000000000 ) ) ;
#5580 = AXIS2_PLACEMENT_3D ( 'NONE', #104, #6962, #4623 ) ;
#5581 = ORIENTED_EDGE ( 'NONE', *, *, #3531, .F. ) ;
#5582 = ADVANCED_FACE ( 'NONE', ( #2766 ), #7296, .T. ) ;
#5583 = EDGE_LOOP ( 'NONE', ( #2998, #7174, #166, #7227 ) ) ;
#5584 = EDGE_LOOP ( 'NONE', ( #7199, #3054, #7003, #1411 ) ) ;
#5585 = DIRECTION ( 'NONE',  ( -1.000000000000000000, 0.000000000000000000, -0.000000000000000000 ) ) ;
#5586 = CARTESIAN_POINT ( 'NONE',  ( 9.500000000000008882, -0.3999999999999999667, -44.59999999999999432 ) ) ;
#5587 = FACE_OUTER_BOUND ( 'NONE', #3011, .T. ) ;
#5588 = DIRECTION ( 'NONE',  ( 0.000000000000000000, -1.000000000000000000, 0.000000000000000000 ) ) ;
#5589 = CARTESIAN_POINT ( 'NONE',  ( 29.49999999999999289, -0.1000000000000000056, -67.90000000000001990 ) ) ;
#5590 = CARTESIAN_POINT ( 'NONE',  ( 33.70000000000000284, -2.299999999999999822, -6.000000000000028422 ) ) ;
#5591 = ORIENTED_EDGE ( 'NONE', *, *, #5080, .F. ) ;
#5592 = ORIENTED_EDGE ( 'NONE', *, *, #4746, .F. ) ;
#5593 = ORIENTED_EDGE ( 'NONE', *, *, #4798, .T. ) ;
#5594 = PLANE ( 'NONE',  #6007 ) ;
#5595 = EDGE_CURVE ( 'NONE', #7129, #5948, #6992, .T. ) ;
#5596 = LINE ( 'NONE', #32, #3722 ) ;
#5597 = DIRECTION ( 'NONE',  ( -0.000000000000000000, -0.000000000000000000, 1.000000000000000000 ) ) ;
#5598 = CARTESIAN_POINT ( 'NONE',  ( 29.46000000000000796, -0.3999999999999999667, -71.09999999999999432 ) ) ;
#5599 = CARTESIAN_POINT ( 'NONE',  ( 19.27000000000000313, -0.4000000000000000222, -41.29999999999999716 ) ) ;
#5600 = FACE_OUTER_BOUND ( 'NONE', #2892, .T. ) ;
#5601 = VERTEX_POINT ( 'NONE', #2353 ) ;
#5602 = ORIENTED_EDGE ( 'NONE', *, *, #6765, .T. ) ;
#5603 = VECTOR ( 'NONE', #4297, 1000.000000000000114 ) ;
#5604 = ORIENTED_EDGE ( 'NONE', *, *, #1917, .T. ) ;
#5605 = AXIS2_PLACEMENT_3D ( 'NONE', #4337, #1407, #3819 ) ;
#5606 = CARTESIAN_POINT ( 'NONE',  ( 46.79999999999999716, -0.7999999999999999334, -48.39999999999997726 ) ) ;
#5607 = CARTESIAN_POINT ( 'NONE',  ( 29.70000000000000639, -2.299999999999999822, -37.29999999999999716 ) ) ;
#5608 = FACE_OUTER_BOUND ( 'NONE', #1470, .T. ) ;
#5609 = PLANE ( 'NONE',  #6855 ) ;
#5610 = VECTOR ( 'NONE', #1677, 1000.000000000000000 ) ;
#5611 = EDGE_LOOP ( 'NONE', ( #4958, #6708, #6545, #250 ) ) ;
#5612 = ORIENTED_EDGE ( 'NONE', *, *, #3795, .T. ) ;
#5613 = VERTEX_POINT ( 'NONE', #6366 ) ;
#5614 = DIRECTION ( 'NONE',  ( 0.000000000000000000, 0.000000000000000000, -1.000000000000000000 ) ) ;
#5615 = LINE ( 'NONE', #5103, #2194 ) ;
#5616 = EDGE_CURVE ( 'NONE', #2634, #2021, #3573, .T. ) ;
#5617 = ORIENTED_EDGE ( 'NONE', *, *, #765, .T. ) ;
#5618 = EDGE_CURVE ( 'NONE', #3990, #3275, #3602, .T. ) ;
#5619 = VERTEX_POINT ( 'NONE', #2420 ) ;
#5620 = CARTESIAN_POINT ( 'NONE',  ( 28.73000000000000753, -0.2999999999999999889, -69.09999999999999432 ) ) ;
#5621 = CARTESIAN_POINT ( 'NONE',  ( 31.95000000000000639, -0.2999999999999999889, -69.09999999999999432 ) ) ;
#5622 = ADVANCED_FACE ( 'NONE', ( #657 ), #1241, .F. ) ;
#5623 = CARTESIAN_POINT ( 'NONE',  ( 28.29999999999999005, 0.000000000000000000, -68.90000000000001990 ) ) ;
#5624 = PLANE ( 'NONE',  #1187 ) ;
#5625 = FACE_OUTER_BOUND ( 'NONE', #4064, .T. ) ;
#5626 = DIRECTION ( 'NONE',  ( 0.000000000000000000, -0.000000000000000000, 1.000000000000000000 ) ) ;
#5627 = CARTESIAN_POINT ( 'NONE',  ( 29.49999999999999289, -0.2000000000000000111, -67.90000000000001990 ) ) ;
#5628 = VERTEX_POINT ( 'NONE', #2914 ) ;
#5629 = ORIENTED_EDGE ( 'NONE', *, *, #4260, .F. ) ;
#5630 = VERTEX_POINT ( 'NONE', #2461 ) ;
#5631 = CYLINDRICAL_SURFACE ( 'NONE', #1631, 0.5000000000000004441 ) ;
#5632 = CARTESIAN_POINT ( 'NONE',  ( 33.70000000000000284, -1.500000000000000000, -6.000000000000028422 ) ) ;
#5633 = VECTOR ( 'NONE', #4431, 1000.000000000000000 ) ;
#5634 = DIRECTION ( 'NONE',  ( 0.000000000000000000, 0.000000000000000000, -1.000000000000000000 ) ) ;
#5635 = DATE_AND_TIME ( #4007, #2585 ) ;
#5636 = DIRECTION ( 'NONE',  ( 0.000000000000000000, 0.000000000000000000, -1.000000000000000000 ) ) ;
#5637 = DIRECTION ( 'NONE',  ( -0.000000000000000000, 1.000000000000000000, -0.000000000000000000 ) ) ;
#5638 = ORIENTED_EDGE ( 'NONE', *, *, #3048, .T. ) ;
#5639 = ADVANCED_FACE ( 'NONE', ( #5845 ), #4720, .F. ) ;
#5640 = AXIS2_PLACEMENT_3D ( 'NONE', #3013, #3434, #6952 ) ;
#5641 = VECTOR ( 'NONE', #2073, 1000.000000000000000 ) ;
#5642 = EDGE_LOOP ( 'NONE', ( #6137, #5651, #7237, #1149 ) ) ;
#5643 = FACE_OUTER_BOUND ( 'NONE', #7102, .T. ) ;
#5644 = DIRECTION ( 'NONE',  ( 0.000000000000000000, 0.000000000000000000, -1.000000000000000000 ) ) ;
#5645 = FACE_OUTER_BOUND ( 'NONE', #3511, .T. ) ;
#5646 = DIRECTION ( 'NONE',  ( -1.000000000000000000, 0.000000000000000000, 0.000000000000000000 ) ) ;
#5647 = AXIS2_PLACEMENT_3D ( 'NONE', #3869, #6140, #5382 ) ;
#5648 = VECTOR ( 'NONE', #4463, 1000.000000000000000 ) ;
#5649 = FACE_OUTER_BOUND ( 'NONE', #5458, .T. ) ;
#5650 = EDGE_CURVE ( 'NONE', #4852, #1585, #5217, .T. ) ;
#5651 = ORIENTED_EDGE ( 'NONE', *, *, #4430, .F. ) ;
#5652 = EDGE_LOOP ( 'NONE', ( #6663, #4025, #7101, #3173 ) ) ;
#5653 = VECTOR ( 'NONE', #1209, 1000.000000000000000 ) ;
#5654 = VECTOR ( 'NONE', #1512, 1000.000000000000000 ) ;
#5655 = CARTESIAN_POINT ( 'NONE',  ( 19.20000000000000284, -0.1000000000000000056, -42.30000000000000426 ) ) ;
#5656 = LINE ( 'NONE', #3947, #2917 ) ;
#5657 = VERTEX_POINT ( 'NONE', #760 ) ;
#5658 = CIRCLE ( 'NONE', #6603, 0.5000000000000004441 ) ;
#5659 = VERTEX_POINT ( 'NONE', #6436 ) ;
#5660 = VECTOR ( 'NONE', #4326, 1000.000000000000000 ) ;
#5661 = CARTESIAN_POINT ( 'NONE',  ( 28.70000000000000284, 1.500000000000000444, -7.000000000000000000 ) ) ;
#5662 = CARTESIAN_POINT ( 'NONE',  ( 28.70000000000000284, 1.500000000000000000, -4.336808689942017736E-15 ) ) ;
#5663 = ADVANCED_FACE ( 'NONE', ( #5282 ), #6859, .F. ) ;
#5664 = AXIS2_PLACEMENT_3D ( 'NONE', #1560, #2714, #1681 ) ;
#5665 = DIRECTION ( 'NONE',  ( -1.734723475976805517E-15, -0.000000000000000000, -1.000000000000000000 ) ) ;
#5666 = ADVANCED_FACE ( 'NONE', ( #6919, #3015, #2315 ), #2984, .F. ) ;
#5667 = CARTESIAN_POINT ( 'NONE',  ( 49.19999999999999574, -0.2999999999999999889, -47.09999999999998010 ) ) ;
#5668 = LINE ( 'NONE', #624, #2825 ) ;
#5669 = CARTESIAN_POINT ( 'NONE',  ( 33.70000000000000284, -0.1000000000000000056, -6.000000000000028422 ) ) ;
#5670 = CARTESIAN_POINT ( 'NONE',  ( 49.19999999999999574, -0.2999999999999999889, -54.09999999999998010 ) ) ;
#5671 = ORIENTED_EDGE ( 'NONE', *, *, #4080, .F. ) ;
#5672 = EDGE_LOOP ( 'NONE', ( #2027, #2520, #6399, #5783 ) ) ;
#5673 = VECTOR ( 'NONE', #4121, 1000.000000000000000 ) ;
#5674 = DIRECTION ( 'NONE',  ( -0.000000000000000000, 1.000000000000000000, -0.000000000000000000 ) ) ;
#5675 = CARTESIAN_POINT ( 'NONE',  ( 29.76000000000000512, -0.2999999999999999889, -71.09999999999999432 ) ) ;
#5676 = DIRECTION ( 'NONE',  ( -1.000000000000000000, -0.000000000000000000, -0.000000000000000000 ) ) ;
#5677 = CARTESIAN_POINT ( 'NONE',  ( 17.84999999999999787, 1.244639535854047407, -42.73031945056171566 ) ) ;
#5678 = DIRECTION ( 'NONE',  ( -0.000000000000000000, 1.000000000000000000, -0.000000000000000000 ) ) ;
#5679 = VERTEX_POINT ( 'NONE', #1795 ) ;
#5680 = EDGE_CURVE ( 'NONE', #3421, #4852, #7327, .T. ) ;
#5681 = VECTOR ( 'NONE', #7142, 1000.000000000000000 ) ;
#5682 = EDGE_LOOP ( 'NONE', ( #2019, #3635, #1074, #5057 ) ) ;
#5683 = LINE ( 'NONE', #6650, #3024 ) ;
#5684 = VECTOR ( 'NONE', #4594, 1000.000000000000000 ) ;
#5685 = CARTESIAN_POINT ( 'NONE',  ( 7.000000000000000000, 0.000000000000000000, 0.000000000000000000 ) ) ;
#5686 = B_SPLINE_CURVE_WITH_KNOTS ( 'NONE', 2,
 ( #4334, #6608, #964 ),
 .UNSPECIFIED., .F., .F.,
 ( 3, 3 ),
 ( 0.000000000000000000, 1.000000000000000000 ),
 .UNSPECIFIED. ) ;
#5687 = CARTESIAN_POINT ( 'NONE',  ( 29.69999999999999929, -0.1000000000000000056, -6.000000000000000000 ) ) ;
#5688 = VECTOR ( 'NONE', #3802, 1000.000000000000000 ) ;
#5689 = FACE_OUTER_BOUND ( 'NONE', #4479, .T. ) ;
#5690 = ORIENTED_EDGE ( 'NONE', *, *, #1981, .F. ) ;
#5691 = VECTOR ( 'NONE', #4767, 1000.000000000000000 ) ;
#5692 = EDGE_LOOP ( 'NONE', ( #5283, #5690, #6529, #5049 ) ) ;
#5693 = LINE ( 'NONE', #4022, #5733 ) ;
#5694 = DIRECTION ( 'NONE',  ( 0.000000000000000000, -1.000000000000000000, 0.000000000000000000 ) ) ;
#5695 = EDGE_CURVE ( 'NONE', #6493, #413, #6954, .T. ) ;
#5696 = AXIS2_PLACEMENT_3D ( 'NONE', #5004, #1115, #1078 ) ;
#5697 = VERTEX_POINT ( 'NONE', #164 ) ;
#5698 = ORIENTED_EDGE ( 'NONE', *, *, #6430, .F. ) ;
#5699 = DIRECTION ( 'NONE',  ( -1.000000000000000000, 0.000000000000000000, 0.000000000000000000 ) ) ;
#5700 = DIRECTION ( 'NONE',  ( -0.000000000000000000, 1.000000000000000000, -0.000000000000000000 ) ) ;
#5701 = CARTESIAN_POINT ( 'NONE',  ( 2.000000000000006217, -2.299999999999999822, -37.29999999999996874 ) ) ;
#5702 = DIRECTION ( 'NONE',  ( -1.000000000000000000, 0.000000000000000000, -0.000000000000000000 ) ) ;
#5703 = CARTESIAN_POINT ( 'NONE',  ( 31.19999999999999574, -0.5000000000000000000, -67.59999999999998010 ) ) ;
#5704 = CARTESIAN_POINT ( 'NONE',  ( 46.39999999999999858, -0.3999999999999999667, -47.59999999999998010 ) ) ;
#5705 = DIRECTION ( 'NONE',  ( -0.000000000000000000, 1.000000000000000000, -0.000000000000000000 ) ) ;
#5706 = ADVANCED_FACE ( 'NONE', ( #4680 ), #4061, .F. ) ;
#5707 = VERTEX_POINT ( 'NONE', #4583 ) ;
#5708 = VERTEX_POINT ( 'NONE', #1765 ) ;
#5709 = EDGE_CURVE ( 'NONE', #3228, #4587, #4034, .T. ) ;
#5710 = LINE ( 'NONE', #5222, #2378 ) ;
#5711 = DIRECTION ( 'NONE',  ( -0.000000000000000000, -1.000000000000000000, -0.000000000000000000 ) ) ;
#5712 = CARTESIAN_POINT ( 'NONE',  ( 25.29999999999998650, 0.000000000000000000, -70.90000000000001990 ) ) ;
#5713 = APPROVAL_DATE_TIME ( #1838, #5756 ) ;
#5714 = CYLINDRICAL_SURFACE ( 'NONE', #2329, 3.999999999999996447 ) ;
#5715 = VECTOR ( 'NONE', #7106, 1000.000000000000000 ) ;
#5716 = CARTESIAN_POINT ( 'NONE',  ( 27.69999999999996376, 1.500000000000000000, -38.50000000000000000 ) ) ;
#5717 = EDGE_LOOP ( 'NONE', ( #2036, #6372, #5857, #1367 ) ) ;
#5718 = ADVANCED_FACE ( 'NONE', ( #6404 ), #1213, .F. ) ;
#5719 = EDGE_CURVE ( 'NONE', #5526, #4948, #5914, .T. ) ;
#5720 = ORIENTED_EDGE ( 'NONE', *, *, #4179, .T. ) ;
#5721 = LINE ( 'NONE', #2331, #4794 ) ;
#5722 = DIRECTION ( 'NONE',  ( 0.000000000000000000, -0.000000000000000000, -1.000000000000000000 ) ) ;
#5723 = EDGE_CURVE ( 'NONE', #1938, #3378, #3052, .T. ) ;
#5724 = CARTESIAN_POINT ( 'NONE',  ( 10.10000000000000675, -0.3999999999999999667, -44.89999999999999858 ) ) ;
#5725 = LINE ( 'NONE', #2298, #5911 ) ;
#5726 = EDGE_CURVE ( 'NONE', #4353, #333, #2495, .T. ) ;
#5727 = AXIS2_PLACEMENT_3D ( 'NONE', #2254, #5559, #2701 ) ;
#5728 = ORIENTED_EDGE ( 'NONE', *, *, #7060, .F. ) ;
#5729 = EDGE_LOOP ( 'NONE', ( #5794, #640, #4331, #1913 ) ) ;
#5730 = DIRECTION ( 'NONE',  ( 0.000000000000000000, -1.000000000000000000, 0.000000000000000000 ) ) ;
#5731 = DIRECTION ( 'NONE',  ( -1.734723475976805517E-15, -0.000000000000000000, -1.000000000000000000 ) ) ;
#5732 = AXIS2_PLACEMENT_3D ( 'NONE', #7124, #3740, #7046 ) ;
#5733 = VECTOR ( 'NONE', #6288, 1000.000000000000000 ) ;
#5734 = ORIENTED_EDGE ( 'NONE', *, *, #2863, .T. ) ;
#5735 = VERTEX_POINT ( 'NONE', #3643 ) ;
#5736 = EDGE_CURVE ( 'NONE', #412, #2619, #1750, .T. ) ;
#5737 = DIRECTION ( 'NONE',  ( 0.000000000000000000, 0.000000000000000000, -1.000000000000000000 ) ) ;
#5738 = DIRECTION ( 'NONE',  ( -0.000000000000000000, 1.000000000000000000, 0.000000000000000000 ) ) ;
#5739 = DIRECTION ( 'NONE',  ( -0.000000000000000000, 1.000000000000000000, 0.000000000000000000 ) ) ;
#5740 = CARTESIAN_POINT ( 'NONE',  ( 14.90000000000000391, -0.2000000000000000111, -41.30000000000002558 ) ) ;
#5741 = DIRECTION ( 'NONE',  ( -1.000000000000000000, 0.000000000000000000, -0.000000000000000000 ) ) ;
#5742 = CARTESIAN_POINT ( 'NONE',  ( 0.000000000000000000, 0.000000000000000000, -7.000000000000000000 ) ) ;
#5743 = DIRECTION ( 'NONE',  ( 0.000000000000000000, 0.000000000000000000, -1.000000000000000000 ) ) ;
#5744 = ORIENTED_EDGE ( 'NONE', *, *, #6427, .F. ) ;
#5745 = ORIENTED_EDGE ( 'NONE', *, *, #991, .T. ) ;
#5746 = ADVANCED_FACE ( 'NONE', ( #6634 ), #4993, .F. ) ;
#5747 = VERTEX_POINT ( 'NONE', #1541 ) ;
#5748 = DIRECTION ( 'NONE',  ( -1.000000000000000000, 0.000000000000000000, -0.000000000000000000 ) ) ;
#5749 = CARTESIAN_POINT ( 'NONE',  ( 31.99999999999999289, -0.3999999999999999667, -68.09999999999998010 ) ) ;
#5750 = CARTESIAN_POINT ( 'NONE',  ( 31.22000000000000597, -0.2999999999999999889, -71.09999999999999432 ) ) ;
#5751 = LINE ( 'NONE', #109, #4503 ) ;
#5752 = ORIENTED_EDGE ( 'NONE', *, *, #5476, .T. ) ;
#5753 = ORIENTED_EDGE ( 'NONE', *, *, #1531, .F. ) ;
#5754 = CARTESIAN_POINT ( 'NONE',  ( 6.000000000000031086, -0.1000000000000000056, -41.29999999999999716 ) ) ;
#5755 = CARTESIAN_POINT ( 'NONE',  ( 29.69999999999998153, 0.1000000000000000056, -63.34999999999998721 ) ) ;
#5756 = APPROVAL ( #6865, '未指定' ) ;
#5757 = EDGE_CURVE ( 'NONE', #4409, #5957, #3166, .T. ) ;
#5758 = CARTESIAN_POINT ( 'NONE',  ( 46.79999999999999716, -0.7999999999999999334, -53.29999999999997584 ) ) ;
#5759 = EDGE_CURVE ( 'NONE', #5907, #6245, #5658, .T. ) ;
#5760 = LINE ( 'NONE', #1330, #578 ) ;
#5761 = AXIS2_PLACEMENT_3D ( 'NONE', #6477, #3763, #908 ) ;
#5762 = VECTOR ( 'NONE', #5810, 1000.000000000000000 ) ;
#5763 = ORIENTED_EDGE ( 'NONE', *, *, #6046, .F. ) ;
#5764 = EDGE_CURVE ( 'NONE', #1635, #6061, #4953, .T. ) ;
#5765 = AXIS2_PLACEMENT_3D ( 'NONE', #2864, #2074, #417 ) ;
#5766 = CIRCLE ( 'NONE', #895, 0.5000000000000004441 ) ;
#5767 = CARTESIAN_POINT ( 'NONE',  ( 29.46000000000000796, -0.2999999999999999889, -69.09999999999999432 ) ) ;
#5768 = CARTESIAN_POINT ( 'NONE',  ( 24.39999999999998792, -0.1000000000000000056, -65.90000000000001990 ) ) ;
#5769 = ORIENTED_EDGE ( 'NONE', *, *, #7255, .T. ) ;
#5770 = VECTOR ( 'NONE', #3711, 1000.000000000000000 ) ;
#5771 = ADVANCED_FACE ( 'NONE', ( #7258 ), #2649, .F. ) ;
#5772 = CARTESIAN_POINT ( 'NONE',  ( 27.99999999999998579, -0.3000000000000000444, -70.90000000000001990 ) ) ;
#5773 = PLANE ( 'NONE',  #1144 ) ;
#5774 = CLOSED_SHELL ( 'NONE', ( #2087, #1555, #3076, #5862, #3781, #5343, #1071, #5663, #5570, #734 ) ) ;
#5775 = CARTESIAN_POINT ( 'NONE',  ( 29.76000000000000512, -0.3999999999999999667, -71.09999999999999432 ) ) ;
#5776 = CYLINDRICAL_SURFACE ( 'NONE', #1883, 4.000000000000000000 ) ;
#5777 = DIRECTION ( 'NONE',  ( -0.000000000000000000, 1.000000000000000000, -0.000000000000000000 ) ) ;
#5778 = VECTOR ( 'NONE', #5257, 1000.000000000000000 ) ;
#5779 = DIRECTION ( 'NONE',  ( -1.000000000000000000, -0.000000000000000000, -0.000000000000000000 ) ) ;
#5780 = VERTEX_POINT ( 'NONE', #3880 ) ;
#5781 = ORIENTED_EDGE ( 'NONE', *, *, #3010, .T. ) ;
#5782 = VECTOR ( 'NONE', #6118, 1000.000000000000000 ) ;
#5783 = ORIENTED_EDGE ( 'NONE', *, *, #1717, .T. ) ;
#5784 = AXIS2_PLACEMENT_3D ( 'NONE', #5114, #2246, #1694 ) ;
#5785 = CARTESIAN_POINT ( 'NONE',  ( 29.99999999999997868, -0.2000000000000000111, -59.04999999999999716 ) ) ;
#5786 = CARTESIAN_POINT ( 'NONE',  ( 0.000000000000000000, -0.3999999999999999667, -48.59999999999999432 ) ) ;
#5787 = LINE ( 'NONE', #2182, #1993 ) ;
#5788 = DATE_AND_TIME ( #3481, #2235 ) ;
#5789 = EDGE_CURVE ( 'NONE', #1383, #4410, #5470, .T. ) ;
#5790 = CARTESIAN_POINT ( 'NONE',  ( 46.39999999999999858, -0.3999999999999999667, -48.59999999999999432 ) ) ;
#5791 = LINE ( 'NONE', #2996, #224 ) ;
#5792 = VECTOR ( 'NONE', #6570, 1000.000000000000000 ) ;
#5793 = VERTEX_POINT ( 'NONE', #3803 ) ;
#5794 = ORIENTED_EDGE ( 'NONE', *, *, #451, .T. ) ;
#5795 = FACE_OUTER_BOUND ( 'NONE', #4527, .T. ) ;
#5796 = DIRECTION ( 'NONE',  ( 0.000000000000000000, -0.000000000000000000, -1.000000000000000000 ) ) ;
#5797 = PLANE ( 'NONE',  #5406 ) ;
#5798 = CARTESIAN_POINT ( 'NONE',  ( 49.69999999999999574, -0.5000000000000000000, -54.09999999999998010 ) ) ;
#5799 = AXIS2_PLACEMENT_3D ( 'NONE', #4358, #2014, #3165 ) ;
#5800 = ORIENTED_EDGE ( 'NONE', *, *, #2940, .F. ) ;
#5801 = VERTEX_POINT ( 'NONE', #7143 ) ;
#5802 = EDGE_CURVE ( 'NONE', #192, #1553, #1163, .T. ) ;
#5803 = VECTOR ( 'NONE', #2244, 1000.000000000000000 ) ;
#5804 = LINE ( 'NONE', #783, #1923 ) ;
#5805 = DIRECTION ( 'NONE',  ( -0.000000000000000000, -1.000000000000000000, -0.000000000000000000 ) ) ;
#5806 = VECTOR ( 'NONE', #2327, 1000.000000000000000 ) ;
#5807 = ORIENTED_EDGE ( 'NONE', *, *, #6505, .F. ) ;
#5808 = EDGE_CURVE ( 'NONE', #4575, #5134, #3629, .T. ) ;
#5809 = AXIS2_PLACEMENT_3D ( 'NONE', #4887, #4328, #439 ) ;
#5810 = DIRECTION ( 'NONE',  ( 1.000000000000000000, 0.000000000000000000, 0.000000000000000000 ) ) ;
#5811 = DIRECTION ( 'NONE',  ( -1.156482317317870344E-15, -0.000000000000000000, 1.000000000000000000 ) ) ;
#5812 = DIRECTION ( 'NONE',  ( -0.000000000000000000, -1.000000000000000000, -0.000000000000000000 ) ) ;
#5813 = DIRECTION ( 'NONE',  ( -1.734723475976805517E-15, -0.000000000000000000, -1.000000000000000000 ) ) ;
#5814 = ADVANCED_FACE ( 'NONE', ( #6070 ), #910, .T. ) ;
#5815 = CARTESIAN_POINT ( 'NONE',  ( 19.27000000000000313, -0.5000000000000000000, -44.29999999999999716 ) ) ;
#5816 = EDGE_LOOP ( 'NONE', ( #1107, #729, #4870, #810 ) ) ;
#5817 = ORIENTED_EDGE ( 'NONE', *, *, #4320, .T. ) ;
#5818 = CARTESIAN_POINT ( 'NONE',  ( 24.99999999999999645, -0.5000000000000000000, -47.59999999999998721 ) ) ;
#5819 = DIRECTION ( 'NONE',  ( 1.000000000000000000, 0.000000000000000000, -0.000000000000000000 ) ) ;
#5820 = LINE ( 'NONE', #5786, #177 ) ;
#5821 = CARTESIAN_POINT ( 'NONE',  ( 25.74999999999998579, 0.1000000000000000056, -59.39999999999999858 ) ) ;
#5822 = FACE_OUTER_BOUND ( 'NONE', #6048, .T. ) ;
#5823 = CARTESIAN_POINT ( 'NONE',  ( 29.69999999999998153, -0.1000000000000000056, -63.34999999999998721 ) ) ;
#5824 = ORIENTED_EDGE ( 'NONE', *, *, #6453, .T. ) ;
#5825 = EDGE_CURVE ( 'NONE', #745, #1663, #5891, .T. ) ;
#5826 = EDGE_LOOP ( 'NONE', ( #1904, #4553, #5945, #6463 ) ) ;
#5827 = CARTESIAN_POINT ( 'NONE',  ( 49.04999999999999716, -0.7999999999999999334, 0.000000000000000000 ) ) ;
#5828 = DIRECTION ( 'NONE',  ( -0.000000000000000000, -1.000000000000000000, -0.000000000000000000 ) ) ;
#5829 = DIRECTION ( 'NONE',  ( 0.000000000000000000, 0.000000000000000000, -1.000000000000000000 ) ) ;
#5830 = DIRECTION ( 'NONE',  ( 0.000000000000000000, 0.000000000000000000, -1.000000000000000000 ) ) ;
#5831 = VERTEX_POINT ( 'NONE', #2201 ) ;
#5832 = ORIENTED_EDGE ( 'NONE', *, *, #2089, .T. ) ;
#5833 = LINE ( 'NONE', #6424, #3824 ) ;
#5834 = DIRECTION ( 'NONE',  ( -2.216899010832982115E-16, 0.000000000000000000, 1.000000000000000000 ) ) ;
#5835 = PRODUCT_RELATED_PRODUCT_CATEGORY ( 'detail', '', ( #7180 ) ) ;
#5836 = ORIENTED_EDGE ( 'NONE', *, *, #2595, .F. ) ;
#5837 = ORIENTED_EDGE ( 'NONE', *, *, #379, .F. ) ;
#5838 = VECTOR ( 'NONE', #6531, 1000.000000000000000 ) ;
#5839 = CIRCLE ( 'NONE', #2633, 0.5000000000000004441 ) ;
#5840 = PLANE ( 'NONE',  #5277 ) ;
#5841 = CYLINDRICAL_SURFACE ( 'NONE', #4917, 0.5000000000000004441 ) ;
#5842 = DIRECTION ( 'NONE',  ( -0.000000000000000000, 1.000000000000000000, -0.000000000000000000 ) ) ;
#5843 = EDGE_CURVE ( 'NONE', #7093, #340, #429, .T. ) ;
#5844 = EDGE_CURVE ( 'NONE', #5338, #3218, #6668, .T. ) ;
#5845 = FACE_OUTER_BOUND ( 'NONE', #1419, .T. ) ;
#5846 = ADVANCED_FACE ( 'NONE', ( #1579 ), #3837, .F. ) ;
#5847 = ORIENTED_EDGE ( 'NONE', *, *, #3986, .T. ) ;
#5848 = ORIENTED_EDGE ( 'NONE', *, *, #1986, .F. ) ;
#5849 = EDGE_CURVE ( 'NONE', #4648, #7303, #1025, .T. ) ;
#5850 = LINE ( 'NONE', #763, #4866 ) ;
#5851 = DIRECTION ( 'NONE',  ( -1.000000000000000000, -0.000000000000000000, -0.000000000000000000 ) ) ;
#5852 = DIRECTION ( 'NONE',  ( 0.000000000000000000, 0.000000000000000000, -1.000000000000000000 ) ) ;
#5853 = PLANE ( 'NONE',  #4831 ) ;
#5854 = DIRECTION ( 'NONE',  ( 0.000000000000000000, 0.000000000000000000, -1.000000000000000000 ) ) ;
#5855 = LINE ( 'NONE', #1355, #7103 ) ;
#5856 = ORIENTED_EDGE ( 'NONE', *, *, #2662, .T. ) ;
#5857 = ORIENTED_EDGE ( 'NONE', *, *, #7036, .F. ) ;
#5858 = LINE ( 'NONE', #114, #5048 ) ;
#5859 = LINE ( 'NONE', #3559, #3350 ) ;
#5860 = CARTESIAN_POINT ( 'NONE',  ( 24.99999999999999645, -0.3999999999999999667, 0.000000000000000000 ) ) ;
#5861 = LINE ( 'NONE', #779, #818 ) ;
#5862 = ADVANCED_FACE ( 'NONE', ( #6589 ), #5549, .F. ) ;
#5863 = EDGE_LOOP ( 'NONE', ( #4459, #6709, #1985, #53 ) ) ;
#5864 = LINE ( 'NONE', #1925, #2514 ) ;
#5865 = DIRECTION ( 'NONE',  ( 0.000000000000000000, 0.000000000000000000, 1.000000000000000000 ) ) ;
#5866 = AXIS2_PLACEMENT_3D ( 'NONE', #766, #2324, #3550 ) ;
#5867 = CARTESIAN_POINT ( 'NONE',  ( 31.99999999999999289, -0.5000000000000000000, -68.09999999999998010 ) ) ;
#5868 = EDGE_CURVE ( 'NONE', #2797, #5831, #1459, .T. ) ;
#5869 = VERTEX_POINT ( 'NONE', #6260 ) ;
#5870 = ORIENTED_EDGE ( 'NONE', *, *, #4558, .F. ) ;
#5871 = VECTOR ( 'NONE', #1139, 1000.000000000000000 ) ;
#5872 = B_SPLINE_SURFACE_WITH_KNOTS ( 'NONE', 2, 1, ( 
 ( #3405, #2924 ),
 ( #1319, #6964 ),
 ( #2888, #3579 ) ),
 .UNSPECIFIED., .F., .F., .F.,
 ( 3, 3 ),
 ( 2, 2 ),
 ( 0.000000000000000000, 1.000000000000000000 ),
 ( 0.000000000000000000, 1.000000000000000000 ),
 .UNSPECIFIED. ) ;
#5873 = PLANE ( 'NONE',  #7172 ) ;
#5874 = DIRECTION ( 'NONE',  ( 1.000000000000000000, 0.000000000000000000, 0.000000000000000000 ) ) ;
#5875 = LINE ( 'NONE', #4239, #1292 ) ;
#5876 = CARTESIAN_POINT ( 'NONE',  ( 24.99999999999999645, -0.5000000000000000000, 0.000000000000000000 ) ) ;
#5877 = VECTOR ( 'NONE', #381, 1000.000000000000000 ) ;
#5878 = VERTEX_POINT ( 'NONE', #1337 ) ;
#5879 = ORIENTED_EDGE ( 'NONE', *, *, #7077, .F. ) ;
#5880 = EDGE_CURVE ( 'NONE', #4304, #4750, #5541, .T. ) ;
#5881 = EDGE_CURVE ( 'NONE', #662, #1018, #5146, .T. ) ;
#5882 = CYLINDRICAL_SURFACE ( 'NONE', #6508, 0.5000000000000004441 ) ;
#5883 = DIRECTION ( 'NONE',  ( 4.956352788505149463E-16, -0.000000000000000000, 1.000000000000000000 ) ) ;
#5884 = VECTOR ( 'NONE', #4665, 1000.000000000000000 ) ;
#5885 = CARTESIAN_POINT ( 'NONE',  ( 12.00000000000000533, -0.4000000000000000222, -41.29999999999999716 ) ) ;
#5886 = CARTESIAN_POINT ( 'NONE',  ( 33.69999999999999574, 1.500000000000000666, -4.071067811865479946 ) ) ;
#5887 = DIRECTION ( 'NONE',  ( 0.000000000000000000, 0.000000000000000000, 1.000000000000000000 ) ) ;
#5888 = DIRECTION ( 'NONE',  ( 0.000000000000000000, 0.000000000000000000, -1.000000000000000000 ) ) ;
#5889 = VECTOR ( 'NONE', #3431, 1000.000000000000000 ) ;
#5890 = VERTEX_POINT ( 'NONE', #6818 ) ;
#5891 = CIRCLE ( 'NONE', #7331, 0.9999999999999940048 ) ;
#5892 = EDGE_LOOP ( 'NONE', ( #2945, #2813, #4161, #5428 ) ) ;
#5893 = FACE_OUTER_BOUND ( 'NONE', #7149, .T. ) ;
#5894 = LINE ( 'NONE', #843, #4056 ) ;
#5895 = DIRECTION ( 'NONE',  ( 0.000000000000000000, 1.000000000000000000, 0.000000000000000000 ) ) ;
#5896 = AXIS2_PLACEMENT_3D ( 'NONE', #2805, #587, #2845 ) ;
#5897 = DIRECTION ( 'NONE',  ( 1.000000000000000000, 0.000000000000000000, 0.000000000000000000 ) ) ;
#5898 = EDGE_CURVE ( 'NONE', #6038, #6536, #1897, .T. ) ;
#5899 = VERTEX_POINT ( 'NONE', #5074 ) ;
#5900 = ORIENTED_EDGE ( 'NONE', *, *, #2240, .T. ) ;
#5901 = CARTESIAN_POINT ( 'NONE',  ( 24.99999999999998579, -0.1000000000000000056, -70.90000000000001990 ) ) ;
#5902 = CARTESIAN_POINT ( 'NONE',  ( 19.27000000000000313, -0.4000000000000000222, -44.29999999999999716 ) ) ;
#5903 = DIRECTION ( 'NONE',  ( 1.000000000000000000, 0.000000000000000000, 3.469446951953620105E-15 ) ) ;
#5904 = DIRECTION ( 'NONE',  ( 0.000000000000000000, 0.000000000000000000, 1.000000000000000000 ) ) ;
#5905 = ORIENTED_EDGE ( 'NONE', *, *, #6836, .T. ) ;
#5906 = ORIENTED_EDGE ( 'NONE', *, *, #3223, .F. ) ;
#5907 = VERTEX_POINT ( 'NONE', #7339 ) ;
#5908 = AXIS2_PLACEMENT_3D ( 'NONE', #2343, #1822, #2487 ) ;
#5909 = EDGE_CURVE ( 'NONE', #5679, #924, #329, .T. ) ;
#5910 = FACE_OUTER_BOUND ( 'NONE', #6638, .T. ) ;
#5911 = VECTOR ( 'NONE', #6975, 1000.000000000000000 ) ;
#5912 = PLANE ( 'NONE',  #5276 ) ;
#5913 = CARTESIAN_POINT ( 'NONE',  ( 29.69999999999998153, 0.1000000000000000056, -64.84999999999999432 ) ) ;
#5914 = LINE ( 'NONE', #7025, #1382 ) ;
#5915 = VERTEX_POINT ( 'NONE', #5703 ) ;
#5916 = ORIENTED_EDGE ( 'NONE', *, *, #3965, .T. ) ;
#5917 = VECTOR ( 'NONE', #6592, 1000.000000000000000 ) ;
#5918 = CARTESIAN_POINT ( 'NONE',  ( 19.27000000000000313, -0.4000000000000000222, -41.29999999999999716 ) ) ;
#5919 = LINE ( 'NONE', #6410, #782 ) ;
#5920 = LINE ( 'NONE', #1980, #3130 ) ;
#5921 = CARTESIAN_POINT ( 'NONE',  ( 15.89999999999998082, -0.1000000000000000056, -43.29999999999999716 ) ) ;
#5922 = CARTESIAN_POINT ( 'NONE',  ( 0.000000000000000000, 0.5000000000000000000, -6.999999999999999112 ) ) ;
#5923 = CYLINDRICAL_SURFACE ( 'NONE', #7336, 4.000000000000000000 ) ;
#5924 = VERTEX_POINT ( 'NONE', #752 ) ;
#5925 = ORIENTED_EDGE ( 'NONE', *, *, #6999, .F. ) ;
#5926 = CARTESIAN_POINT ( 'NONE',  ( 7.000000000000000000, 1.500000000000000000, -7.000000000000000000 ) ) ;
#5927 = CARTESIAN_POINT ( 'NONE',  ( 26.49999999999998934, -0.3000000000000000444, -70.90000000000001990 ) ) ;
#5928 = CARTESIAN_POINT ( 'NONE',  ( 28.19999999999999218, -0.2000000000000000111, -67.40000000000001990 ) ) ;
#5929 = CARTESIAN_POINT ( 'NONE',  ( 27.24999999999998934, 0.000000000000000000, -70.90000000000001990 ) ) ;
#5930 = EDGE_CURVE ( 'NONE', #3886, #5708, #58, .T. ) ;
#5931 = ORIENTED_EDGE ( 'NONE', *, *, #832, .F. ) ;
#5932 = EDGE_CURVE ( 'NONE', #4181, #3422, #5309, .T. ) ;
#5933 = ORIENTED_EDGE ( 'NONE', *, *, #6398, .T. ) ;
#5934 = CARTESIAN_POINT ( 'NONE',  ( 49.04999999999999716, -0.5000000000000000000, -48.09999999999998010 ) ) ;
#5935 = EDGE_CURVE ( 'NONE', #6684, #5486, #5668, .T. ) ;
#5936 = DIRECTION ( 'NONE',  ( 0.000000000000000000, -1.000000000000000000, 0.000000000000000000 ) ) ;
#5937 = CARTESIAN_POINT ( 'NONE',  ( 17.84999999999999787, 1.500000000000000444, -41.60000000000000142 ) ) ;
#5938 = DIRECTION ( 'NONE',  ( -1.734723475976807834E-16, 0.000000000000000000, 1.000000000000000000 ) ) ;
#5939 = ORIENTED_EDGE ( 'NONE', *, *, #4652, .T. ) ;
#5940 = ORIENTED_EDGE ( 'NONE', *, *, #6211, .F. ) ;
#5941 = EDGE_LOOP ( 'NONE', ( #1613, #239, #2446, #5513 ) ) ;
#5942 = CARTESIAN_POINT ( 'NONE',  ( 28.09999999999998010, -0.1000000000000000056, -64.84999999999999432 ) ) ;
#5943 = DIRECTION ( 'NONE',  ( 0.000000000000000000, 0.000000000000000000, -1.000000000000000000 ) ) ;
#5944 = PLANE ( 'NONE',  #3064 ) ;
#5945 = ORIENTED_EDGE ( 'NONE', *, *, #3655, .F. ) ;
#5946 = EDGE_CURVE ( 'NONE', #5899, #5995, #3046, .T. ) ;
#5947 = AXIS2_PLACEMENT_3D ( 'NONE', #2583, #4849, #7117 ) ;
#5948 = VERTEX_POINT ( 'NONE', #4476 ) ;
#5949 = DIRECTION ( 'NONE',  ( 0.000000000000000000, 0.000000000000000000, -1.000000000000000000 ) ) ;
#5950 = DIRECTION ( 'NONE',  ( 0.000000000000000000, 0.000000000000000000, -1.000000000000000000 ) ) ;
#5951 = CARTESIAN_POINT ( 'NONE',  ( 29.99999999999997868, -0.2000000000000000111, -58.54999999999999716 ) ) ;
#5952 = CARTESIAN_POINT ( 'NONE',  ( 49.69999999999999574, -0.3999999999999999667, -54.09999999999998010 ) ) ;
#5953 = VECTOR ( 'NONE', #6802, 1000.000000000000000 ) ;
#5954 = DIRECTION ( 'NONE',  ( 0.000000000000000000, 0.000000000000000000, 1.000000000000000000 ) ) ;
#5955 = CARTESIAN_POINT ( 'NONE',  ( 25.74999999999998579, 0.1000000000000000056, -62.40000000000000568 ) ) ;
#5956 = EDGE_CURVE ( 'NONE', #2506, #799, #4481, .T. ) ;
#5957 = VERTEX_POINT ( 'NONE', #6858 ) ;
#5958 = ORIENTED_EDGE ( 'NONE', *, *, #5135, .T. ) ;
#5959 = EDGE_LOOP ( 'NONE', ( #6144, #3686, #788, #455 ) ) ;
#5960 = CYLINDRICAL_SURFACE ( 'NONE', #6371, 7.000000000000000000 ) ;
#5961 = FACE_OUTER_BOUND ( 'NONE', #4392, .T. ) ;
#5962 = FACE_OUTER_BOUND ( 'NONE', #5959, .T. ) ;
#5963 = FACE_OUTER_BOUND ( 'NONE', #5682, .T. ) ;
#5964 = ORIENTED_EDGE ( 'NONE', *, *, #6936, .F. ) ;
#5965 = ORIENTED_EDGE ( 'NONE', *, *, #596, .F. ) ;
#5966 = DIRECTION ( 'NONE',  ( 0.000000000000000000, 0.000000000000000000, -1.000000000000000000 ) ) ;
#5967 = ADVANCED_FACE ( 'NONE', ( #2879 ), #3471, .F. ) ;
#5968 = EDGE_CURVE ( 'NONE', #2707, #433, #447, .T. ) ;
#5969 = LINE ( 'NONE', #3221, #1699 ) ;
#5970 = DIRECTION ( 'NONE',  ( 0.000000000000000000, 0.000000000000000000, -1.000000000000000000 ) ) ;
#5971 = DIRECTION ( 'NONE',  ( -0.000000000000000000, 1.000000000000000000, -0.000000000000000000 ) ) ;
#5972 = ORIENTED_EDGE ( 'NONE', *, *, #3120, .T. ) ;
#5973 = EDGE_CURVE ( 'NONE', #6208, #3421, #2452, .T. ) ;
#5974 = ORIENTED_EDGE ( 'NONE', *, *, #3632, .F. ) ;
#5975 = ORIENTED_EDGE ( 'NONE', *, *, #5010, .F. ) ;
#5976 = LINE ( 'NONE', #7131, #75 ) ;
#5977 = CARTESIAN_POINT ( 'NONE',  ( 30.19000000000000838, -0.2999999999999999889, -71.09999999999999432 ) ) ;
#5978 = DIRECTION ( 'NONE',  ( 1.000000000000000000, -0.000000000000000000, 0.000000000000000000 ) ) ;
#5979 = VERTEX_POINT ( 'NONE', #4711 ) ;
#5980 = EDGE_CURVE ( 'NONE', #1521, #4423, #6783, .T. ) ;
#5981 = AXIS2_PLACEMENT_3D ( 'NONE', #5177, #6885, #5585 ) ;
#5982 = VECTOR ( 'NONE', #862, 1000.000000000000000 ) ;
#5983 = VERTEX_POINT ( 'NONE', #3920 ) ;
#5984 = VERTEX_POINT ( 'NONE', #6185 ) ;
#5985 = CARTESIAN_POINT ( 'NONE',  ( 49.04999999999999716, -0.5000000000000000000, -53.59999999999998010 ) ) ;
#5986 = DIRECTION ( 'NONE',  ( 0.000000000000000000, 0.000000000000000000, 1.000000000000000000 ) ) ;
#5987 = DIRECTION ( 'NONE',  ( 1.000000000000000000, -0.000000000000000000, -0.000000000000000000 ) ) ;
#5988 = CIRCLE ( 'NONE', #5765, 6.999999999999995559 ) ;
#5989 = VECTOR ( 'NONE', #5834, 1000.000000000000000 ) ;
#5990 = LINE ( 'NONE', #5469, #5681 ) ;
#5991 = CARTESIAN_POINT ( 'NONE',  ( 28.70000000000000284, 0.5000000000000000000, -36.60000000000000142 ) ) ;
#5992 = DIRECTION ( 'NONE',  ( 1.000000000000000000, 0.000000000000000000, 0.000000000000000000 ) ) ;
#5993 = DIRECTION ( 'NONE',  ( -0.000000000000000000, -1.000000000000000000, -0.000000000000000000 ) ) ;
#5994 = VERTEX_POINT ( 'NONE', #1103 ) ;
#5995 = VERTEX_POINT ( 'NONE', #3356 ) ;
#5996 = CIRCLE ( 'NONE', #1960, 0.5000000000000004441 ) ;
#5997 = CIRCLE ( 'NONE', #6596, 4.000000000000000000 ) ;
#5998 = EDGE_LOOP ( 'NONE', ( #300, #3105, #1185, #4805 ) ) ;
#5999 = DIRECTION ( 'NONE',  ( 1.000000000000000000, 0.000000000000000000, -1.734723475976805517E-15 ) ) ;
#6000 = ADVANCED_FACE ( 'NONE', ( #5625 ), #541, .T. ) ;
#6001 = DIRECTION ( 'NONE',  ( 0.000000000000000000, 0.000000000000000000, -1.000000000000000000 ) ) ;
#6002 = CLOSED_SHELL ( 'NONE', ( #4995, #2618, #1373, #4202, #2851, #637 ) ) ;
#6003 = CARTESIAN_POINT ( 'NONE',  ( 29.99999999999997868, -0.2000000000000000111, -65.54999999999998295 ) ) ;
#6004 = DIRECTION ( 'NONE',  ( -1.000000000000000000, 0.000000000000000000, 0.000000000000000000 ) ) ;
#6005 = VECTOR ( 'NONE', #5813, 1000.000000000000000 ) ;
#6006 = ORIENTED_EDGE ( 'NONE', *, *, #3004, .T. ) ;
#6007 = AXIS2_PLACEMENT_3D ( 'NONE', #6790, #4521, #3363 ) ;
#6008 = ORIENTED_EDGE ( 'NONE', *, *, #5056, .T. ) ;
#6009 = LINE ( 'NONE', #1473, #6073 ) ;
#6010 = VECTOR ( 'NONE', #2555, 1000.000000000000000 ) ;
#6011 = LINE ( 'NONE', #6651, #3949 ) ;
#6012 = CARTESIAN_POINT ( 'NONE',  ( 6.999999999999999112, 0.5000000000000000000, -43.60000000000000142 ) ) ;
#6013 = DIRECTION ( 'NONE',  ( 0.000000000000000000, -0.000000000000000000, -1.000000000000000000 ) ) ;
#6014 = ORIENTED_EDGE ( 'NONE', *, *, #3617, .F. ) ;
#6015 = EDGE_LOOP ( 'NONE', ( #6312, #4446, #5370, #1958 ) ) ;
#6016 = AXIS2_PLACEMENT_3D ( 'NONE', #4549, #3996, #1212 ) ;
#6017 = ORIENTED_EDGE ( 'NONE', *, *, #6522, .T. ) ;
#6018 = EDGE_CURVE ( 'NONE', #4322, #2415, #24, .T. ) ;
#6019 = DIRECTION ( 'NONE',  ( 0.000000000000000000, 1.000000000000000000, 0.000000000000000000 ) ) ;
#6020 = FACE_OUTER_BOUND ( 'NONE', #1584, .T. ) ;
#6021 = CARTESIAN_POINT ( 'NONE',  ( 12.60000000000000497, -0.4000000000000000222, -41.29999999999999716 ) ) ;
#6022 = AXIS2_PLACEMENT_3D ( 'NONE', #2918, #131, #1732 ) ;
#6023 = EDGE_CURVE ( 'NONE', #382, #7343, #2068, .T. ) ;
#6024 = ORIENTED_EDGE ( 'NONE', *, *, #4029, .F. ) ;
#6025 = AXIS2_PLACEMENT_3D ( 'NONE', #3741, #6533, #4856 ) ;
#6026 = EDGE_CURVE ( 'NONE', #2422, #2206, #3111, .T. ) ;
#6027 = VERTEX_POINT ( 'NONE', #3079 ) ;
#6028 = VERTEX_POINT ( 'NONE', #5344 ) ;
#6029 = DIRECTION ( 'NONE',  ( -0.000000000000000000, -1.000000000000000000, -0.000000000000000000 ) ) ;
#6030 = CARTESIAN_POINT ( 'NONE',  ( 46.89999999999999858, -0.2999999999999999889, -54.09999999999998010 ) ) ;
#6031 = EDGE_CURVE ( 'NONE', #2823, #4609, #3145, .T. ) ;
#6032 = AXIS2_PLACEMENT_3D ( 'NONE', #6403, #5812, #163 ) ;
#6033 = DIRECTION ( 'NONE',  ( -0.000000000000000000, 1.000000000000000000, -0.000000000000000000 ) ) ;
#6034 = FACE_OUTER_BOUND ( 'NONE', #1946, .T. ) ;
#6035 = DIRECTION ( 'NONE',  ( 4.956352788505163268E-16, 0.000000000000000000, -1.000000000000000000 ) ) ;
#6036 = CARTESIAN_POINT ( 'NONE',  ( 0.000000000000000000, -0.2999999999999999889, 0.000000000000000000 ) ) ;
#6037 = CARTESIAN_POINT ( 'NONE',  ( 30.19000000000000838, -0.3999999999999999667, -69.09999999999999432 ) ) ;
#6038 = VERTEX_POINT ( 'NONE', #1963 ) ;
#6039 = ORIENTED_EDGE ( 'NONE', *, *, #3923, .T. ) ;
#6040 = ORIENTED_EDGE ( 'NONE', *, *, #2000, .T. ) ;
#6041 = CARTESIAN_POINT ( 'NONE',  ( 27.54999999999999005, -0.3000000000000000444, -68.90000000000001990 ) ) ;
#6042 = DIRECTION ( 'NONE',  ( -0.000000000000000000, 1.000000000000000000, -0.000000000000000000 ) ) ;
#6043 = DIRECTION ( 'NONE',  ( -1.000000000000000000, 0.000000000000000000, -0.000000000000000000 ) ) ;
#6044 = FACE_OUTER_BOUND ( 'NONE', #5611, .T. ) ;
#6045 = EDGE_LOOP ( 'NONE', ( #4193, #2004, #6446, #4978 ) ) ;
#6046 = EDGE_CURVE ( 'NONE', #7093, #256, #932, .T. ) ;
#6047 = EDGE_CURVE ( 'NONE', #2381, #5066, #4266, .T. ) ;
#6048 = EDGE_LOOP ( 'NONE', ( #529, #7186, #3283, #1127 ) ) ;
#6049 = DIRECTION ( 'NONE',  ( 0.000000000000000000, 0.000000000000000000, -1.000000000000000000 ) ) ;
#6050 = LINE ( 'NONE', #1476, #2997 ) ;
#6051 = FACE_OUTER_BOUND ( 'NONE', #6254, .T. ) ;
#6052 = FACE_OUTER_BOUND ( 'NONE', #3341, .T. ) ;
#6053 = EDGE_CURVE ( 'NONE', #4001, #1562, #2570, .T. ) ;
#6054 = ORIENTED_EDGE ( 'NONE', *, *, #4865, .T. ) ;
#6055 = ORIENTED_EDGE ( 'NONE', *, *, #3851, .F. ) ;
#6056 = VERTEX_POINT ( 'NONE', #263 ) ;
#6057 = DIRECTION ( 'NONE',  ( 0.000000000000000000, -1.000000000000000000, 0.000000000000000000 ) ) ;
#6058 = ADVANCED_FACE ( 'NONE', ( #6052 ), #3787, .T. ) ;
#6059 = CARTESIAN_POINT ( 'NONE',  ( 23.99999999999998579, -0.2000000000000000111, -65.50000000000001421 ) ) ;
#6060 = CARTESIAN_POINT ( 'NONE',  ( 2.000000000000000888, -1.500000000000000000, -6.000000000000026645 ) ) ;
#6061 = VERTEX_POINT ( 'NONE', #338 ) ;
#6062 = ORIENTED_EDGE ( 'NONE', *, *, #3851, .T. ) ;
#6063 = VERTEX_POINT ( 'NONE', #2631 ) ;
#6064 = EDGE_CURVE ( 'NONE', #4971, #4409, #4782, .T. ) ;
#6065 = CARTESIAN_POINT ( 'NONE',  ( 29.69999999999998153, -0.1000000000000000056, -64.84999999999999432 ) ) ;
#6066 = EDGE_CURVE ( 'NONE', #3072, #4661, #7050, .T. ) ;
#6067 = CARTESIAN_POINT ( 'NONE',  ( 32.49999999999999289, -0.5000000000000000000, -68.09999999999998010 ) ) ;
#6068 = EDGE_CURVE ( 'NONE', #6354, #3827, #2594, .T. ) ;
#6069 = DIRECTION ( 'NONE',  ( 0.000000000000000000, 0.000000000000000000, 1.000000000000000000 ) ) ;
#6070 = FACE_OUTER_BOUND ( 'NONE', #1338, .T. ) ;
#6071 = LINE ( 'NONE', #282, #3277 ) ;
#6072 = CARTESIAN_POINT ( 'NONE',  ( 25.09999999999998010, 0.1000000000000000056, -63.34999999999998721 ) ) ;
#6073 = VECTOR ( 'NONE', #293, 1000.000000000000000 ) ;
#6074 = EDGE_LOOP ( 'NONE', ( #1, #761, #4270, #6542 ) ) ;
#6075 = EDGE_CURVE ( 'NONE', #4383, #7263, #7082, .T. ) ;
#6076 = ORIENTED_EDGE ( 'NONE', *, *, #497, .F. ) ;
#6077 = ORIENTED_EDGE ( 'NONE', *, *, #275, .F. ) ;
#6078 = PLANE ( 'NONE',  #6958 ) ;
#6079 = VECTOR ( 'NONE', #4529, 1000.000000000000000 ) ;
#6080 = LINE ( 'NONE', #994, #3581 ) ;
#6081 = AXIS2_PLACEMENT_3D ( 'NONE', #3381, #2233, #6775 ) ;
#6082 = DIRECTION ( 'NONE',  ( -1.000000000000000000, -0.000000000000000000, -0.000000000000000000 ) ) ;
#6083 = CARTESIAN_POINT ( 'NONE',  ( 0.8696805494382847668, 1.244639535854047629, -3.408942007540526564 ) ) ;
#6084 = LINE ( 'NONE', #3292, #5207 ) ;
#6085 = ORIENTED_EDGE ( 'NONE', *, *, #1224, .T. ) ;
#6086 = ORIENTED_EDGE ( 'NONE', *, *, #942, .F. ) ;
#6087 = ORIENTED_EDGE ( 'NONE', *, *, #6419, .T. ) ;
#6088 = LINE ( 'NONE', #2861, #6236 ) ;
#6089 = CARTESIAN_POINT ( 'NONE',  ( 27.50000000000000355, -0.5000000000000000000, -68.09999999999998010 ) ) ;
#6090 = DIRECTION ( 'NONE',  ( -0.000000000000000000, 1.000000000000000000, -0.000000000000000000 ) ) ;
#6091 = EDGE_CURVE ( 'NONE', #3677, #1265, #2001, .T. ) ;
#6092 = CARTESIAN_POINT ( 'NONE',  ( 14.90000000000000391, -0.2000000000000000111, -41.30000000000002558 ) ) ;
#6093 = VERTEX_POINT ( 'NONE', #3186 ) ;
#6094 = ORIENTED_EDGE ( 'NONE', *, *, #2031, .F. ) ;
#6095 = ORIENTED_EDGE ( 'NONE', *, *, #1801, .T. ) ;
#6096 = LINE ( 'NONE', #7212, #5641 ) ;
#6097 = EDGE_CURVE ( 'NONE', #2424, #1954, #1927, .T. ) ;
#6098 = CARTESIAN_POINT ( 'NONE',  ( 27.54999999999998295, -0.3000000000000000444, -70.90000000000001990 ) ) ;
#6099 = LINE ( 'NONE', #6541, #1735 ) ;
#6100 = ORIENTED_EDGE ( 'NONE', *, *, #3600, .T. ) ;
#6101 = ORIENTED_EDGE ( 'NONE', *, *, #5189, .F. ) ;
#6102 = ORIENTED_EDGE ( 'NONE', *, *, #1386, .T. ) ;
#6103 = DIRECTION ( 'NONE',  ( 1.000000000000000000, 0.000000000000000000, 0.000000000000000000 ) ) ;
#6104 = DIRECTION ( 'NONE',  ( 1.000000000000000000, -0.000000000000000000, -0.000000000000000000 ) ) ;
#6105 = CARTESIAN_POINT ( 'NONE',  ( 2.000000000000000888, -0.1000000000000000056, -6.000000000000028422 ) ) ;
#6106 = CARTESIAN_POINT ( 'NONE',  ( 0.000000000000000000, -0.5000000000000000000, -44.59999999999999432 ) ) ;
#6107 = PLANE ( 'NONE',  #4473 ) ;
#6108 = VECTOR ( 'NONE', #7290, 1000.000000000000000 ) ;
#6109 = VECTOR ( 'NONE', #6904, 1000.000000000000000 ) ;
#6110 = LINE ( 'NONE', #5627, #3536 ) ;
#6111 = ORIENTED_EDGE ( 'NONE', *, *, #2524, .F. ) ;
#6112 = EDGE_CURVE ( 'NONE', #5924, #7016, #4124, .T. ) ;
#6113 = ORIENTED_EDGE ( 'NONE', *, *, #4787, .T. ) ;
#6114 = EDGE_CURVE ( 'NONE', #4074, #1031, #375, .T. ) ;
#6115 = VECTOR ( 'NONE', #6147, 1000.000000000000000 ) ;
#6116 = AXIS2_PLACEMENT_3D ( 'NONE', #6213, #5694, #2752 ) ;
#6117 = ORIENTED_EDGE ( 'NONE', *, *, #3895, .F. ) ;
#6118 = DIRECTION ( 'NONE',  ( -2.775557561562888984E-15, 0.000000000000000000, 1.000000000000000000 ) ) ;
#6119 = CARTESIAN_POINT ( 'NONE',  ( 26.79999999999998650, -0.3000000000000000444, -70.90000000000001990 ) ) ;
#6120 = CARTESIAN_POINT ( 'NONE',  ( 28.74999999999998224, -0.1000000000000000056, -62.40000000000000568 ) ) ;
#6121 = DIRECTION ( 'NONE',  ( 0.000000000000000000, -1.000000000000000000, 0.000000000000000000 ) ) ;
#6122 = DIRECTION ( 'NONE',  ( -0.000000000000000000, 1.000000000000000000, 0.000000000000000000 ) ) ;
#6123 = ORIENTED_EDGE ( 'NONE', *, *, #2899, .F. ) ;
#6124 = AXIS2_PLACEMENT_3D ( 'NONE', #4093, #6365, #1277 ) ;
#6125 = ORIENTED_EDGE ( 'NONE', *, *, #279, .F. ) ;
#6126 = ADVANCED_FACE ( 'NONE', ( #6498 ), #4340, .T. ) ;
#6127 = ORIENTED_EDGE ( 'NONE', *, *, #374, .F. ) ;
#6128 = LINE ( 'NONE', #1596, #6459 ) ;
#6129 = CARTESIAN_POINT ( 'NONE',  ( 0.000000000000000000, -0.5000000000000000000, -47.09999999999998010 ) ) ;
#6130 = CARTESIAN_POINT ( 'NONE',  ( 24.49999999999998579, -0.2000000000000000111, -70.40000000000001990 ) ) ;
#6131 = EDGE_CURVE ( 'NONE', #3384, #5066, #3285, .T. ) ;
#6132 = VECTOR ( 'NONE', #7311, 1000.000000000000000 ) ;
#6133 = LINE ( 'NONE', #3977, #1048 ) ;
#6134 = CIRCLE ( 'NONE', #1035, 4.999999999999990230 ) ;
#6135 = ORIENTED_EDGE ( 'NONE', *, *, #2899, .T. ) ;
#6136 = VERTEX_POINT ( 'NONE', #823 ) ;
#6137 = ORIENTED_EDGE ( 'NONE', *, *, #3459, .T. ) ;
#6138 = AXIS2_PLACEMENT_3D ( 'NONE', #129, #1345, #1828 ) ;
#6139 = CARTESIAN_POINT ( 'NONE',  ( 24.99999999999998579, 0.000000000000000000, -68.90000000000001990 ) ) ;
#6140 = DIRECTION ( 'NONE',  ( -0.000000000000000000, 0.000000000000000000, 1.000000000000000000 ) ) ;
#6141 = AXIS2_PLACEMENT_3D ( 'NONE', #5415, #2488, #2519 ) ;
#6142 = VERTEX_POINT ( 'NONE', #3821 ) ;
#6143 = ADVANCED_FACE ( 'NONE', ( #5097 ), #1644, .F. ) ;
#6144 = ORIENTED_EDGE ( 'NONE', *, *, #2940, .T. ) ;
#6145 = ORIENTED_EDGE ( 'NONE', *, *, #5334, .T. ) ;
#6146 = CARTESIAN_POINT ( 'NONE',  ( 31.22000000000000597, -0.2999999999999999889, -71.09999999999999432 ) ) ;
#6147 = DIRECTION ( 'NONE',  ( 0.000000000000000000, 0.000000000000000000, -1.000000000000000000 ) ) ;
#6148 = DIRECTION ( 'NONE',  ( 1.000000000000000000, 0.000000000000000000, 0.000000000000000000 ) ) ;
#6149 = DIRECTION ( 'NONE',  ( 0.000000000000000000, -1.000000000000000000, 0.000000000000000000 ) ) ;
#6150 = DIRECTION ( 'NONE',  ( -0.000000000000000000, 1.000000000000000000, -0.000000000000000000 ) ) ;
#6151 = CARTESIAN_POINT ( 'NONE',  ( 29.46000000000000796, -0.2999999999999999889, -71.09999999999999432 ) ) ;
#6152 = VERTEX_POINT ( 'NONE', #2784 ) ;
#6153 = ORIENTED_EDGE ( 'NONE', *, *, #6131, .F. ) ;
#6154 = AXIS2_PLACEMENT_3D ( 'NONE', #2501, #2430, #3025 ) ;
#6155 = EDGE_LOOP ( 'NONE', ( #2698, #903, #63, #2642 ) ) ;
#6156 = LINE ( 'NONE', #1702, #5300 ) ;
#6157 = FACE_OUTER_BOUND ( 'NONE', #5816, .T. ) ;
#6158 = CARTESIAN_POINT ( 'NONE',  ( 49.29999999999999716, -0.5000000000000000000, -48.39999999999997726 ) ) ;
#6159 = LINE ( 'NONE', #5598, #1410 ) ;
#6160 = CARTESIAN_POINT ( 'NONE',  ( 49.29999999999999716, -0.7999999999999999334, -53.29999999999997584 ) ) ;
#6161 = VECTOR ( 'NONE', #5044, 1000.000000000000000 ) ;
#6162 = DIRECTION ( 'NONE',  ( 1.486905836551547896E-15, 0.000000000000000000, -1.000000000000000000 ) ) ;
#6163 = ORIENTED_EDGE ( 'NONE', *, *, #1894, .T. ) ;
#6164 = ORIENTED_EDGE ( 'NONE', *, *, #1125, .F. ) ;
#6165 = AXIS2_PLACEMENT_3D ( 'NONE', #4400, #1581, #987 ) ;
#6166 = VERTEX_POINT ( 'NONE', #6731 ) ;
#6167 = CARTESIAN_POINT ( 'NONE',  ( 29.46000000000000796, -0.2999999999999999889, -69.09999999999999432 ) ) ;
#6168 = LINE ( 'NONE', #3336, #5610 ) ;
#6169 = DIRECTION ( 'NONE',  ( 0.000000000000000000, 0.000000000000000000, 1.000000000000000000 ) ) ;
#6170 = ADVANCED_FACE ( 'NONE', ( #3375 ), #5609, .F. ) ;
#6171 = EDGE_CURVE ( 'NONE', #4948, #3115, #3756, .T. ) ;
#6172 = DIRECTION ( 'NONE',  ( 0.000000000000000000, 0.000000000000000000, 1.000000000000000000 ) ) ;
#6173 = VERTEX_POINT ( 'NONE', #1164 ) ;
#6174 = ORIENTED_EDGE ( 'NONE', *, *, #7280, .T. ) ;
#6175 = ORIENTED_EDGE ( 'NONE', *, *, #1538, .T. ) ;
#6176 = EDGE_CURVE ( 'NONE', #6565, #547, #1599, .T. ) ;
#6177 = CARTESIAN_POINT ( 'NONE',  ( 31.65000000000000568, -0.2999999999999999889, -71.09999999999999432 ) ) ;
#6178 = CARTESIAN_POINT ( 'NONE',  ( 29.49999999999999289, -0.2000000000000000111, -70.40000000000001990 ) ) ;
#6179 = VERTEX_POINT ( 'NONE', #6690 ) ;
#6180 = ORIENTED_EDGE ( 'NONE', *, *, #1344, .T. ) ;
#6181 = PLANE ( 'NONE',  #2332 ) ;
#6182 = CARTESIAN_POINT ( 'NONE',  ( 28.00000000000000711, -0.3999999999999999667, -71.09999999999999432 ) ) ;
#6183 = CARTESIAN_POINT ( 'NONE',  ( 25.59999999999998010, 0.1000000000000000056, -63.34999999999998721 ) ) ;
#6184 = FACE_OUTER_BOUND ( 'NONE', #6694, .T. ) ;
#6185 = CARTESIAN_POINT ( 'NONE',  ( 19.27000000000000313, -0.3999999999999999667, -44.29999999999999716 ) ) ;
#6186 = DIRECTION ( 'NONE',  ( 0.000000000000000000, 1.000000000000000000, 0.000000000000000000 ) ) ;
#6187 = EDGE_CURVE ( 'NONE', #3096, #3874, #3302, .T. ) ;
#6188 = CARTESIAN_POINT ( 'NONE',  ( 46.39999999999999858, -0.2999999999999999889, -54.09999999999998010 ) ) ;
#6189 = ORIENTED_EDGE ( 'NONE', *, *, #1402, .T. ) ;
#6190 = ORIENTED_EDGE ( 'NONE', *, *, #2491, .F. ) ;
#6191 = ORIENTED_EDGE ( 'NONE', *, *, #2694, .F. ) ;
#6192 = DIRECTION ( 'NONE',  ( -1.000000000000000000, 0.000000000000000000, -0.000000000000000000 ) ) ;
#6193 = CARTESIAN_POINT ( 'NONE',  ( 6.999999999999995559, 1.500000000000000444, -2.000000000000004441 ) ) ;
#6194 = CARTESIAN_POINT ( 'NONE',  ( 46.89999999999999858, -0.2999999999999999889, -54.59999999999998010 ) ) ;
#6195 =( NAMED_UNIT ( * ) SI_UNIT ( $, .STERADIAN. ) SOLID_ANGLE_UNIT ( ) );
#6196 = ADVANCED_FACE ( 'NONE', ( #6207 ), #4534, .F. ) ;
#6197 = CARTESIAN_POINT ( 'NONE',  ( 19.27000000000000313, -0.4000000000000000222, -41.29999999999999716 ) ) ;
#6198 = DIRECTION ( 'NONE',  ( 0.000000000000000000, 0.000000000000000000, 1.000000000000000000 ) ) ;
#6199 = ORIENTED_EDGE ( 'NONE', *, *, #2644, .F. ) ;
#6200 = ORIENTED_EDGE ( 'NONE', *, *, #4075, .F. ) ;
#6201 = VECTOR ( 'NONE', #3068, 1000.000000000000000 ) ;
#6202 = ORIENTED_EDGE ( 'NONE', *, *, #1475, .F. ) ;
#6203 = VECTOR ( 'NONE', #3184, 1000.000000000000000 ) ;
#6204 = DIRECTION ( 'NONE',  ( -0.000000000000000000, 1.000000000000000000, -0.000000000000000000 ) ) ;
#6205 = CARTESIAN_POINT ( 'NONE',  ( 29.49999999999999289, -0.1000000000000000056, -67.90000000000001990 ) ) ;
#6206 = DIRECTION ( 'NONE',  ( 1.000000000000000000, 0.000000000000000000, 0.000000000000000000 ) ) ;
#6207 = FACE_OUTER_BOUND ( 'NONE', #3323, .T. ) ;
#6208 = VERTEX_POINT ( 'NONE', #452 ) ;
#6209 = ORIENTED_EDGE ( 'NONE', *, *, #4351, .T. ) ;
#6210 = EDGE_CURVE ( 'NONE', #3422, #6547, #3862, .T. ) ;
#6211 = EDGE_CURVE ( 'NONE', #302, #1293, #6133, .T. ) ;
#6212 = CARTESIAN_POINT ( 'NONE',  ( 46.89999999999999858, -0.5000000000000000000, -47.09999999999998010 ) ) ;
#6213 = CARTESIAN_POINT ( 'NONE',  ( 10.00000000000000355, -0.5000000000000000000, -55.09999999999999432 ) ) ;
#6214 = ORIENTED_EDGE ( 'NONE', *, *, #7205, .T. ) ;
#6215 = ORIENTED_EDGE ( 'NONE', *, *, #6691, .T. ) ;
#6216 = CARTESIAN_POINT ( 'NONE',  ( 11.90000000000000568, -0.3999999999999999667, 0.000000000000000000 ) ) ;
#6217 = LINE ( 'NONE', #5027, #6108 ) ;
#6218 = CARTESIAN_POINT ( 'NONE',  ( 28.59999999999998010, -0.1000000000000000056, -63.34999999999998721 ) ) ;
#6219 = CARTESIAN_POINT ( 'NONE',  ( 20.27000000000000313, -0.4000000000000000222, -44.29999999999999716 ) ) ;
#6220 = DIRECTION ( 'NONE',  ( 0.000000000000000000, -1.000000000000000000, 0.000000000000000000 ) ) ;
#6221 = PLANE ( 'NONE',  #1862 ) ;
#6222 = EDGE_CURVE ( 'NONE', #6333, #5419, #526, .T. ) ;
#6223 = DIRECTION ( 'NONE',  ( -1.000000000000000000, 0.000000000000000000, 0.000000000000000000 ) ) ;
#6224 = ORIENTED_EDGE ( 'NONE', *, *, #6669, .F. ) ;
#6225 = ORIENTED_EDGE ( 'NONE', *, *, #1789, .T. ) ;
#6226 = ORIENTED_EDGE ( 'NONE', *, *, #3993, .F. ) ;
#6227 = PLANE ( 'NONE',  #4115 ) ;
#6228 = FACE_OUTER_BOUND ( 'NONE', #102, .T. ) ;
#6229 = VECTOR ( 'NONE', #4522, 1000.000000000000000 ) ;
#6230 = LINE ( 'NONE', #1153, #383 ) ;
#6231 = APPROVAL_STATUS ( 'not_yet_approved' ) ;
#6232 = DIRECTION ( 'NONE',  ( -0.000000000000000000, -1.000000000000000000, -0.000000000000000000 ) ) ;
#6233 = CARTESIAN_POINT ( 'NONE',  ( 49.04999999999999716, -0.5000000000000000000, -48.39999999999997726 ) ) ;
#6234 = ORIENTED_EDGE ( 'NONE', *, *, #3668, .F. ) ;
#6235 = VECTOR ( 'NONE', #3084, 1000.000000000000000 ) ;
#6236 = VECTOR ( 'NONE', #3937, 1000.000000000000000 ) ;
#6237 = EDGE_CURVE ( 'NONE', #6056, #3714, #5015, .T. ) ;
#6238 = ORIENTED_EDGE ( 'NONE', *, *, #3693, .T. ) ;
#6239 = LINE ( 'NONE', #3414, #2189 ) ;
#6240 = LINE ( 'NONE', #524, #2404 ) ;
#6241 = DIRECTION ( 'NONE',  ( 0.000000000000000000, 0.000000000000000000, 1.000000000000000000 ) ) ;
#6242 = VECTOR ( 'NONE', #6659, 1000.000000000000000 ) ;
#6243 = DIRECTION ( 'NONE',  ( 0.000000000000000000, -0.000000000000000000, 1.000000000000000000 ) ) ;
#6244 = ORIENTED_EDGE ( 'NONE', *, *, #682, .T. ) ;
#6245 = VERTEX_POINT ( 'NONE', #1089 ) ;
#6246 = VECTOR ( 'NONE', #2799, 1000.000000000000000 ) ;
#6247 = AXIS2_PLACEMENT_3D ( 'NONE', #2481, #2373, #4118 ) ;
#6248 = FACE_OUTER_BOUND ( 'NONE', #4402, .T. ) ;
#6249 = DIRECTION ( 'NONE',  ( 0.000000000000000000, 0.000000000000000000, -1.000000000000000000 ) ) ;
#6250 = CLOSED_SHELL ( 'NONE', ( #1575, #2383, #3673, #4180, #4935, #4162 ) ) ;
#6251 = ADVANCED_FACE ( 'NONE', ( #5055 ), #569, .F. ) ;
#6252 = ORIENTED_EDGE ( 'NONE', *, *, #4880, .F. ) ;
#6253 = AXIS2_PLACEMENT_3D ( 'NONE', #4803, #4249, #5361 ) ;
#6254 = EDGE_LOOP ( 'NONE', ( #1385, #6086, #5045, #6113 ) ) ;
#6255 = PLANE ( 'NONE',  #2556 ) ;
#6256 = CARTESIAN_POINT ( 'NONE',  ( 31.22000000000000597, -0.2999999999999999889, -71.09999999999999432 ) ) ;
#6257 = VECTOR ( 'NONE', #1693, 1000.000000000000000 ) ;
#6258 = LINE ( 'NONE', #4133, #4674 ) ;
#6259 = CARTESIAN_POINT ( 'NONE',  ( 19.27000000000000313, -0.4000000000000000222, -44.29999999999999716 ) ) ;
#6260 = CARTESIAN_POINT ( 'NONE',  ( 11.90000000000000568, -0.3999999999999999667, -44.89999999999999858 ) ) ;
#6261 = EDGE_CURVE ( 'NONE', #1031, #6429, #7208, .T. ) ;
#6262 = CARTESIAN_POINT ( 'NONE',  ( 29.70000000000000639, -1.500000000000000000, -37.29999999999999716 ) ) ;
#6263 = ADVANCED_FACE ( 'NONE', ( #5649 ), #6653, .F. ) ;
#6264 = LINE ( 'NONE', #4035, #5444 ) ;
#6265 = VERTEX_POINT ( 'NONE', #6771 ) ;
#6266 = VERTEX_POINT ( 'NONE', #3941 ) ;
#6267 = EDGE_CURVE ( 'NONE', #1562, #7228, #2828, .T. ) ;
#6268 = FACE_OUTER_BOUND ( 'NONE', #1132, .T. ) ;
#6269 = CARTESIAN_POINT ( 'NONE',  ( 48.55000000000000426, -0.5999999999999999778, -48.94999999999999574 ) ) ;
#6270 = DIRECTION ( 'NONE',  ( 0.000000000000000000, 0.000000000000000000, -1.000000000000000000 ) ) ;
#6271 = DATE_TIME_ROLE ( 'creation_date' ) ;
#6272 = CARTESIAN_POINT ( 'NONE',  ( 28.70000000000000639, 1.244639535854047407, -42.73031945056171566 ) ) ;
#6273 = CARTESIAN_POINT ( 'NONE',  ( 10.00000000000000533, -0.5000000000000000000, -41.29999999999999716 ) ) ;
#6274 = ORIENTED_EDGE ( 'NONE', *, *, #1262, .T. ) ;
#6275 = CIRCLE ( 'NONE', #3648, 3.999999999999999112 ) ;
#6276 = VERTEX_POINT ( 'NONE', #6092 ) ;
#6277 = CYLINDRICAL_SURFACE ( 'NONE', #1011, 0.5000000000000004441 ) ;
#6278 = VECTOR ( 'NONE', #2409, 1000.000000000000000 ) ;
#6279 = CARTESIAN_POINT ( 'NONE',  ( 35.69999999999999574, 0.5000000000000000000, -6.999999999999999112 ) ) ;
#6280 = FACE_OUTER_BOUND ( 'NONE', #1098, .T. ) ;
#6281 = VECTOR ( 'NONE', #57, 1000.000000000000000 ) ;
#6282 = DIRECTION ( 'NONE',  ( 0.000000000000000000, 0.000000000000000000, -1.000000000000000000 ) ) ;
#6283 = EDGE_CURVE ( 'NONE', #6027, #4322, #1005, .T. ) ;
#6284 = EDGE_CURVE ( 'NONE', #4792, #6447, #5162, .T. ) ;
#6285 = ORIENTED_EDGE ( 'NONE', *, *, #5348, .T. ) ;
#6286 = VECTOR ( 'NONE', #2536, 1000.000000000000000 ) ;
#6287 = ORIENTED_EDGE ( 'NONE', *, *, #6936, .T. ) ;
#6288 = DIRECTION ( 'NONE',  ( -1.000000000000000000, 0.000000000000000000, 0.000000000000000000 ) ) ;
#6289 = CARTESIAN_POINT ( 'NONE',  ( 47.55000000000000426, -0.5999999999999999778, -52.74999999999999289 ) ) ;
#6290 = EDGE_CURVE ( 'NONE', #7129, #7263, #6876, .T. ) ;
#6291 = ORIENTED_EDGE ( 'NONE', *, *, #6261, .T. ) ;
#6292 = ORIENTED_EDGE ( 'NONE', *, *, #6959, .F. ) ;
#6293 = FACE_OUTER_BOUND ( 'NONE', #807, .T. ) ;
#6294 = LINE ( 'NONE', #3433, #7188 ) ;
#6295 = DIRECTION ( 'NONE',  ( -0.000000000000000000, -1.000000000000000000, -0.000000000000000000 ) ) ;
#6296 = CARTESIAN_POINT ( 'NONE',  ( 29.69999999999999929, -1.500000000000000000, -6.000000000000000000 ) ) ;
#6297 = DIRECTION ( 'NONE',  ( 0.000000000000000000, -1.000000000000000000, 0.000000000000000000 ) ) ;
#6298 = DIRECTION ( 'NONE',  ( -0.000000000000000000, 1.000000000000000000, -0.000000000000000000 ) ) ;
#6299 = DIRECTION ( 'NONE',  ( -0.000000000000000000, -1.000000000000000000, -0.000000000000000000 ) ) ;
#6300 = ORIENTED_EDGE ( 'NONE', *, *, #2664, .F. ) ;
#6301 = EDGE_LOOP ( 'NONE', ( #3791, #6571, #6685, #2867 ) ) ;
#6302 = EDGE_CURVE ( 'NONE', #4375, #4469, #4154, .T. ) ;
#6303 = ADVANCED_FACE ( 'NONE', ( #6387 ), #2443, .F. ) ;
#6304 = EDGE_CURVE ( 'NONE', #3773, #4234, #212, .T. ) ;
#6305 = DIRECTION ( 'NONE',  ( 0.000000000000000000, 0.000000000000000000, -1.000000000000000000 ) ) ;
#6306 = DIRECTION ( 'NONE',  ( 0.000000000000000000, 1.000000000000000000, 0.000000000000000000 ) ) ;
#6307 = DIRECTION ( 'NONE',  ( 1.000000000000000000, 0.000000000000000000, -0.000000000000000000 ) ) ;
#6308 = VECTOR ( 'NONE', #5949, 1000.000000000000000 ) ;
#6309 = CARTESIAN_POINT ( 'NONE',  ( 27.99999999999998579, 0.000000000000000000, -70.90000000000001990 ) ) ;
#6310 = EDGE_CURVE ( 'NONE', #5979, #6429, #4082, .T. ) ;
#6311 = ORIENTED_EDGE ( 'NONE', *, *, #60, .T. ) ;
#6312 = ORIENTED_EDGE ( 'NONE', *, *, #3348, .T. ) ;
#6313 = CARTESIAN_POINT ( 'NONE',  ( 31.22000000000000952, -0.2999999999999999889, -69.09999999999999432 ) ) ;
#6314 = DIRECTION ( 'NONE',  ( 0.000000000000000000, 0.000000000000000000, 1.000000000000000000 ) ) ;
#6315 = CARTESIAN_POINT ( 'NONE',  ( 31.19999999999999574, -0.6000000000000000888, -67.59999999999998010 ) ) ;
#6316 = PLANE ( 'NONE',  #6873 ) ;
#6317 = ADVANCED_FACE ( 'NONE', ( #1889 ), #2938, .T. ) ;
#6318 = AXIS2_PLACEMENT_3D ( 'NONE', #7080, #3100, #2055 ) ;
#6319 = AXIS2_PLACEMENT_3D ( 'NONE', #2465, #2044, #1350 ) ;
#6320 = ORIENTED_EDGE ( 'NONE', *, *, #1594, .F. ) ;
#6321 = EDGE_CURVE ( 'NONE', #204, #1842, #5760, .T. ) ;
#6322 = FACE_OUTER_BOUND ( 'NONE', #2377, .T. ) ;
#6323 = DIRECTION ( 'NONE',  ( 0.000000000000000000, 0.000000000000000000, -1.000000000000000000 ) ) ;
#6324 = VECTOR ( 'NONE', #609, 1000.000000000000000 ) ;
#6325 = ORIENTED_EDGE ( 'NONE', *, *, #3019, .F. ) ;
#6326 = PLANE ( 'NONE',  #2205 ) ;
#6327 = ADVANCED_FACE ( 'NONE', ( #5689 ), #3456, .T. ) ;
#6328 = DIRECTION ( 'NONE',  ( 1.000000000000000000, 0.000000000000000000, 0.000000000000000000 ) ) ;
#6329 = DIRECTION ( 'NONE',  ( -0.000000000000000000, 1.000000000000000000, -0.000000000000000000 ) ) ;
#6330 = LINE ( 'NONE', #6259, #2838 ) ;
#6331 = CARTESIAN_POINT ( 'NONE',  ( 49.69999999999999574, -0.5000000000000000000, 0.000000000000000000 ) ) ;
#6332 = DIRECTION ( 'NONE',  ( 0.000000000000000000, -1.000000000000000000, 0.000000000000000000 ) ) ;
#6333 = VERTEX_POINT ( 'NONE', #677 ) ;
#6334 = ORIENTED_EDGE ( 'NONE', *, *, #3660, .F. ) ;
#6335 = ORIENTED_EDGE ( 'NONE', *, *, #4389, .T. ) ;
#6336 = B_SPLINE_CURVE_WITH_KNOTS ( 'NONE', 2,
 ( #7270, #5677, #2818 ),
 .UNSPECIFIED., .F., .F.,
 ( 3, 3 ),
 ( 0.000000000000000000, 1.000000000000000000 ),
 .UNSPECIFIED. ) ;
#6337 = CARTESIAN_POINT ( 'NONE',  ( 27.54999999999998295, 0.000000000000000000, -70.90000000000001990 ) ) ;
#6338 = DIRECTION ( 'NONE',  ( 1.000000000000000000, 0.000000000000000000, 0.000000000000000000 ) ) ;
#6339 = DIRECTION ( 'NONE',  ( -0.000000000000000000, 1.000000000000000000, -0.000000000000000000 ) ) ;
#6340 = CARTESIAN_POINT ( 'NONE',  ( 2.359223927328460173E-14, -0.3999999999999999667, -56.10000000000000142 ) ) ;
#6341 = LINE ( 'NONE', #738, #2473 ) ;
#6342 = EDGE_CURVE ( 'NONE', #432, #1451, #1817, .T. ) ;
#6343 = ADVANCED_FACE ( 'NONE', ( #715 ), #2974, .T. ) ;
#6344 = ORIENTED_EDGE ( 'NONE', *, *, #4187, .F. ) ;
#6345 = VERTEX_POINT ( 'NONE', #182 ) ;
#6346 = DIRECTION ( 'NONE',  ( -1.360567432138676518E-16, 0.000000000000000000, -1.000000000000000000 ) ) ;
#6347 = DIRECTION ( 'NONE',  ( 0.000000000000000000, -1.000000000000000000, 0.000000000000000000 ) ) ;
#6348 = DIRECTION ( 'NONE',  ( -2.216899010832982362E-16, 0.000000000000000000, 1.000000000000000000 ) ) ;
#6349 = CARTESIAN_POINT ( 'NONE',  ( 47.04999999999999716, -0.5000000000000000000, -48.09999999999998010 ) ) ;
#6350 = EDGE_CURVE ( 'NONE', #5400, #1045, #6628, .T. ) ;
#6351 = ORIENTED_EDGE ( 'NONE', *, *, #1881, .T. ) ;
#6352 = CIRCLE ( 'NONE', #3254, 0.5000000000000004441 ) ;
#6353 = CIRCLE ( 'NONE', #6465, 7.000000000000000000 ) ;
#6354 = VERTEX_POINT ( 'NONE', #2374 ) ;
#6355 = EDGE_CURVE ( 'NONE', #4285, #5924, #5725, .T. ) ;
#6356 = VECTOR ( 'NONE', #44, 1000.000000000000000 ) ;
#6357 = AXIS2_PLACEMENT_3D ( 'NONE', #1756, #4023, #3382 ) ;
#6358 = PLANE ( 'NONE',  #510 ) ;
#6359 = DIRECTION ( 'NONE',  ( -0.000000000000000000, -1.000000000000000000, -0.000000000000000000 ) ) ;
#6360 = ORIENTED_EDGE ( 'NONE', *, *, #451, .F. ) ;
#6361 = CIRCLE ( 'NONE', #1023, 0.5000000000000004441 ) ;
#6362 = DIRECTION ( 'NONE',  ( -0.000000000000000000, -1.000000000000000000, -0.000000000000000000 ) ) ;
#6363 = CLOSED_SHELL ( 'NONE', ( #3530, #1561, #3, #5485, #1229, #7330 ) ) ;
#6364 = DIRECTION ( 'NONE',  ( 0.000000000000000000, -0.000000000000000000, -1.000000000000000000 ) ) ;
#6365 = DIRECTION ( 'NONE',  ( -0.000000000000000000, 1.000000000000000000, 0.000000000000000000 ) ) ;
#6366 = CARTESIAN_POINT ( 'NONE',  ( 26.49999999999999645, -0.3999999999999999667, -56.09999999999998721 ) ) ;
#6367 = VECTOR ( 'NONE', #4699, 1000.000000000000000 ) ;
#6368 = LINE ( 'NONE', #1279, #2002 ) ;
#6369 = ADVANCED_FACE ( 'NONE', ( #5235 ), #149, .T. ) ;
#6370 = ORIENTED_EDGE ( 'NONE', *, *, #1767, .F. ) ;
#6371 = AXIS2_PLACEMENT_3D ( 'NONE', #5926, #4808, #6487 ) ;
#6372 = ORIENTED_EDGE ( 'NONE', *, *, #7026, .F. ) ;
#6373 = VECTOR ( 'NONE', #5777, 1000.000000000000000 ) ;
#6374 = CARTESIAN_POINT ( 'NONE',  ( 0.000000000000000000, 0.5000000000000000000, -40.70050506338832719 ) ) ;
#6375 = LINE ( 'NONE', #2466, #4462 ) ;
#6376 = FACE_OUTER_BOUND ( 'NONE', #2605, .T. ) ;
#6377 = DIRECTION ( 'NONE',  ( -0.000000000000000000, -1.000000000000000000, -0.000000000000000000 ) ) ;
#6378 = DIRECTION ( 'NONE',  ( 0.000000000000000000, 0.000000000000000000, -1.000000000000000000 ) ) ;
#6379 = CARTESIAN_POINT ( 'NONE',  ( 0.000000000000000000, -0.2999999999999999889, 0.000000000000000000 ) ) ;
#6380 = VECTOR ( 'NONE', #7013, 1000.000000000000000 ) ;
#6381 = ORIENTED_EDGE ( 'NONE', *, *, #3771, .T. ) ;
#6382 = ORIENTED_EDGE ( 'NONE', *, *, #7104, .F. ) ;
#6383 = LINE ( 'NONE', #6418, #4324 ) ;
#6384 = CARTESIAN_POINT ( 'NONE',  ( 0.000000000000000000, -0.5000000000000000000, 0.000000000000000000 ) ) ;
#6385 = CARTESIAN_POINT ( 'NONE',  ( 29.70000000000000639, -1.500000000000000000, -37.29999999999999716 ) ) ;
#6386 = VECTOR ( 'NONE', #2355, 1000.000000000000000 ) ;
#6387 = FACE_OUTER_BOUND ( 'NONE', #6626, .T. ) ;
#6388 = AXIS2_PLACEMENT_3D ( 'NONE', #5531, #1004, #3940 ) ;
#6389 = ORIENTED_EDGE ( 'NONE', *, *, #892, .T. ) ;
#6390 = EDGE_LOOP ( 'NONE', ( #113, #3045, #4568, #825, #2447, #591, #5592, #881 ) ) ;
#6391 = EDGE_CURVE ( 'NONE', #432, #1687, #6839, .T. ) ;
#6392 = AXIS2_PLACEMENT_3D ( 'NONE', #4548, #6817, #1727 ) ;
#6393 = ADVANCED_FACE ( 'NONE', ( #645 ), #6316, .F. ) ;
#6394 = FACE_OUTER_BOUND ( 'NONE', #627, .T. ) ;
#6395 = CARTESIAN_POINT ( 'NONE',  ( 2.466776782839027261E-13, -0.5000000000000000000, -71.10000000000009379 ) ) ;
#6396 = VECTOR ( 'NONE', #3590, 1000.000000000000000 ) ;
#6397 = EDGE_LOOP ( 'NONE', ( #363, #3403, #1709, #2339 ) ) ;
#6398 = EDGE_CURVE ( 'NONE', #5419, #6056, #5562, .T. ) ;
#6399 = ORIENTED_EDGE ( 'NONE', *, *, #3633, .T. ) ;
#6400 = CIRCLE ( 'NONE', #3309, 0.5000000000000004441 ) ;
#6401 = DIRECTION ( 'NONE',  ( -0.000000000000000000, 1.000000000000000000, -0.000000000000000000 ) ) ;
#6402 = LINE ( 'NONE', #2459, #3981 ) ;
#6403 = CARTESIAN_POINT ( 'NONE',  ( 27.70000000000000284, 1.500000000000000000, -8.000000000000003553 ) ) ;
#6404 = FACE_OUTER_BOUND ( 'NONE', #2778, .T. ) ;
#6405 = CARTESIAN_POINT ( 'NONE',  ( 46.79999999999999716, -0.5000000000000000000, -48.39999999999997726 ) ) ;
#6406 = VERTEX_POINT ( 'NONE', #290 ) ;
#6407 = ORIENTED_EDGE ( 'NONE', *, *, #4676, .T. ) ;
#6408 = CARTESIAN_POINT ( 'NONE',  ( 6.999999999999999112, 1.244639535854047407, -42.73031945056171566 ) ) ;
#6409 = VECTOR ( 'NONE', #3122, 1000.000000000000000 ) ;
#6410 = CARTESIAN_POINT ( 'NONE',  ( 47.04999999999999716, -0.7999999999999999334, -48.39999999999997726 ) ) ;
#6411 = EDGE_CURVE ( 'NONE', #3275, #3905, #3696, .T. ) ;
#6412 = PLANE ( 'NONE',  #5510 ) ;
#6413 = CARTESIAN_POINT ( 'NONE',  ( 24.49999999999998934, -0.2000000000000000111, -58.90000000000001279 ) ) ;
#6414 = CARTESIAN_POINT ( 'NONE',  ( 0.000000000000000000, -0.5000000000000000000, -41.29999999999999716 ) ) ;
#6415 = DIRECTION ( 'NONE',  ( -0.000000000000000000, -0.000000000000000000, 1.000000000000000000 ) ) ;
#6416 = VERTEX_POINT ( 'NONE', #5448 ) ;
#6417 = VERTEX_POINT ( 'NONE', #2483 ) ;
#6418 = CARTESIAN_POINT ( 'NONE',  ( 28.19999999999999218, -0.2000000000000000111, -65.55000000000001137 ) ) ;
#6419 = EDGE_CURVE ( 'NONE', #2979, #3072, #847, .T. ) ;
#6420 = DIRECTION ( 'NONE',  ( 1.000000000000000000, 0.000000000000000000, -0.000000000000000000 ) ) ;
#6421 = CARTESIAN_POINT ( 'NONE',  ( 0.000000000000000000, -0.5000000000000000000, -54.59999999999998010 ) ) ;
#6422 = DIRECTION ( 'NONE',  ( -1.000000000000000000, 0.000000000000000000, -0.000000000000000000 ) ) ;
#6423 = ORIENTED_EDGE ( 'NONE', *, *, #3668, .T. ) ;
#6424 = CARTESIAN_POINT ( 'NONE',  ( 25.74999999999998579, -0.1000000000000000056, -62.40000000000000568 ) ) ;
#6425 = FACE_OUTER_BOUND ( 'NONE', #3863, .T. ) ;
#6426 = DIRECTION ( 'NONE',  ( 0.000000000000000000, 0.000000000000000000, -1.000000000000000000 ) ) ;
#6427 = EDGE_CURVE ( 'NONE', #2717, #6787, #2586, .T. ) ;
#6428 = EDGE_LOOP ( 'NONE', ( #3962, #1994, #6798, #5477 ) ) ;
#6429 = VERTEX_POINT ( 'NONE', #6528 ) ;
#6430 = EDGE_CURVE ( 'NONE', #4100, #2123, #463, .T. ) ;
#6431 = AXIS2_PLACEMENT_3D ( 'NONE', #1997, #3700, #5966 ) ;
#6432 = AXIS2_PLACEMENT_3D ( 'NONE', #1170, #1755, #1203 ) ;
#6433 = PLANE ( 'NONE',  #5386 ) ;
#6434 = DIRECTION ( 'NONE',  ( -0.000000000000000000, 0.000000000000000000, 1.000000000000000000 ) ) ;
#6435 = DIRECTION ( 'NONE',  ( -1.000000000000000000, 0.000000000000000000, 0.000000000000000000 ) ) ;
#6436 = CARTESIAN_POINT ( 'NONE',  ( 28.99999999999998934, -0.2000000000000000111, -67.40000000000001990 ) ) ;
#6437 = ORIENTED_EDGE ( 'NONE', *, *, #3343, .F. ) ;
#6438 = ORIENTED_EDGE ( 'NONE', *, *, #5825, .F. ) ;
#6439 = DIRECTION ( 'NONE',  ( 0.000000000000000000, -0.000000000000000000, 1.000000000000000000 ) ) ;
#6440 = CARTESIAN_POINT ( 'NONE',  ( 32.49999999999980815, -0.5000000000000000000, 9.020562075079335044E-14 ) ) ;
#6441 = ADVANCED_FACE ( 'NONE', ( #5963 ), #4889, .T. ) ;
#6442 = DIRECTION ( 'NONE',  ( 0.000000000000000000, 0.000000000000000000, 1.000000000000000000 ) ) ;
#6443 = CARTESIAN_POINT ( 'NONE',  ( 34.83031945056170997, 1.244639535854047629, -3.408942007540533670 ) ) ;
#6444 = DIRECTION ( 'NONE',  ( -1.000000000000000000, 0.000000000000000000, -0.000000000000000000 ) ) ;
#6445 = CARTESIAN_POINT ( 'NONE',  ( 46.39999999999999858, -0.3999999999999999667, 0.000000000000000000 ) ) ;
#6446 = ORIENTED_EDGE ( 'NONE', *, *, #1386, .F. ) ;
#6447 = VERTEX_POINT ( 'NONE', #7153 ) ;
#6448 = CARTESIAN_POINT ( 'NONE',  ( 29.69999999999997797, -2.299999999999999822, -41.29999999999999716 ) ) ;
#6449 = CARTESIAN_POINT ( 'NONE',  ( 46.79999999999999716, -0.5000000000000000000, -53.29999999999997584 ) ) ;
#6450 = DIRECTION ( 'NONE',  ( -0.000000000000000000, 1.000000000000000000, -0.000000000000000000 ) ) ;
#6451 = DIRECTION ( 'NONE',  ( 0.000000000000000000, 0.000000000000000000, 1.000000000000000000 ) ) ;
#6452 = EDGE_LOOP ( 'NONE', ( #3807, #2850, #6190, #6214 ) ) ;
#6453 = EDGE_CURVE ( 'NONE', #662, #933, #7007, .T. ) ;
#6454 = ORIENTED_EDGE ( 'NONE', *, *, #521, .F. ) ;
#6455 = CARTESIAN_POINT ( 'NONE',  ( 25.74999999999998579, 0.1000000000000000056, -62.40000000000000568 ) ) ;
#6456 = DIRECTION ( 'NONE',  ( 4.956352788505149463E-16, -0.000000000000000000, 1.000000000000000000 ) ) ;
#6457 = DIRECTION ( 'NONE',  ( -0.000000000000000000, -0.000000000000000000, 1.000000000000000000 ) ) ;
#6458 = VECTOR ( 'NONE', #6586, 1000.000000000000000 ) ;
#6459 = VECTOR ( 'NONE', #3818, 1000.000000000000000 ) ;
#6460 = DIRECTION ( 'NONE',  ( 0.000000000000000000, -1.000000000000000000, 0.000000000000000000 ) ) ;
#6461 = VERTEX_POINT ( 'NONE', #1432 ) ;
#6462 = ORIENTED_EDGE ( 'NONE', *, *, #4455, .T. ) ;
#6463 = ORIENTED_EDGE ( 'NONE', *, *, #4660, .T. ) ;
#6464 = VECTOR ( 'NONE', #7167, 1000.000000000000000 ) ;
#6465 = AXIS2_PLACEMENT_3D ( 'NONE', #234, #6362, #5244 ) ;
#6466 = DIRECTION ( 'NONE',  ( -0.000000000000000000, -1.000000000000000000, -0.000000000000000000 ) ) ;
#6467 = DIRECTION ( 'NONE',  ( 0.000000000000000000, 0.000000000000000000, -1.000000000000000000 ) ) ;
#6468 = PLANE ( 'NONE',  #2199 ) ;
#6469 = CARTESIAN_POINT ( 'NONE',  ( 32.70000000000000284, 1.500000000000000000, -7.000000000000000000 ) ) ;
#6470 = VECTOR ( 'NONE', #6996, 1000.000000000000000 ) ;
#6471 = EDGE_LOOP ( 'NONE', ( #4083, #4352, #4714, #1823, #3672 ) ) ;
#6472 = EDGE_LOOP ( 'NONE', ( #187, #6796, #5965, #5972 ) ) ;
#6473 = DIRECTION ( 'NONE',  ( -0.000000000000000000, 1.000000000000000000, 0.000000000000000000 ) ) ;
#6474 = DIRECTION ( 'NONE',  ( -1.734723475976805517E-15, -0.000000000000000000, -1.000000000000000000 ) ) ;
#6475 = EDGE_CURVE ( 'NONE', #5948, #5793, #2025, .T. ) ;
#6476 = AXIS2_PLACEMENT_3D ( 'NONE', #845, #7234, #2659 ) ;
#6477 = CARTESIAN_POINT ( 'NONE',  ( 24.99999999999998579, -0.3000000000000000444, -68.90000000000001990 ) ) ;
#6478 = EDGE_CURVE ( 'NONE', #6354, #1120, #5861, .T. ) ;
#6479 = CARTESIAN_POINT ( 'NONE',  ( 0.000000000000000000, -0.2999999999999999889, 0.000000000000000000 ) ) ;
#6480 = CARTESIAN_POINT ( 'NONE',  ( 6.000000000000029310, -1.500000000000000000, -1.999999999999999112 ) ) ;
#6481 = CARTESIAN_POINT ( 'NONE',  ( 19.20000000000000284, -0.1000000000000000056, -42.30000000000000426 ) ) ;
#6482 = AXIS2_PLACEMENT_3D ( 'NONE', #1689, #3352, #3953 ) ;
#6483 = ORIENTED_EDGE ( 'NONE', *, *, #6763, .T. ) ;
#6484 = EDGE_CURVE ( 'NONE', #2299, #963, #4776, .T. ) ;
#6485 = AXIS2_PLACEMENT_3D ( 'NONE', #6036, #6635, #1542 ) ;
#6486 = ORIENTED_EDGE ( 'NONE', *, *, #3610, .F. ) ;
#6487 = DIRECTION ( 'NONE',  ( 0.000000000000000000, 0.000000000000000000, -1.000000000000000000 ) ) ;
#6488 = CARTESIAN_POINT ( 'NONE',  ( 27.24999999999998934, -0.3000000000000000444, -68.90000000000001990 ) ) ;
#6489 = DIRECTION ( 'NONE',  ( 0.000000000000000000, 0.000000000000000000, 1.000000000000000000 ) ) ;
#6490 = VECTOR ( 'NONE', #6612, 1000.000000000000000 ) ;
#6491 = CARTESIAN_POINT ( 'NONE',  ( 25.74999999999998934, -0.3000000000000000444, -68.90000000000001990 ) ) ;
#6492 = ORIENTED_EDGE ( 'NONE', *, *, #3640, .T. ) ;
#6493 = VERTEX_POINT ( 'NONE', #5405 ) ;
#6494 = DIRECTION ( 'NONE',  ( 1.000000000000000000, 0.000000000000000000, -0.000000000000000000 ) ) ;
#6495 = CARTESIAN_POINT ( 'NONE',  ( 28.73000000000000753, -0.2999999999999999889, -71.09999999999999432 ) ) ;
#6496 = DIRECTION ( 'NONE',  ( 0.000000000000000000, 1.000000000000000000, 0.000000000000000000 ) ) ;
#6497 = EDGE_CURVE ( 'NONE', #5503, #1207, #6984, .T. ) ;
#6498 = FACE_OUTER_BOUND ( 'NONE', #5331, .T. ) ;
#6499 = ORIENTED_EDGE ( 'NONE', *, *, #4254, .F. ) ;
#6500 = VERTEX_POINT ( 'NONE', #5305 ) ;
#6501 = LOCAL_TIME ( 11, 27, 8.000000000000000000, #4922 ) ;
#6502 = ORIENTED_EDGE ( 'NONE', *, *, #2403, .F. ) ;
#6503 = AXIS2_PLACEMENT_3D ( 'NONE', #1392, #5393, #4764 ) ;
#6504 = DIRECTION ( 'NONE',  ( 0.000000000000000000, 0.000000000000000000, 1.000000000000000000 ) ) ;
#6505 = EDGE_CURVE ( 'NONE', #3768, #6245, #2545, .T. ) ;
#6506 = DIRECTION ( 'NONE',  ( -1.734723475976805517E-15, -0.000000000000000000, -1.000000000000000000 ) ) ;
#6507 = DIRECTION ( 'NONE',  ( 1.000000000000000000, 0.000000000000000000, -0.000000000000000000 ) ) ;
#6508 = AXIS2_PLACEMENT_3D ( 'NONE', #4208, #6473, #1389 ) ;
#6509 = ORIENTED_EDGE ( 'NONE', *, *, #5109, .F. ) ;
#6510 = EDGE_LOOP ( 'NONE', ( #3400, #1890, #7301, #1029 ) ) ;
#6511 = VECTOR ( 'NONE', #6223, 1000.000000000000000 ) ;
#6512 = PLANE ( 'NONE',  #125 ) ;
#6513 = CARTESIAN_POINT ( 'NONE',  ( 28.59999999999998010, -0.1000000000000000056, -63.34999999999998721 ) ) ;
#6514 = FACE_OUTER_BOUND ( 'NONE', #5583, .T. ) ;
#6515 = CARTESIAN_POINT ( 'NONE',  ( 33.69999999999999574, 1.500000000000000444, -6.999999999999999112 ) ) ;
#6516 = DIRECTION ( 'NONE',  ( -1.000000000000000000, -0.000000000000000000, -0.000000000000000000 ) ) ;
#6517 = CARTESIAN_POINT ( 'NONE',  ( 29.76000000000000512, -0.2999999999999999889, -71.09999999999999432 ) ) ;
#6518 = ORIENTED_EDGE ( 'NONE', *, *, #3348, .F. ) ;
#6519 = CC_DESIGN_DATE_AND_TIME_ASSIGNMENT ( #5788, #5192, ( #584 ) ) ;
#6520 = EDGE_CURVE ( 'NONE', #1482, #1265, #1469, .T. ) ;
#6521 = ORIENTED_EDGE ( 'NONE', *, *, #7203, .F. ) ;
#6522 = EDGE_CURVE ( 'NONE', #4575, #4752, #1920, .T. ) ;
#6523 = ORIENTED_EDGE ( 'NONE', *, *, #3938, .F. ) ;
#6524 = DIRECTION ( 'NONE',  ( 1.000000000000000000, -0.000000000000000000, -0.000000000000000000 ) ) ;
#6525 = CARTESIAN_POINT ( 'NONE',  ( 49.19999999999999574, -0.2999999999999999889, -54.59999999999998010 ) ) ;
#6526 = EDGE_CURVE ( 'NONE', #5995, #5801, #7041, .T. ) ;
#6527 = DIRECTION ( 'NONE',  ( 0.000000000000000000, 0.000000000000000000, -1.000000000000000000 ) ) ;
#6528 = CARTESIAN_POINT ( 'NONE',  ( 47.04999999999999716, -0.5000000000000000000, -53.59999999999998010 ) ) ;
#6529 = ORIENTED_EDGE ( 'NONE', *, *, #4676, .F. ) ;
#6530 = ORIENTED_EDGE ( 'NONE', *, *, #7230, .T. ) ;
#6531 = DIRECTION ( 'NONE',  ( 1.000000000000000000, 0.000000000000000000, 0.000000000000000000 ) ) ;
#6532 = CARTESIAN_POINT ( 'NONE',  ( 30.49000000000000909, -0.2999999999999999889, -69.09999999999999432 ) ) ;
#6533 = DIRECTION ( 'NONE',  ( 0.000000000000000000, 0.000000000000000000, -1.000000000000000000 ) ) ;
#6534 = EDGE_CURVE ( 'NONE', #6447, #4293, #4741, .T. ) ;
#6535 = DIRECTION ( 'NONE',  ( 0.000000000000000000, 0.000000000000000000, 1.000000000000000000 ) ) ;
#6536 = VERTEX_POINT ( 'NONE', #5337 ) ;
#6537 = ORIENTED_EDGE ( 'NONE', *, *, #6026, .T. ) ;
#6538 = ORIENTED_EDGE ( 'NONE', *, *, #3299, .F. ) ;
#6539 = CARTESIAN_POINT ( 'NONE',  ( 49.19999999999999574, -0.5000000000000000000, -47.09999999999998010 ) ) ;
#6540 = FACE_OUTER_BOUND ( 'NONE', #2330, .T. ) ;
#6541 = CARTESIAN_POINT ( 'NONE',  ( 49.19999999999999574, -0.2999999999999999889, -47.09999999999998010 ) ) ;
#6542 = ORIENTED_EDGE ( 'NONE', *, *, #4335, .T. ) ;
#6543 = VECTOR ( 'NONE', #927, 1000.000000000000000 ) ;
#6544 = EDGE_CURVE ( 'NONE', #5601, #5487, #2511, .T. ) ;
#6545 = ORIENTED_EDGE ( 'NONE', *, *, #2209, .F. ) ;
#6546 = VECTOR ( 'NONE', #6456, 1000.000000000000000 ) ;
#6547 = VERTEX_POINT ( 'NONE', #6491 ) ;
#6548 = CARTESIAN_POINT ( 'NONE',  ( 2.359223927328460173E-14, -0.5000000000000000000, -56.10000000000000142 ) ) ;
#6549 = PLANE ( 'NONE',  #1263 ) ;
#6550 = DIRECTION ( 'NONE',  ( 0.000000000000000000, -0.000000000000000000, 1.000000000000000000 ) ) ;
#6551 = CARTESIAN_POINT ( 'NONE',  ( 30.49000000000000554, -0.3999999999999999667, -71.09999999999999432 ) ) ;
#6552 = CIRCLE ( 'NONE', #6678, 3.999999999999996447 ) ;
#6553 = CARTESIAN_POINT ( 'NONE',  ( 10.00000000000000533, -0.5000000000000000000, -44.59999999999999432 ) ) ;
#6554 = CARTESIAN_POINT ( 'NONE',  ( 2.000000000000001776, 1.500000000000000444, -6.999999999999999112 ) ) ;
#6555 = DIRECTION ( 'NONE',  ( -1.000000000000000000, 0.000000000000000000, -0.000000000000000000 ) ) ;
#6556 = ORIENTED_EDGE ( 'NONE', *, *, #4309, .F. ) ;
#6557 = ORIENTED_EDGE ( 'NONE', *, *, #6023, .T. ) ;
#6558 = ORIENTED_EDGE ( 'NONE', *, *, #6710, .F. ) ;
#6559 = LINE ( 'NONE', #1466, #5660 ) ;
#6560 = CYLINDRICAL_SURFACE ( 'NONE', #5242, 0.5000000000000004441 ) ;
#6561 = PLANE ( 'NONE',  #2208 ) ;
#6562 = EDGE_CURVE ( 'NONE', #2328, #4100, #1401, .T. ) ;
#6563 = DIRECTION ( 'NONE',  ( 0.000000000000000000, 1.000000000000000000, 0.000000000000000000 ) ) ;
#6564 = ORIENTED_EDGE ( 'NONE', *, *, #2538, .T. ) ;
#6565 = VERTEX_POINT ( 'NONE', #3850 ) ;
#6566 = DIRECTION ( 'NONE',  ( 0.000000000000000000, 0.000000000000000000, -1.000000000000000000 ) ) ;
#6567 = FACE_OUTER_BOUND ( 'NONE', #3627, .T. ) ;
#6568 = DIRECTION ( 'NONE',  ( 1.000000000000000000, -0.000000000000000000, 0.000000000000000000 ) ) ;
#6569 = ADVANCED_FACE ( 'NONE', ( #5600 ), #2176, .T. ) ;
#6570 = DIRECTION ( 'NONE',  ( -0.000000000000000000, -1.000000000000000000, -0.000000000000000000 ) ) ;
#6571 = ORIENTED_EDGE ( 'NONE', *, *, #5475, .F. ) ;
#6572 = ORIENTED_EDGE ( 'NONE', *, *, #5719, .F. ) ;
#6573 = ORIENTED_EDGE ( 'NONE', *, *, #3695, .T. ) ;
#6574 = ADVANCED_FACE ( 'NONE', ( #3217 ), #7271, .T. ) ;
#6575 = AXIS2_PLACEMENT_3D ( 'NONE', #4513, #3918, #539 ) ;
#6576 = CARTESIAN_POINT ( 'NONE',  ( 29.70000000000000639, -1.500000000000000000, -37.29999999999999716 ) ) ;
#6577 = DIRECTION ( 'NONE',  ( 1.000000000000000000, -0.000000000000000000, 0.000000000000000000 ) ) ;
#6578 = LINE ( 'NONE', #4388, #2552 ) ;
#6579 = ORIENTED_EDGE ( 'NONE', *, *, #772, .T. ) ;
#6580 = VECTOR ( 'NONE', #5506, 1000.000000000000000 ) ;
#6581 = VECTOR ( 'NONE', #6726, 1000.000000000000000 ) ;
#6582 = ORIENTED_EDGE ( 'NONE', *, *, #3383, .T. ) ;
#6583 = EDGE_LOOP ( 'NONE', ( #6381, #2675, #5800, #1464 ) ) ;
#6584 = DIRECTION ( 'NONE',  ( 1.000000000000000000, -0.000000000000000000, -0.000000000000000000 ) ) ;
#6585 = CARTESIAN_POINT ( 'NONE',  ( 28.19999999999999218, -0.2000000000000000111, -65.55000000000001137 ) ) ;
#6586 = DIRECTION ( 'NONE',  ( -0.000000000000000000, 1.000000000000000000, -0.000000000000000000 ) ) ;
#6587 = CIRCLE ( 'NONE', #1148, 0.5000000000000004441 ) ;
#6588 = CARTESIAN_POINT ( 'NONE',  ( 9.000000000000005329, -0.3999999999999999667, -45.09999999999999432 ) ) ;
#6589 = FACE_OUTER_BOUND ( 'NONE', #1546, .T. ) ;
#6590 = ADVANCED_FACE ( 'NONE', ( #1633 ), #1551, .T. ) ;
#6591 = DIRECTION ( 'NONE',  ( -0.000000000000000000, -1.000000000000000000, -0.000000000000000000 ) ) ;
#6592 = DIRECTION ( 'NONE',  ( -0.000000000000000000, -1.000000000000000000, -0.000000000000000000 ) ) ;
#6593 = ORIENTED_EDGE ( 'NONE', *, *, #3393, .T. ) ;
#6594 = ORIENTED_EDGE ( 'NONE', *, *, #7019, .T. ) ;
#6595 = AXIS2_PLACEMENT_3D ( 'NONE', #2125, #464, #2727 ) ;
#6596 = AXIS2_PLACEMENT_3D ( 'NONE', #517, #1671, #1776 ) ;
#6597 = EDGE_LOOP ( 'NONE', ( #3809, #3884, #6300, #6180 ) ) ;
#6598 = CARTESIAN_POINT ( 'NONE',  ( 28.70000000000000284, 1.500000000000000444, -2.000000000000008882 ) ) ;
#6599 = DIRECTION ( 'NONE',  ( 0.000000000000000000, 0.000000000000000000, -1.000000000000000000 ) ) ;
#6600 = EDGE_CURVE ( 'NONE', #7148, #5024, #1591, .T. ) ;
#6601 = DIRECTION ( 'NONE',  ( -1.541976423090507782E-14, 0.000000000000000000, 1.000000000000000000 ) ) ;
#6602 = CARTESIAN_POINT ( 'NONE',  ( 29.70000000000000639, 0.000000000000000000, -37.29999999999999716 ) ) ;
#6603 = AXIS2_PLACEMENT_3D ( 'NONE', #3280, #5588, #7295 ) ;
#6604 = ORIENTED_EDGE ( 'NONE', *, *, #3383, .F. ) ;
#6605 = EDGE_CURVE ( 'NONE', #7288, #4737, #3330, .T. ) ;
#6606 = VECTOR ( 'NONE', #6923, 1000.000000000000000 ) ;
#6607 = ORIENTED_EDGE ( 'NONE', *, *, #2376, .T. ) ;
#6608 = CARTESIAN_POINT ( 'NONE',  ( 34.83031945056170997, 1.244639535854047407, -36.60000000000000853 ) ) ;
#6609 = VECTOR ( 'NONE', #4159, 1000.000000000000000 ) ;
#6610 = LINE ( 'NONE', #2029, #6203 ) ;
#6611 = FACE_OUTER_BOUND ( 'NONE', #865, .T. ) ;
#6612 = DIRECTION ( 'NONE',  ( 1.000000000000000000, 0.000000000000000000, 0.000000000000000000 ) ) ;
#6613 = EDGE_LOOP ( 'NONE', ( #3670, #5026, #2141, #5267 ) ) ;
#6614 = VECTOR ( 'NONE', #3003, 1000.000000000000000 ) ;
#6615 = ORIENTED_EDGE ( 'NONE', *, *, #3708, .F. ) ;
#6616 = EDGE_CURVE ( 'NONE', #5077, #4519, #6084, .T. ) ;
#6617 = EDGE_CURVE ( 'NONE', #3585, #5697, #2100, .T. ) ;
#6618 = ADVANCED_FACE ( 'NONE', ( #441 ), #4408, .F. ) ;
#6619 = DIRECTION ( 'NONE',  ( 0.000000000000000000, -1.000000000000000000, 0.000000000000000000 ) ) ;
#6620 = CARTESIAN_POINT ( 'NONE',  ( 2.359223927328460173E-14, -0.5000000000000000000, -56.10000000000000142 ) ) ;
#6621 = LINE ( 'NONE', #3794, #900 ) ;
#6622 = EDGE_CURVE ( 'NONE', #762, #573, #557, .T. ) ;
#6623 = CC_DESIGN_APPROVAL ( #5756, ( #584 ) ) ;
#6624 = ORIENTED_EDGE ( 'NONE', *, *, #1462, .T. ) ;
#6625 = VECTOR ( 'NONE', #6148, 1000.000000000000000 ) ;
#6626 = EDGE_LOOP ( 'NONE', ( #1465, #2780, #5266, #918 ) ) ;
#6627 = ORIENTED_EDGE ( 'NONE', *, *, #196, .T. ) ;
#6628 = CIRCLE ( 'NONE', #1771, 1.000000000000000888 ) ;
#6629 = CARTESIAN_POINT ( 'NONE',  ( 26.79999999999998650, -0.3000000000000000444, -70.90000000000001990 ) ) ;
#6630 = CARTESIAN_POINT ( 'NONE',  ( 32.00000000000000000, -0.6000000000000000888, -71.09999999999998010 ) ) ;
#6631 = AXIS2_PLACEMENT_3D ( 'NONE', #3919, #1692, #656 ) ;
#6632 = LINE ( 'NONE', #949, #4672 ) ;
#6633 = CARTESIAN_POINT ( 'NONE',  ( 32.00000000000000000, -0.6000000000000000888, -70.59999999999998010 ) ) ;
#6634 = FACE_OUTER_BOUND ( 'NONE', #2837, .T. ) ;
#6635 = DIRECTION ( 'NONE',  ( 0.000000000000000000, -1.000000000000000000, 0.000000000000000000 ) ) ;
#6636 = LINE ( 'NONE', #2130, #3912 ) ;
#6637 = AXIS2_PLACEMENT_3D ( 'NONE', #1912, #806, #6555 ) ;
#6638 = EDGE_LOOP ( 'NONE', ( #2557, #7252, #3783, #3331 ) ) ;
#6639 = VERTEX_POINT ( 'NONE', #7312 ) ;
#6640 = EDGE_CURVE ( 'NONE', #2259, #580, #997, .T. ) ;
#6641 = ORIENTED_EDGE ( 'NONE', *, *, #6321, .F. ) ;
#6642 = DIRECTION ( 'NONE',  ( 0.000000000000000000, -1.000000000000000000, 0.000000000000000000 ) ) ;
#6643 = CARTESIAN_POINT ( 'NONE',  ( 26.04999999999998650, -0.3000000000000000444, -70.90000000000001990 ) ) ;
#6644 = LINE ( 'NONE', #4888, #1491 ) ;
#6645 = CARTESIAN_POINT ( 'NONE',  ( 31.99999999999999289, -0.3999999999999999667, -67.59999999999998010 ) ) ;
#6646 = ORIENTED_EDGE ( 'NONE', *, *, #4904, .T. ) ;
#6647 = ORIENTED_EDGE ( 'NONE', *, *, #3401, .T. ) ;
#6648 = EDGE_CURVE ( 'NONE', #2823, #2726, #6683, .T. ) ;
#6649 = ORIENTED_EDGE ( 'NONE', *, *, #2662, .F. ) ;
#6650 = CARTESIAN_POINT ( 'NONE',  ( 47.04999999999999716, -0.7999999999999999334, 0.000000000000000000 ) ) ;
#6651 = CARTESIAN_POINT ( 'NONE',  ( 27.54999999999998295, 0.000000000000000000, -70.90000000000001990 ) ) ;
#6652 = CARTESIAN_POINT ( 'NONE',  ( 29.69999999999997442, -2.299999999999999822, -2.000000000000000000 ) ) ;
#6653 = PLANE ( 'NONE',  #5664 ) ;
#6654 = ORIENTED_EDGE ( 'NONE', *, *, #2369, .F. ) ;
#6655 = EDGE_LOOP ( 'NONE', ( #4535, #3398, #5753, #6006 ) ) ;
#6656 = VERTEX_POINT ( 'NONE', #3933 ) ;
#6657 = FACE_OUTER_BOUND ( 'NONE', #4685, .T. ) ;
#6658 = PLANE ( 'NONE',  #1843 ) ;
#6659 = DIRECTION ( 'NONE',  ( -0.000000000000000000, 1.000000000000000000, -0.000000000000000000 ) ) ;
#6660 = ADVANCED_FACE ( 'NONE', ( #2256 ), #1672, .F. ) ;
#6661 = EDGE_CURVE ( 'NONE', #5915, #412, #5563, .T. ) ;
#6662 = ORIENTED_EDGE ( 'NONE', *, *, #1881, .F. ) ;
#6663 = ORIENTED_EDGE ( 'NONE', *, *, #4039, .T. ) ;
#6664 = ORIENTED_EDGE ( 'NONE', *, *, #6053, .F. ) ;
#6665 = CARTESIAN_POINT ( 'NONE',  ( 29.76000000000000512, -0.2999999999999999889, -71.09999999999999432 ) ) ;
#6666 = LINE ( 'NONE', #3835, #4323 ) ;
#6667 = LINE ( 'NONE', #1578, #4373 ) ;
#6668 = LINE ( 'NONE', #504, #1865 ) ;
#6669 = EDGE_CURVE ( 'NONE', #5707, #1663, #1513, .T. ) ;
#6670 = CARTESIAN_POINT ( 'NONE',  ( 28.00000000000000711, -0.6000000000000000888, -67.59999999999998010 ) ) ;
#6671 = DIRECTION ( 'NONE',  ( -0.000000000000000000, 1.000000000000000000, -0.000000000000000000 ) ) ;
#6672 = VECTOR ( 'NONE', #1669, 1000.000000000000000 ) ;
#6673 = VERTEX_POINT ( 'NONE', #3778 ) ;
#6674 = ORIENTED_EDGE ( 'NONE', *, *, #5723, .T. ) ;
#6675 = ADVANCED_FACE ( 'NONE', ( #6044 ), #961, .F. ) ;
#6676 = ORIENTED_EDGE ( 'NONE', *, *, #2323, .F. ) ;
#6677 = CARTESIAN_POINT ( 'NONE',  ( 19.20000000000000284, -0.2000000000000000111, -43.04999999999999716 ) ) ;
#6678 = AXIS2_PLACEMENT_3D ( 'NONE', #5607, #3975, #4975 ) ;
#6679 = DIRECTION ( 'NONE',  ( 1.000000000000000000, 0.000000000000000000, 0.000000000000000000 ) ) ;
#6680 = LINE ( 'NONE', #3249, #508 ) ;
#6681 = CIRCLE ( 'NONE', #4419, 7.000000000000000000 ) ;
#6682 = CARTESIAN_POINT ( 'NONE',  ( 17.84999999999999787, 1.500000000000000444, -41.60000000000000142 ) ) ;
#6683 = LINE ( 'NONE', #6720, #4726 ) ;
#6684 = VERTEX_POINT ( 'NONE', #6645 ) ;
#6685 = ORIENTED_EDGE ( 'NONE', *, *, #6544, .F. ) ;
#6686 = ORIENTED_EDGE ( 'NONE', *, *, #3485, .T. ) ;
#6687 = DIRECTION ( 'NONE',  ( -1.000000000000000000, 0.000000000000000000, 0.000000000000000000 ) ) ;
#6688 = LINE ( 'NONE', #6205, #6079 ) ;
#6689 = CARTESIAN_POINT ( 'NONE',  ( 46.39999999999999858, -0.3999999999999999667, -47.59999999999998010 ) ) ;
#6690 = CARTESIAN_POINT ( 'NONE',  ( 31.22000000000000597, -0.3999999999999999667, -71.09999999999999432 ) ) ;
#6691 = EDGE_CURVE ( 'NONE', #580, #2522, #6928, .T. ) ;
#6692 = VERTEX_POINT ( 'NONE', #6273 ) ;
#6693 = VERTEX_POINT ( 'NONE', #36 ) ;
#6694 = EDGE_LOOP ( 'NONE', ( #4860, #482, #3219, #1492 ) ) ;
#6695 = CARTESIAN_POINT ( 'NONE',  ( 29.69999999999997797, -2.299999999999999822, -41.29999999999999716 ) ) ;
#6696 = PLANE ( 'NONE',  #5647 ) ;
#6697 = ORIENTED_EDGE ( 'NONE', *, *, #6064, .F. ) ;
#6698 = ORIENTED_EDGE ( 'NONE', *, *, #981, .F. ) ;
#6699 = ORIENTED_EDGE ( 'NONE', *, *, #494, .T. ) ;
#6700 = DIRECTION ( 'NONE',  ( 0.000000000000000000, 0.000000000000000000, 1.000000000000000000 ) ) ;
#6701 = CARTESIAN_POINT ( 'NONE',  ( 10.00000000000000533, -0.5000000000000000000, -41.29999999999999716 ) ) ;
#6702 = FACE_OUTER_BOUND ( 'NONE', #2857, .T. ) ;
#6703 = DIRECTION ( 'NONE',  ( -0.000000000000000000, -1.000000000000000000, -0.000000000000000000 ) ) ;
#6704 = DIRECTION ( 'NONE',  ( 0.000000000000000000, -0.000000000000000000, -1.000000000000000000 ) ) ;
#6705 = VECTOR ( 'NONE', #2046, 1000.000000000000000 ) ;
#6706 = VECTOR ( 'NONE', #6466, 1000.000000000000000 ) ;
#6707 = LINE ( 'NONE', #5551, #349 ) ;
#6708 = ORIENTED_EDGE ( 'NONE', *, *, #6091, .F. ) ;
#6709 = ORIENTED_EDGE ( 'NONE', *, *, #1706, .F. ) ;
#6710 = EDGE_CURVE ( 'NONE', #6805, #572, #1155, .T. ) ;
#6711 = EDGE_CURVE ( 'NONE', #4898, #1924, #635, .T. ) ;
#6712 = AXIS2_PLACEMENT_3D ( 'NONE', #5096, #5498, #6241 ) ;
#6713 = VECTOR ( 'NONE', #4709, 1000.000000000000000 ) ;
#6714 = ORIENTED_EDGE ( 'NONE', *, *, #3985, .F. ) ;
#6715 = DIRECTION ( 'NONE',  ( -1.734723475976805517E-15, -0.000000000000000000, -1.000000000000000000 ) ) ;
#6716 = PLANE ( 'NONE',  #4318 ) ;
#6717 = LINE ( 'NONE', #1630, #3948 ) ;
#6718 = PERSON_AND_ORGANIZATION ( #4543, #3788 ) ;
#6719 = DIRECTION ( 'NONE',  ( 0.000000000000000000, -0.000000000000000000, -1.000000000000000000 ) ) ;
#6720 = CARTESIAN_POINT ( 'NONE',  ( 28.74999999999998224, 0.1000000000000000056, -62.40000000000000568 ) ) ;
#6721 = EDGE_CURVE ( 'NONE', #2381, #3311, #1193, .T. ) ;
#6722 = ORIENTED_EDGE ( 'NONE', *, *, #2755, .T. ) ;
#6723 = CIRCLE ( 'NONE', #1483, 0.5000000000000004441 ) ;
#6724 = ORIENTED_EDGE ( 'NONE', *, *, #2926, .T. ) ;
#6725 = VERTEX_POINT ( 'NONE', #5716 ) ;
#6726 = DIRECTION ( 'NONE',  ( 1.000000000000000000, 0.000000000000000000, 0.000000000000000000 ) ) ;
#6727 = CLOSED_SHELL ( 'NONE', ( #6327, #183, #1684, #3443, #4531, #3163 ) ) ;
#6728 = CARTESIAN_POINT ( 'NONE',  ( 31.99999999999999289, -0.6000000000000000888, -68.09999999999998010 ) ) ;
#6729 = LINE ( 'NONE', #1642, #3423 ) ;
#6730 = VECTOR ( 'NONE', #3329, 1000.000000000000000 ) ;
#6731 = CARTESIAN_POINT ( 'NONE',  ( 49.19999999999999574, -0.2999999999999999889, -47.09999999999998010 ) ) ;
#6732 = VECTOR ( 'NONE', #2171, 1000.000000000000000 ) ;
#6733 = ORIENTED_EDGE ( 'NONE', *, *, #361, .T. ) ;
#6734 = ORIENTED_EDGE ( 'NONE', *, *, #5379, .T. ) ;
#6735 = ORIENTED_EDGE ( 'NONE', *, *, #4029, .T. ) ;
#6736 = AXIS2_PLACEMENT_3D ( 'NONE', #3394, #4435, #3437 ) ;
#6737 = EDGE_CURVE ( 'NONE', #7303, #4384, #1221, .T. ) ;
#6738 = DIRECTION ( 'NONE',  ( 0.000000000000000000, 0.000000000000000000, 1.000000000000000000 ) ) ;
#6739 = DIRECTION ( 'NONE',  ( 0.000000000000000000, 0.000000000000000000, -1.000000000000000000 ) ) ;
#6740 = VECTOR ( 'NONE', #6535, 1000.000000000000000 ) ;
#6741 = ORIENTED_EDGE ( 'NONE', *, *, #3113, .T. ) ;
#6742 = ORIENTED_EDGE ( 'NONE', *, *, #4130, .T. ) ;
#6743 = LINE ( 'NONE', #619, #1970 ) ;
#6744 = ADVANCED_FACE ( 'NONE', ( #2891 ), #4109, .F. ) ;
#6745 = CARTESIAN_POINT ( 'NONE',  ( 32.00000000000000000, -0.5000000000000000000, -70.59999999999998010 ) ) ;
#6746 = AXIS2_PLACEMENT_3D ( 'NONE', #3208, #3839, #3320 ) ;
#6747 = LINE ( 'NONE', #426, #3138 ) ;
#6748 = LINE ( 'NONE', #2951, #227 ) ;
#6749 = DIRECTION ( 'NONE',  ( 0.000000000000000000, 0.000000000000000000, -1.000000000000000000 ) ) ;
#6750 = PLANE ( 'NONE',  #324 ) ;
#6751 = VECTOR ( 'NONE', #4875, 1000.000000000000000 ) ;
#6752 = DIRECTION ( 'NONE',  ( 1.000000000000000000, 0.000000000000000000, 0.000000000000000000 ) ) ;
#6753 = VERTEX_POINT ( 'NONE', #1840 ) ;
#6754 = EDGE_LOOP ( 'NONE', ( #1666, #1682, #1854, #4905 ) ) ;
#6755 = AXIS2_PLACEMENT_3D ( 'NONE', #6633, #909, #5434 ) ;
#6756 = EDGE_LOOP ( 'NONE', ( #2930, #4123, #2228, #5564 ) ) ;
#6757 = CARTESIAN_POINT ( 'NONE',  ( 29.04999999999999005, 0.000000000000000000, -68.90000000000001990 ) ) ;
#6758 = CARTESIAN_POINT ( 'NONE',  ( 0.000000000000000000, -0.1000000000000000056, 0.000000000000000000 ) ) ;
#6759 = CARTESIAN_POINT ( 'NONE',  ( 9.000000000000005329, -0.3999999999999999667, 0.000000000000000000 ) ) ;
#6760 = CARTESIAN_POINT ( 'NONE',  ( 35.70000000000000995, 0.5000000000000000000, -40.70050506338832719 ) ) ;
#6761 = VECTOR ( 'NONE', #368, 1000.000000000000000 ) ;
#6762 = DIRECTION ( 'NONE',  ( -0.000000000000000000, -0.000000000000000000, -1.000000000000000000 ) ) ;
#6763 = EDGE_CURVE ( 'NONE', #3841, #3384, #1253, .T. ) ;
#6764 = ORIENTED_EDGE ( 'NONE', *, *, #6131, .T. ) ;
#6765 = EDGE_CURVE ( 'NONE', #6173, #4752, #6867, .T. ) ;
#6766 = VERTEX_POINT ( 'NONE', #6309 ) ;
#6767 = EDGE_LOOP ( 'NONE', ( #1674, #4377, #2102, #3332 ) ) ;
#6768 = CARTESIAN_POINT ( 'NONE',  ( 25.59999999999998010, 0.1000000000000000056, -63.34999999999998721 ) ) ;
#6769 = CARTESIAN_POINT ( 'NONE',  ( 29.70000000000000639, -1.500000000000000000, -37.29999999999999716 ) ) ;
#6770 = CARTESIAN_POINT ( 'NONE',  ( 28.00000000000000711, -0.3999999999999999667, -71.09999999999999432 ) ) ;
#6771 = CARTESIAN_POINT ( 'NONE',  ( 31.65000000000000568, -0.3999999999999999667, -69.09999999999999432 ) ) ;
#6772 = EDGE_LOOP ( 'NONE', ( #489, #4603, #3797, #6647 ) ) ;
#6773 = ORIENTED_EDGE ( 'NONE', *, *, #2896, .T. ) ;
#6774 = EDGE_CURVE ( 'NONE', #1871, #5994, #5751, .T. ) ;
#6775 = DIRECTION ( 'NONE',  ( 0.000000000000000000, -0.000000000000000000, -1.000000000000000000 ) ) ;
#6776 = LINE ( 'NONE', #15, #7305 ) ;
#6777 = ORIENTED_EDGE ( 'NONE', *, *, #3393, .F. ) ;
#6778 = ORIENTED_EDGE ( 'NONE', *, *, #2302, .T. ) ;
#6779 = CARTESIAN_POINT ( 'NONE',  ( 31.65000000000000568, -0.2999999999999999889, -71.09999999999999432 ) ) ;
#6780 = CARTESIAN_POINT ( 'NONE',  ( 26.49999999999998934, -0.3000000000000000444, -68.90000000000001990 ) ) ;
#6781 = CARTESIAN_POINT ( 'NONE',  ( 49.19999999999999574, -0.3999999999999999667, -54.59999999999998010 ) ) ;
#6782 = CARTESIAN_POINT ( 'NONE',  ( 24.39999999999998792, -0.2000000000000000111, -65.90000000000001990 ) ) ;
#6783 = LINE ( 'NONE', #6983, #6609 ) ;
#6784 = CARTESIAN_POINT ( 'NONE',  ( 12.60000000000000497, -0.5000000000000000000, -41.29999999999999716 ) ) ;
#6785 = FACE_OUTER_BOUND ( 'NONE', #4807, .T. ) ;
#6786 = EDGE_CURVE ( 'NONE', #3856, #3236, #4009, .T. ) ;
#6787 = VERTEX_POINT ( 'NONE', #5194 ) ;
#6788 = ORIENTED_EDGE ( 'NONE', *, *, #3071, .F. ) ;
#6789 = ORIENTED_EDGE ( 'NONE', *, *, #5909, .F. ) ;
#6790 = CARTESIAN_POINT ( 'NONE',  ( 0.000000000000000000, -0.5000000000000000000, 0.000000000000000000 ) ) ;
#6791 = CARTESIAN_POINT ( 'NONE',  ( 25.09999999999998010, 0.1000000000000000056, -64.84999999999999432 ) ) ;
#6792 = DIRECTION ( 'NONE',  ( -1.000000000000000000, -0.000000000000000000, -0.000000000000000000 ) ) ;
#6793 = SECURITY_CLASSIFICATION_LEVEL ( 'unclassified' ) ;
#6794 = DIRECTION ( 'NONE',  ( -0.000000000000000000, 1.000000000000000000, -0.000000000000000000 ) ) ;
#6795 = DIRECTION ( 'NONE',  ( -1.000000000000000000, 0.000000000000000000, 0.000000000000000000 ) ) ;
#6796 = ORIENTED_EDGE ( 'NONE', *, *, #532, .F. ) ;
#6797 = VECTOR ( 'NONE', #5634, 1000.000000000000000 ) ;
#6798 = ORIENTED_EDGE ( 'NONE', *, *, #7274, .F. ) ;
#6799 = VECTOR ( 'NONE', #7175, 1000.000000000000000 ) ;
#6800 = DIRECTION ( 'NONE',  ( 1.000000000000000000, -0.000000000000000000, -0.000000000000000000 ) ) ;
#6801 = ADVANCED_FACE ( 'NONE', ( #4560 ), #3970, .F. ) ;
#6802 = DIRECTION ( 'NONE',  ( -0.000000000000000000, 1.000000000000000000, -0.000000000000000000 ) ) ;
#6803 = LINE ( 'NONE', #1013, #894 ) ;
#6804 = DIRECTION ( 'NONE',  ( 2.930276141852714570E-17, -0.000000000000000000, -1.000000000000000000 ) ) ;
#6805 = VERTEX_POINT ( 'NONE', #2400 ) ;
#6806 = ORIENTED_EDGE ( 'NONE', *, *, #1892, .F. ) ;
#6807 = EDGE_CURVE ( 'NONE', #3905, #6265, #2367, .T. ) ;
#6808 = EDGE_CURVE ( 'NONE', #4181, #6831, #6341, .T. ) ;
#6809 = PLANE ( 'NONE',  #5481 ) ;
#6810 = CARTESIAN_POINT ( 'NONE',  ( 12.60000000000000497, -0.5000000000000000000, -44.29999999999999716 ) ) ;
#6811 = ORIENTED_EDGE ( 'NONE', *, *, #6534, .F. ) ;
#6812 = EDGE_CURVE ( 'NONE', #5983, #3212, #5791, .T. ) ;
#6813 = ORIENTED_EDGE ( 'NONE', *, *, #4693, .F. ) ;
#6814 = PLANE ( 'NONE',  #6845 ) ;
#6815 = CARTESIAN_POINT ( 'NONE',  ( 31.65000000000000568, -0.3999999999999999667, -71.09999999999999432 ) ) ;
#6816 = CARTESIAN_POINT ( 'NONE',  ( 25.59999999999998010, 0.1000000000000000056, -63.34999999999998721 ) ) ;
#6817 = DIRECTION ( 'NONE',  ( -0.000000000000000000, 0.000000000000000000, 1.000000000000000000 ) ) ;
#6818 = CARTESIAN_POINT ( 'NONE',  ( 47.04999999999999716, -0.7999999999999999334, -48.09999999999998010 ) ) ;
#6819 = DIRECTION ( 'NONE',  ( -0.000000000000000000, 1.000000000000000000, -0.000000000000000000 ) ) ;
#6820 = CARTESIAN_POINT ( 'NONE',  ( 30.49000000000000554, -0.2999999999999999889, -71.09999999999999432 ) ) ;
#6821 = VERTEX_POINT ( 'NONE', #6233 ) ;
#6822 = ORIENTED_EDGE ( 'NONE', *, *, #1744, .T. ) ;
#6823 = CARTESIAN_POINT ( 'NONE',  ( 31.19999999999999218, -0.5000000000000000000, -55.59999999999998721 ) ) ;
#6824 = EDGE_CURVE ( 'NONE', #1585, #3384, #143, .T. ) ;
#6825 = ADVANCED_FACE ( 'NONE', ( #175 ), #2432, .T. ) ;
#6826 = FACE_OUTER_BOUND ( 'NONE', #6895, .T. ) ;
#6827 = VECTOR ( 'NONE', #3966, 1000.000000000000000 ) ;
#6828 = CARTESIAN_POINT ( 'NONE',  ( 28.73000000000000753, -0.2999999999999999889, -71.09999999999999432 ) ) ;
#6829 = DIRECTION ( 'NONE',  ( -0.000000000000000000, -1.000000000000000000, -0.000000000000000000 ) ) ;
#6830 = CARTESIAN_POINT ( 'NONE',  ( 20.26999999999999957, -0.4000000000000000222, -41.29999999999999716 ) ) ;
#6831 = VERTEX_POINT ( 'NONE', #2856 ) ;
#6832 = VECTOR ( 'NONE', #1276, 1000.000000000000000 ) ;
#6833 = AXIS2_PLACEMENT_3D ( 'NONE', #5380, #2560, #2679 ) ;
#6834 = VERTEX_POINT ( 'NONE', #5123 ) ;
#6835 = DIRECTION ( 'NONE',  ( 1.000000000000000000, 0.000000000000000000, 0.000000000000000000 ) ) ;
#6836 = EDGE_CURVE ( 'NONE', #2124, #4998, #5292, .T. ) ;
#6837 = PLANE ( 'NONE',  #157 ) ;
#6838 = DIRECTION ( 'NONE',  ( 1.000000000000000000, 0.000000000000000000, 4.205390244792263776E-16 ) ) ;
#6839 = LINE ( 'NONE', #1200, #6278 ) ;
#6840 = ORIENTED_EDGE ( 'NONE', *, *, #5880, .T. ) ;
#6841 = ORIENTED_EDGE ( 'NONE', *, *, #7114, .T. ) ;
#6842 = AXIS2_PLACEMENT_3D ( 'NONE', #1191, #634, #6719 ) ;
#6843 = DIRECTION ( 'NONE',  ( -1.734723475976805517E-15, -0.000000000000000000, -1.000000000000000000 ) ) ;
#6844 = CARTESIAN_POINT ( 'NONE',  ( 28.74999999999998579, 0.000000000000000000, -70.90000000000001990 ) ) ;
#6845 = AXIS2_PLACEMENT_3D ( 'NONE', #2239, #5699, #5176 ) ;
#6846 = EDGE_CURVE ( 'NONE', #2123, #1505, #770, .T. ) ;
#6847 = EDGE_CURVE ( 'NONE', #7016, #3663, #5329, .T. ) ;
#6848 = EDGE_LOOP ( 'NONE', ( #4149, #6101, #2284, #1931 ) ) ;
#6849 = AXIS2_PLACEMENT_3D ( 'NONE', #1278, #1903, #3541 ) ;
#6850 = ADVANCED_FACE ( 'NONE', ( #5395 ), #1425, .F. ) ;
#6851 = ORIENTED_EDGE ( 'NONE', *, *, #355, .T. ) ;
#6852 = DIRECTION ( 'NONE',  ( 0.000000000000000000, -1.000000000000000000, 0.000000000000000000 ) ) ;
#6853 = DIRECTION ( 'NONE',  ( 0.000000000000000000, 0.000000000000000000, -1.000000000000000000 ) ) ;
#6854 = EDGE_CURVE ( 'NONE', #6063, #1405, #7073, .T. ) ;
#6855 = AXIS2_PLACEMENT_3D ( 'NONE', #2673, #6243, #7242 ) ;
#6856 = DIRECTION ( 'NONE',  ( 0.000000000000000000, 0.000000000000000000, 1.000000000000000000 ) ) ;
#6857 = PLANE ( 'NONE',  #6392 ) ;
#6858 = CARTESIAN_POINT ( 'NONE',  ( 26.04999999999999005, 0.000000000000000000, -68.90000000000001990 ) ) ;
#6859 = PLANE ( 'NONE',  #3155 ) ;
#6860 = DIRECTION ( 'NONE',  ( 0.000000000000000000, -1.000000000000000000, 0.000000000000000000 ) ) ;
#6861 = ORIENTED_EDGE ( 'NONE', *, *, #4597, .F. ) ;
#6862 = VERTEX_POINT ( 'NONE', #247 ) ;
#6863 = PLANE ( 'NONE',  #1165 ) ;
#6864 = CARTESIAN_POINT ( 'NONE',  ( 46.39999999999999858, -0.3999999999999999667, -54.09999999999998010 ) ) ;
#6865 = APPROVAL_STATUS ( 'not_yet_approved' ) ;
#6866 = LINE ( 'NONE', #6197, #4339 ) ;
#6867 = LINE ( 'NONE', #1777, #3062 ) ;
#6868 = ORIENTED_EDGE ( 'NONE', *, *, #374, .T. ) ;
#6869 = ADVANCED_FACE ( 'NONE', ( #4282 ), #3061, .F. ) ;
#6870 = VECTOR ( 'NONE', #6496, 1000.000000000000000 ) ;
#6871 = EDGE_LOOP ( 'NONE', ( #311, #7053, #176, #3757 ) ) ;
#6872 = FACE_OUTER_BOUND ( 'NONE', #4422, .T. ) ;
#6873 = AXIS2_PLACEMENT_3D ( 'NONE', #4666, #6938, #1850 ) ;
#6874 = CARTESIAN_POINT ( 'NONE',  ( 6.000000000000031086, -0.1000000000000000056, -41.29999999999999716 ) ) ;
#6875 = CARTESIAN_POINT ( 'NONE',  ( 28.59999999999998010, 0.1000000000000000056, -63.34999999999998721 ) ) ;
#6876 = LINE ( 'NONE', #5798, #2458 ) ;
#6877 = EDGE_CURVE ( 'NONE', #2391, #745, #3685, .T. ) ;
#6878 = ORIENTED_EDGE ( 'NONE', *, *, #6097, .T. ) ;
#6879 = ORIENTED_EDGE ( 'NONE', *, *, #2942, .T. ) ;
#6880 = VECTOR ( 'NONE', #6299, 1000.000000000000000 ) ;
#6881 = CARTESIAN_POINT ( 'NONE',  ( 24.49999999999998934, -0.2000000000000000111, -58.90000000000001279 ) ) ;
#6882 = CARTESIAN_POINT ( 'NONE',  ( 46.39999999999999858, -0.2999999999999999889, -47.59999999999998010 ) ) ;
#6883 = VERTEX_POINT ( 'NONE', #3583 ) ;
#6884 = CARTESIAN_POINT ( 'NONE',  ( 25.74999999999998934, -0.3000000000000000444, -70.90000000000001990 ) ) ;
#6885 = DIRECTION ( 'NONE',  ( 0.000000000000000000, 0.000000000000000000, -1.000000000000000000 ) ) ;
#6886 = EDGE_CURVE ( 'NONE', #2768, #5250, #4215, .T. ) ;
#6887 = CARTESIAN_POINT ( 'NONE',  ( 20.26999999999999957, -0.5000000000000000000, -41.29999999999999716 ) ) ;
#6888 = EDGE_CURVE ( 'NONE', #3656, #4460, #2016, .T. ) ;
#6889 = LINE ( 'NONE', #3391, #6281 ) ;
#6890 = VECTOR ( 'NONE', #663, 1000.000000000000000 ) ;
#6891 = CARTESIAN_POINT ( 'NONE',  ( 24.99999999999998579, -0.2000000000000000111, -70.90000000000001990 ) ) ;
#6892 = LINE ( 'NONE', #1829, #3171 ) ;
#6893 = ORIENTED_EDGE ( 'NONE', *, *, #2871, .F. ) ;
#6894 = VERTEX_POINT ( 'NONE', #1984 ) ;
#6895 = EDGE_LOOP ( 'NONE', ( #1232, #7333, #4526, #7051 ) ) ;
#6896 = ADVANCED_FACE ( 'NONE', ( #1394 ), #3127, .T. ) ;
#6897 = PLANE ( 'NONE',  #1357 ) ;
#6898 = FACE_OUTER_BOUND ( 'NONE', #5642, .T. ) ;
#6899 = LINE ( 'NONE', #5436, #434 ) ;
#6900 = CARTESIAN_POINT ( 'NONE',  ( 46.89999999999999858, -0.3999999999999999667, -54.59999999999998010 ) ) ;
#6901 = ORIENTED_EDGE ( 'NONE', *, *, #3508, .T. ) ;
#6902 = EDGE_CURVE ( 'NONE', #103, #1687, #2576, .T. ) ;
#6903 = EDGE_LOOP ( 'NONE', ( #3074, #5396, #3047, #5035 ) ) ;
#6904 = DIRECTION ( 'NONE',  ( -0.000000000000000000, 1.000000000000000000, -0.000000000000000000 ) ) ;
#6905 = DIRECTION ( 'NONE',  ( 0.000000000000000000, 0.000000000000000000, 1.000000000000000000 ) ) ;
#6906 = PLANE ( 'NONE',  #560 ) ;
#6907 = DIRECTION ( 'NONE',  ( 0.000000000000000000, 0.000000000000000000, -1.000000000000000000 ) ) ;
#6908 = AXIS2_PLACEMENT_3D ( 'NONE', #1430, #2621, #6599 ) ;
#6909 = ORIENTED_EDGE ( 'NONE', *, *, #1040, .F. ) ;
#6910 = AXIS2_PLACEMENT_3D ( 'NONE', #1303, #750, #884 ) ;
#6911 = DIRECTION ( 'NONE',  ( -1.000000000000000000, 0.000000000000000000, 2.081668171172108939E-13 ) ) ;
#6912 = LINE ( 'NONE', #2978, #3262 ) ;
#6913 = VECTOR ( 'NONE', #6935, 1000.000000000000000 ) ;
#6914 = EDGE_CURVE ( 'NONE', #1062, #2485, #4841, .T. ) ;
#6915 = ORIENTED_EDGE ( 'NONE', *, *, #85, .T. ) ;
#6916 = CARTESIAN_POINT ( 'NONE',  ( 27.99999999999998579, -0.3000000000000000444, -70.90000000000001990 ) ) ;
#6917 = LINE ( 'NONE', #1726, #4456 ) ;
#6918 = DIRECTION ( 'NONE',  ( 1.000000000000000000, 0.000000000000000000, 0.000000000000000000 ) ) ;
#6919 = FACE_BOUND ( 'NONE', #73, .T. ) ;
#6920 = LINE ( 'NONE', #100, #6511 ) ;
#6921 = ORIENTED_EDGE ( 'NONE', *, *, #6075, .F. ) ;
#6922 = ORIENTED_EDGE ( 'NONE', *, *, #1892, .T. ) ;
#6923 = DIRECTION ( 'NONE',  ( 1.000000000000000000, 0.000000000000000000, 0.000000000000000000 ) ) ;
#6924 = CARTESIAN_POINT ( 'NONE',  ( 30.49000000000000554, -0.2999999999999999889, -71.09999999999999432 ) ) ;
#6925 = FACE_OUTER_BOUND ( 'NONE', #347, .T. ) ;
#6926 = PLANE ( 'NONE',  #6388 ) ;
#6927 = DIRECTION ( 'NONE',  ( 0.000000000000000000, 1.000000000000000000, 0.000000000000000000 ) ) ;
#6928 = LINE ( 'NONE', #5823, #4717 ) ;
#6929 = ORIENTED_EDGE ( 'NONE', *, *, #3558, .F. ) ;
#6930 = EDGE_CURVE ( 'NONE', #5024, #7275, #3652, .T. ) ;
#6931 = ADVANCED_FACE ( 'NONE', ( #3027 ), #5923, .T. ) ;
#6932 = VECTOR ( 'NONE', #5711, 1000.000000000000000 ) ;
#6933 = ORIENTED_EDGE ( 'NONE', *, *, #3113, .F. ) ;
#6934 = FACE_OUTER_BOUND ( 'NONE', #4536, .T. ) ;
#6935 = DIRECTION ( 'NONE',  ( -0.000000000000000000, -1.000000000000000000, -0.000000000000000000 ) ) ;
#6936 = EDGE_CURVE ( 'NONE', #2390, #6093, #2504, .T. ) ;
#6937 = CARTESIAN_POINT ( 'NONE',  ( 0.000000000000000000, -0.3999999999999999667, 0.000000000000000000 ) ) ;
#6938 = DIRECTION ( 'NONE',  ( 0.000000000000000000, 0.000000000000000000, -1.000000000000000000 ) ) ;
#6939 = ORIENTED_EDGE ( 'NONE', *, *, #4120, .F. ) ;
#6940 = VECTOR ( 'NONE', #2172, 1000.000000000000000 ) ;
#6941 = AXIS2_PLACEMENT_3D ( 'NONE', #3152, #4900, #7166 ) ;
#6942 = VERTEX_POINT ( 'NONE', #4692 ) ;
#6943 = CIRCLE ( 'NONE', #1255, 4.000000000000000000 ) ;
#6944 = VECTOR ( 'NONE', #5903, 1000.000000000000000 ) ;
#6945 = DIRECTION ( 'NONE',  ( -1.000000000000000000, 0.000000000000000000, -0.000000000000000000 ) ) ;
#6946 = CARTESIAN_POINT ( 'NONE',  ( 0.000000000000000000, -0.3999999999999999667, 0.000000000000000000 ) ) ;
#6947 = ORIENTED_EDGE ( 'NONE', *, *, #4904, .F. ) ;
#6948 = VECTOR ( 'NONE', #6103, 1000.000000000000000 ) ;
#6949 = EDGE_CURVE ( 'NONE', #5117, #580, #6966, .T. ) ;
#6950 = VECTOR ( 'NONE', #6927, 1000.000000000000000 ) ;
#6951 = FACE_OUTER_BOUND ( 'NONE', #7198, .T. ) ;
#6952 = DIRECTION ( 'NONE',  ( 1.000000000000000000, 0.000000000000000000, -0.000000000000000000 ) ) ;
#6953 = CARTESIAN_POINT ( 'NONE',  ( 28.70000000000000284, 1.500000000000000444, -2.000000000000009770 ) ) ;
#6954 = LINE ( 'NONE', #796, #6005 ) ;
#6955 = CIRCLE ( 'NONE', #6736, 4.000000000000000000 ) ;
#6956 = CARTESIAN_POINT ( 'NONE',  ( 49.69999999999999574, -0.3999999999999999667, -54.09999999999998010 ) ) ;
#6957 = VERTEX_POINT ( 'NONE', #1322 ) ;
#6958 = AXIS2_PLACEMENT_3D ( 'NONE', #3324, #4484, #3963 ) ;
#6959 = EDGE_CURVE ( 'NONE', #7263, #5793, #5855, .T. ) ;
#6960 = VERTEX_POINT ( 'NONE', #2050 ) ;
#6961 = VECTOR ( 'NONE', #951, 1000.000000000000000 ) ;
#6962 = DIRECTION ( 'NONE',  ( 0.000000000000000000, 0.000000000000000000, 1.000000000000000000 ) ) ;
#6963 = DIRECTION ( 'NONE',  ( 0.000000000000000000, 1.000000000000000000, 0.000000000000000000 ) ) ;
#6964 = CARTESIAN_POINT ( 'NONE',  ( 0.8696805494382850998, 1.244639535854047407, -36.60000000000000142 ) ) ;
#6965 = LINE ( 'NONE', #3552, #1626 ) ;
#6966 = LINE ( 'NONE', #4148, #3553 ) ;
#6967 = AXIS2_PLACEMENT_3D ( 'NONE', #3491, #46, #6907 ) ;
#6968 = ORIENTED_EDGE ( 'NONE', *, *, #1414, .T. ) ;
#6969 = ORIENTED_EDGE ( 'NONE', *, *, #2985, .T. ) ;
#6970 = FACE_OUTER_BOUND ( 'NONE', #520, .T. ) ;
#6971 = CARTESIAN_POINT ( 'NONE',  ( 31.65000000000000568, -0.2999999999999999889, -71.09999999999999432 ) ) ;
#6972 = ADVANCED_FACE ( 'NONE', ( #4319 ), #431, .F. ) ;
#6973 = CARTESIAN_POINT ( 'NONE',  ( 25.74999999999998934, 0.000000000000000000, -70.90000000000001990 ) ) ;
#6974 = EDGE_CURVE ( 'NONE', #3311, #5554, #6110, .T. ) ;
#6975 = DIRECTION ( 'NONE',  ( 0.000000000000000000, 0.000000000000000000, -1.000000000000000000 ) ) ;
#6976 = AXIS2_PLACEMENT_3D ( 'NONE', #5172, #5269, #4748 ) ;
#6977 = ORIENTED_EDGE ( 'NONE', *, *, #4076, .T. ) ;
#6978 = ORIENTED_EDGE ( 'NONE', *, *, #6562, .T. ) ;
#6979 = APPROVAL_PERSON_ORGANIZATION ( #600, #3441, #2964 ) ;
#6980 = VECTOR ( 'NONE', #6918, 1000.000000000000000 ) ;
#6981 = DIRECTION ( 'NONE',  ( -1.000000000000000000, -0.000000000000000000, -0.000000000000000000 ) ) ;
#6982 = LINE ( 'NONE', #4671, #5989 ) ;
#6983 = CARTESIAN_POINT ( 'NONE',  ( 12.00000000000000533, -0.5000000000000000000, -41.29999999999999716 ) ) ;
#6984 = CIRCLE ( 'NONE', #4608, 0.5000000000000004441 ) ;
#6985 = ORIENTED_EDGE ( 'NONE', *, *, #4260, .T. ) ;
#6986 = ORIENTED_EDGE ( 'NONE', *, *, #3156, .F. ) ;
#6987 = EDGE_CURVE ( 'NONE', #5037, #6536, #2651, .T. ) ;
#6988 = AXIS2_PLACEMENT_3D ( 'NONE', #2279, #4586, #1214 ) ;
#6989 = CARTESIAN_POINT ( 'NONE',  ( 33.70000000000000995, 0.000000000000000000, -37.29999999999996163 ) ) ;
#6990 = CARTESIAN_POINT ( 'NONE',  ( 28.70000000000000284, 1.244639535854047407, -42.73031945056171566 ) ) ;
#6991 = CARTESIAN_POINT ( 'NONE',  ( 19.27000000000000313, -0.4000000000000000222, -44.29999999999999716 ) ) ;
#6992 = LINE ( 'NONE', #6331, #1272 ) ;
#6993 = ORIENTED_EDGE ( 'NONE', *, *, #1166, .T. ) ;
#6994 = ORIENTED_EDGE ( 'NONE', *, *, #6066, .F. ) ;
#6995 = CARTESIAN_POINT ( 'NONE',  ( 4.071067811865475505, 1.500000000000000666, -41.59999999999998721 ) ) ;
#6996 = DIRECTION ( 'NONE',  ( 1.000000000000000000, 0.000000000000000000, 0.000000000000000000 ) ) ;
#6997 = CARTESIAN_POINT ( 'NONE',  ( 0.000000000000000000, 0.000000000000000000, 0.000000000000000000 ) ) ;
#6998 = CARTESIAN_POINT ( 'NONE',  ( 30.49999999999997868, -0.2000000000000000111, -59.04999999999999716 ) ) ;
#6999 = EDGE_CURVE ( 'NONE', #5487, #1938, #5104, .T. ) ;
#7000 = DIRECTION ( 'NONE',  ( 0.000000000000000000, 0.000000000000000000, -1.000000000000000000 ) ) ;
#7001 = CARTESIAN_POINT ( 'NONE',  ( 24.49999999999998934, -0.1000000000000000056, -58.90000000000001279 ) ) ;
#7002 = ORIENTED_EDGE ( 'NONE', *, *, #5618, .F. ) ;
#7003 = ORIENTED_EDGE ( 'NONE', *, *, #7036, .T. ) ;
#7004 = LINE ( 'NONE', #7116, #1503 ) ;
#7005 = CARTESIAN_POINT ( 'NONE',  ( 31.99999999999999289, -0.6000000000000000888, -67.59999999999998010 ) ) ;
#7006 = CARTESIAN_POINT ( 'NONE',  ( 14.90000000000000391, -0.2000000000000000111, -41.30000000000002558 ) ) ;
#7007 = LINE ( 'NONE', #3070, #1886 ) ;
#7008 = ORIENTED_EDGE ( 'NONE', *, *, #5295, .F. ) ;
#7009 = ADVANCED_FACE ( 'NONE', ( #2090 ), #3805, .T. ) ;
#7010 = ORIENTED_EDGE ( 'NONE', *, *, #3319, .T. ) ;
#7011 = LINE ( 'NONE', #121, #2884 ) ;
#7012 = LINE ( 'NONE', #4086, #5427 ) ;
#7013 = DIRECTION ( 'NONE',  ( -0.000000000000000000, 1.000000000000000000, -0.000000000000000000 ) ) ;
#7014 = AXIS2_PLACEMENT_3D ( 'NONE', #7202, #371, #6566 ) ;
#7015 = EDGE_LOOP ( 'NONE', ( #4879, #132, #4962, #6735 ) ) ;
#7016 = VERTEX_POINT ( 'NONE', #5033 ) ;
#7017 = EDGE_LOOP ( 'NONE', ( #4365, #2293, #3979, #5352 ) ) ;
#7018 = EDGE_CURVE ( 'NONE', #413, #3759, #3359, .T. ) ;
#7019 = EDGE_CURVE ( 'NONE', #4241, #3705, #7225, .T. ) ;
#7020 =( BOUNDED_SURFACE ( )  B_SPLINE_SURFACE ( 2, 3, ( 
 ( #3448, #4488, #6760, #2255 ),
 ( #6272, #1116, #4559, #5155 ),
 ( #3366, #480, #3291, #4524 ) ),
 .UNSPECIFIED., .F., .F., .F. ) 
 B_SPLINE_SURFACE_WITH_KNOTS ( ( 3, 3 ),
 ( 4, 4 ),
 ( 0.000000000000000000, 1.000000000000000000 ),
 ( 0.000000000000000000, 1.000000000000000000 ),
 .UNSPECIFIED. ) 
 GEOMETRIC_REPRESENTATION_ITEM ( )  RATIONAL_B_SPLINE_SURFACE ( (
 ( 1.000000000000000000, 0.8047378541243649375, 0.8047378541243649375, 1.000000000000000000),
 ( 1.000000000000000000, 0.8047378541243649375, 0.8047378541243649375, 1.000000000000000000),
 ( 1.000000000000000000, 0.8047378541243649375, 0.8047378541243649375, 1.000000000000000000) ) ) 
 REPRESENTATION_ITEM ( '' )  SURFACE ( )  );
#7021 = VECTOR ( 'NONE', #2379, 1000.000000000000000 ) ;
#7022 = LINE ( 'NONE', #4091, #6706 ) ;
#7023 = CARTESIAN_POINT ( 'NONE',  ( 12.60000000000000497, -0.4000000000000000222, -41.29999999999999716 ) ) ;
#7024 = PLANE ( 'NONE',  #5432 ) ;
#7025 = CARTESIAN_POINT ( 'NONE',  ( 23.99999999999998579, -0.2000000000000000111, -65.50000000000001421 ) ) ;
#7026 = EDGE_CURVE ( 'NONE', #3833, #3990, #6707, .T. ) ;
#7027 = ORIENTED_EDGE ( 'NONE', *, *, #3608, .F. ) ;
#7028 = ORIENTED_EDGE ( 'NONE', *, *, #2523, .T. ) ;
#7029 = LINE ( 'NONE', #2607, #5105 ) ;
#7030 = CARTESIAN_POINT ( 'NONE',  ( 0.000000000000000000, -0.3999999999999999667, 0.000000000000000000 ) ) ;
#7031 = CARTESIAN_POINT ( 'NONE',  ( 32.50000000000000000, -0.5000000000000000000, -70.59999999999998010 ) ) ;
#7032 = DIRECTION ( 'NONE',  ( -0.000000000000000000, 1.000000000000000000, -0.000000000000000000 ) ) ;
#7033 = LINE ( 'NONE', #6414, #1743 ) ;
#7034 = CARTESIAN_POINT ( 'NONE',  ( 33.70000000000000284, -0.1000000000000000056, -6.000000000000028422 ) ) ;
#7035 = ORIENTED_EDGE ( 'NONE', *, *, #4054, .T. ) ;
#7036 = EDGE_CURVE ( 'NONE', #5058, #3833, #6636, .T. ) ;
#7037 = VERTEX_POINT ( 'NONE', #1543 ) ;
#7038 = FACE_OUTER_BOUND ( 'NONE', #444, .T. ) ;
#7039 = CARTESIAN_POINT ( 'NONE',  ( 9.500000000000005329, -0.3999999999999999667, -45.09999999999999432 ) ) ;
#7040 = DIRECTION ( 'NONE',  ( 0.000000000000000000, 0.000000000000000000, -1.000000000000000000 ) ) ;
#7041 = LINE ( 'NONE', #3732, #4842 ) ;
#7042 = ORIENTED_EDGE ( 'NONE', *, *, #2114, .F. ) ;
#7043 = EDGE_CURVE ( 'NONE', #685, #2390, #507, .T. ) ;
#7044 = ORIENTED_EDGE ( 'NONE', *, *, #5789, .T. ) ;
#7045 = LINE ( 'NONE', #4818, #5603 ) ;
#7046 = DIRECTION ( 'NONE',  ( 0.000000000000000000, -0.000000000000000000, -1.000000000000000000 ) ) ;
#7047 = PLANE ( 'NONE',  #6025 ) ;
#7048 = AXIS2_PLACEMENT_3D ( 'NONE', #5326, #1498, #1391 ) ;
#7049 = AXIS2_PLACEMENT_3D ( 'NONE', #2145, #3335, #4974 ) ;
#7050 = LINE ( 'NONE', #5374, #6490 ) ;
#7051 = ORIENTED_EDGE ( 'NONE', *, *, #659, .T. ) ;
#7052 = VERTEX_POINT ( 'NONE', #2732 ) ;
#7053 = ORIENTED_EDGE ( 'NONE', *, *, #5504, .F. ) ;
#7054 = VECTOR ( 'NONE', #4306, 1000.000000000000000 ) ;
#7055 = VECTOR ( 'NONE', #2869, 1000.000000000000000 ) ;
#7056 = CARTESIAN_POINT ( 'NONE',  ( 28.59999999999998010, -0.1000000000000000056, -64.84999999999999432 ) ) ;
#7057 = DIRECTION ( 'NONE',  ( -0.000000000000000000, -1.000000000000000000, -0.000000000000000000 ) ) ;
#7058 = FACE_OUTER_BOUND ( 'NONE', #4987, .T. ) ;
#7059 = CC_DESIGN_DATE_AND_TIME_ASSIGNMENT ( #2289, #6271, ( #3192 ) ) ;
#7060 = EDGE_CURVE ( 'NONE', #4375, #7264, #4996, .T. ) ;
#7061 = EDGE_CURVE ( 'NONE', #3656, #3942, #2613, .T. ) ;
#7062 = VECTOR ( 'NONE', #2191, 1000.000000000000000 ) ;
#7063 = ORIENTED_EDGE ( 'NONE', *, *, #6605, .F. ) ;
#7064 = ORIENTED_EDGE ( 'NONE', *, *, #5302, .T. ) ;
#7065 = CLOSED_SHELL ( 'NONE', ( #6317, #3180, #2066, #5409, #2625, #4533, #6343, #2969, #2258, #4702 ) ) ;
#7066 = EDGE_CURVE ( 'NONE', #1018, #957, #1070, .T. ) ;
#7067 = CARTESIAN_POINT ( 'NONE',  ( 3.408942007540527008, 1.244639535854047629, -42.73031945056172276 ) ) ;
#7068 = DIRECTION ( 'NONE',  ( -0.000000000000000000, 1.000000000000000000, -0.000000000000000000 ) ) ;
#7069 = VECTOR ( 'NONE', #6829, 1000.000000000000000 ) ;
#7070 = FACE_OUTER_BOUND ( 'NONE', #6583, .T. ) ;
#7071 = DIRECTION ( 'NONE',  ( 0.000000000000000000, -0.000000000000000000, -1.000000000000000000 ) ) ;
#7072 = DIRECTION ( 'NONE',  ( 0.000000000000000000, -1.000000000000000000, 0.000000000000000000 ) ) ;
#7073 = LINE ( 'NONE', #283, #4376 ) ;
#7074 = CIRCLE ( 'NONE', #5068, 0.5000000000000004441 ) ;
#7075 = VERTEX_POINT ( 'NONE', #2203 ) ;
#7076 = VECTOR ( 'NONE', #5318, 1000.000000000000000 ) ;
#7077 = EDGE_CURVE ( 'NONE', #6787, #4019, #7145, .T. ) ;
#7078 = ORIENTED_EDGE ( 'NONE', *, *, #1856, .T. ) ;
#7079 = CARTESIAN_POINT ( 'NONE',  ( 28.70000000000000284, 0.5000000000000000000, -43.60000000000000142 ) ) ;
#7080 = CARTESIAN_POINT ( 'NONE',  ( 14.89999999999998259, -0.2000000000000000111, -42.30000000000000426 ) ) ;
#7081 = CARTESIAN_POINT ( 'NONE',  ( 26.49999999999998934, -0.3000000000000000444, -68.90000000000001990 ) ) ;
#7082 = CIRCLE ( 'NONE', #3160, 0.5000000000000004441 ) ;
#7083 = CARTESIAN_POINT ( 'NONE',  ( 32.50000000000000000, -0.5000000000000000000, -70.59999999999998010 ) ) ;
#7084 = ADVANCED_FACE ( 'NONE', ( #4957 ), #2767, .T. ) ;
#7085 = EDGE_LOOP ( 'NONE', ( #5251, #3196, #5000, #3351 ) ) ;
#7086 = EDGE_LOOP ( 'NONE', ( #7028, #5591, #3265, #6017 ) ) ;
#7087 = CARTESIAN_POINT ( 'NONE',  ( 30.19000000000000838, -0.2999999999999999889, -69.09999999999999432 ) ) ;
#7088 = DIRECTION ( 'NONE',  ( 1.000000000000000000, 0.000000000000000000, 3.469446951953620105E-15 ) ) ;
#7089 = FACE_OUTER_BOUND ( 'NONE', #857, .T. ) ;
#7090 = AXIS2_PLACEMENT_3D ( 'NONE', #6652, #3786, #7161 ) ;
#7091 = CARTESIAN_POINT ( 'NONE',  ( 49.19999999999999574, -0.3999999999999999667, -54.09999999999998010 ) ) ;
#7092 = EDGE_CURVE ( 'NONE', #5780, #4122, #3922, .T. ) ;
#7093 = VERTEX_POINT ( 'NONE', #1502 ) ;
#7094 = ORIENTED_EDGE ( 'NONE', *, *, #2333, .T. ) ;
#7095 = ORIENTED_EDGE ( 'NONE', *, *, #3401, .F. ) ;
#7096 = VECTOR ( 'NONE', #2413, 1000.000000000000000 ) ;
#7097 = DIRECTION ( 'NONE',  ( 0.000000000000000000, 0.000000000000000000, -1.000000000000000000 ) ) ;
#7098 = AXIS2_PLACEMENT_3D ( 'NONE', #3102, #330, #3662 ) ;
#7099 = CARTESIAN_POINT ( 'NONE',  ( 29.19999999999997797, 0.1000000000000000056, -63.34999999999998721 ) ) ;
#7100 = CARTESIAN_POINT ( 'NONE',  ( 31.99999999999999289, -0.5000000000000000000, -67.59999999999998010 ) ) ;
#7101 = ORIENTED_EDGE ( 'NONE', *, *, #3974, .F. ) ;
#7102 = EDGE_LOOP ( 'NONE', ( #2886, #203, #739, #5752 ) ) ;
#7103 = VECTOR ( 'NONE', #3615, 1000.000000000000000 ) ;
#7104 = EDGE_CURVE ( 'NONE', #6152, #4186, #3767, .T. ) ;
#7105 = EDGE_CURVE ( 'NONE', #1196, #4155, #1891, .T. ) ;
#7106 = DIRECTION ( 'NONE',  ( 1.000000000000000000, 0.000000000000000000, 0.000000000000000000 ) ) ;
#7107 = DIRECTION ( 'NONE',  ( 0.000000000000000000, 0.000000000000000000, 1.000000000000000000 ) ) ;
#7108 = CARTESIAN_POINT ( 'NONE',  ( 19.20000000000000284, -0.1000000000000000056, -43.04999999999999716 ) ) ;
#7109 = DIRECTION ( 'NONE',  ( -1.000000000000000000, -0.000000000000000000, -0.000000000000000000 ) ) ;
#7110 = CARTESIAN_POINT ( 'NONE',  ( 49.69999999999999574, -0.2999999999999999889, -54.09999999999998010 ) ) ;
#7111 = CARTESIAN_POINT ( 'NONE',  ( 28.00000000000000711, -0.6000000000000000888, -71.09999999999999432 ) ) ;
#7112 = ORIENTED_EDGE ( 'NONE', *, *, #5973, .T. ) ;
#7113 = ORIENTED_EDGE ( 'NONE', *, *, #6640, .F. ) ;
#7114 = EDGE_CURVE ( 'NONE', #3886, #6142, #928, .T. ) ;
#7115 = ORIENTED_EDGE ( 'NONE', *, *, #4530, .F. ) ;
#7116 = CARTESIAN_POINT ( 'NONE',  ( 0.000000000000000000, 1.500000000000000000, -7.000000000000000000 ) ) ;
#7117 = DIRECTION ( 'NONE',  ( 0.000000000000000000, 0.000000000000000000, 1.000000000000000000 ) ) ;
#7118 = CARTESIAN_POINT ( 'NONE',  ( 6.999999999999999112, 1.244639535854047407, -0.8696805494382842117 ) ) ;
#7119 = DIRECTION ( 'NONE',  ( 0.000000000000000000, 0.000000000000000000, 1.000000000000000000 ) ) ;
#7120 = ADVANCED_FACE ( 'NONE', ( #2808 ), #3959, .F. ) ;
#7121 = ORIENTED_EDGE ( 'NONE', *, *, #2683, .F. ) ;
#7122 = ORIENTED_EDGE ( 'NONE', *, *, #5844, .F. ) ;
#7123 = CARTESIAN_POINT ( 'NONE',  ( 6.000000000000029310, -2.299999999999999822, -1.999999999999999112 ) ) ;
#7124 = CARTESIAN_POINT ( 'NONE',  ( 0.000000000000000000, -0.3000000000000000444, 0.000000000000000000 ) ) ;
#7125 = CARTESIAN_POINT ( 'NONE',  ( 17.84999999999999787, 1.244639535854047407, -42.73031945056171566 ) ) ;
#7126 = CARTESIAN_POINT ( 'NONE',  ( 47.04999999999999716, -0.7999999999999999334, -53.29999999999997584 ) ) ;
#7127 = ORIENTED_EDGE ( 'NONE', *, *, #5124, .T. ) ;
#7128 = VERTEX_POINT ( 'NONE', #5218 ) ;
#7129 = VERTEX_POINT ( 'NONE', #658 ) ;
#7130 = EDGE_CURVE ( 'NONE', #6027, #1573, #1242, .T. ) ;
#7131 = CARTESIAN_POINT ( 'NONE',  ( 0.000000000000000000, -0.5000000000000000000, -41.29999999999999716 ) ) ;
#7132 = CARTESIAN_POINT ( 'NONE',  ( 48.55000000000000426, -0.5999999999999999778, -48.94999999999999574 ) ) ;
#7133 = CARTESIAN_POINT ( 'NONE',  ( 25.74999999999998934, -0.3000000000000000444, -70.90000000000001990 ) ) ;
#7134 = ORIENTED_EDGE ( 'NONE', *, *, #3695, .F. ) ;
#7135 = VECTOR ( 'NONE', #365, 1000.000000000000000 ) ;
#7136 = ORIENTED_EDGE ( 'NONE', *, *, #7203, .T. ) ;
#7137 = VECTOR ( 'NONE', #965, 1000.000000000000000 ) ;
#7138 = ORIENTED_EDGE ( 'NONE', *, *, #5868, .T. ) ;
#7139 = DIRECTION ( 'NONE',  ( 1.000000000000000000, 0.000000000000000000, 0.000000000000000000 ) ) ;
#7140 = DIRECTION ( 'NONE',  ( -0.000000000000000000, 1.000000000000000000, 0.000000000000000000 ) ) ;
#7141 = CARTESIAN_POINT ( 'NONE',  ( 23.99999999999998579, -0.1000000000000000056, -65.50000000000001421 ) ) ;
#7142 = DIRECTION ( 'NONE',  ( -0.000000000000000000, 1.000000000000000000, -0.000000000000000000 ) ) ;
#7143 = CARTESIAN_POINT ( 'NONE',  ( 28.00000000000000711, -0.5000000000000000000, -67.59999999999998010 ) ) ;
#7144 = DIRECTION ( 'NONE',  ( 0.000000000000000000, 0.000000000000000000, 1.000000000000000000 ) ) ;
#7145 = LINE ( 'NONE', #5590, #4128 ) ;
#7146 = EDGE_CURVE ( 'NONE', #6725, #4353, #2249, .T. ) ;
#7147 = ORIENTED_EDGE ( 'NONE', *, *, #4075, .T. ) ;
#7148 = VERTEX_POINT ( 'NONE', #626 ) ;
#7149 = EDGE_LOOP ( 'NONE', ( #4194, #4696, #1758, #2759 ) ) ;
#7150 = CARTESIAN_POINT ( 'NONE',  ( 28.29999999999998650, -0.3000000000000000444, -70.90000000000001990 ) ) ;
#7151 = DIRECTION ( 'NONE',  ( -0.000000000000000000, 1.000000000000000000, 0.000000000000000000 ) ) ;
#7152 = LINE ( 'NONE', #4967, #5181 ) ;
#7153 = CARTESIAN_POINT ( 'NONE',  ( 27.99999999999998579, 0.000000000000000000, -68.90000000000001990 ) ) ;
#7154 = EDGE_CURVE ( 'NONE', #695, #1405, #6368, .T. ) ;
#7155 = VERTEX_POINT ( 'NONE', #4646 ) ;
#7156 = EDGE_CURVE ( 'NONE', #3943, #7037, #3507, .T. ) ;
#7157 = ORIENTED_EDGE ( 'NONE', *, *, #2482, .F. ) ;
#7158 = CARTESIAN_POINT ( 'NONE',  ( 2.000000000000000888, -2.299999999999999822, -6.000000000000024869 ) ) ;
#7159 = EDGE_CURVE ( 'NONE', #2619, #2652, #3543, .T. ) ;
#7160 = CARTESIAN_POINT ( 'NONE',  ( 28.29999999999998650, -0.3000000000000000444, -70.90000000000001990 ) ) ;
#7161 = DIRECTION ( 'NONE',  ( -1.000000000000000000, 0.000000000000000000, 3.659754168727450359E-17 ) ) ;
#7162 = DIRECTION ( 'NONE',  ( 0.000000000000000000, -1.000000000000000000, 0.000000000000000000 ) ) ;
#7163 = VERTEX_POINT ( 'NONE', #4552 ) ;
#7164 = VERTEX_POINT ( 'NONE', #5182 ) ;
#7165 = AXIS2_PLACEMENT_3D ( 'NONE', #2992, #2962, #630 ) ;
#7166 = DIRECTION ( 'NONE',  ( 0.000000000000000000, 0.000000000000000000, -1.000000000000000000 ) ) ;
#7167 = DIRECTION ( 'NONE',  ( 0.000000000000000000, 0.000000000000000000, 1.000000000000000000 ) ) ;
#7168 = LINE ( 'NONE', #6021, #5877 ) ;
#7169 = ORIENTED_EDGE ( 'NONE', *, *, #1177, .T. ) ;
#7170 = ADVANCED_FACE ( 'NONE', ( #3999 ), #2881, .T. ) ;
#7171 = VECTOR ( 'NONE', #7292, 1000.000000000000000 ) ;
#7172 = AXIS2_PLACEMENT_3D ( 'NONE', #1309, #2980, #1825 ) ;
#7173 = VERTEX_POINT ( 'NONE', #2388 ) ;
#7174 = ORIENTED_EDGE ( 'NONE', *, *, #92, .F. ) ;
#7175 = DIRECTION ( 'NONE',  ( -1.000000000000000000, -0.000000000000000000, -0.000000000000000000 ) ) ;
#7176 = LINE ( 'NONE', #3716, #3739 ) ;
#7177 = LINE ( 'NONE', #7141, #6705 ) ;
#7178 = VECTOR ( 'NONE', #2008, 1000.000000000000000 ) ;
#7179 = CARTESIAN_POINT ( 'NONE',  ( 48.55000000000000426, -0.7999999999999999334, -52.74999999999999289 ) ) ;
#7180 = PRODUCT ( 'TK018F3716', 'TK018F3716', '', ( #3848 ) ) ;
#7181 = CARTESIAN_POINT ( 'NONE',  ( 32.19999999999999574, -0.5000000000000000000, -55.59999999999998010 ) ) ;
#7182 = PLANE ( 'NONE',  #6253 ) ;
#7183 = MANIFOLD_SOLID_BREP ( '凸台-拉伸9[1]', #1622 ) ;
#7184 = CARTESIAN_POINT ( 'NONE',  ( 47.55000000000000426, -0.5999999999999999778, 0.000000000000000000 ) ) ;
#7185 = EDGE_CURVE ( 'NONE', #2726, #1062, #6264, .T. ) ;
#7186 = ORIENTED_EDGE ( 'NONE', *, *, #1801, .F. ) ;
#7187 = ORIENTED_EDGE ( 'NONE', *, *, #3204, .T. ) ;
#7188 = VECTOR ( 'NONE', #2197, 1000.000000000000000 ) ;
#7189 = VECTOR ( 'NONE', #6489, 1000.000000000000000 ) ;
#7190 = ORIENTED_EDGE ( 'NONE', *, *, #353, .T. ) ;
#7191 = CARTESIAN_POINT ( 'NONE',  ( 7.000000000000000000, 1.500000000000000000, -38.50000000000000000 ) ) ;
#7192 = CARTESIAN_POINT ( 'NONE',  ( 28.09999999999998010, 0.1000000000000000056, -63.34999999999998721 ) ) ;
#7193 = CLOSED_SHELL ( 'NONE', ( #3150, #3566, #213, #3875, #871, #6143, #4438, #1643, #6660, #549, #2603, #4634, #5149, #1043, #2897, #150, #5022, #4031, #492, #4145 ) ) ;
#7194 = CARTESIAN_POINT ( 'NONE',  ( 17.84999999999999787, 1.500000000000000444, -41.60000000000000142 ) ) ;
#7195 = FACE_OUTER_BOUND ( 'NONE', #5494, .T. ) ;
#7196 = DIRECTION ( 'NONE',  ( 1.000000000000000000, 0.000000000000000000, 0.000000000000000000 ) ) ;
#7197 = VECTOR ( 'NONE', #6819, 1000.000000000000000 ) ;
#7198 = EDGE_LOOP ( 'NONE', ( #377, #6226, #1673, #1463 ) ) ;
#7199 = ORIENTED_EDGE ( 'NONE', *, *, #636, .T. ) ;
#7200 = MANIFOLD_SOLID_BREP ( '凸台-拉伸2', #2448 ) ;
#7201 = ORIENTED_EDGE ( 'NONE', *, *, #5475, .T. ) ;
#7202 = CARTESIAN_POINT ( 'NONE',  ( 29.99999999999997868, -0.2000000000000000111, -59.04999999999999716 ) ) ;
#7203 = EDGE_CURVE ( 'NONE', #840, #5983, #6920, .T. ) ;
#7204 = AXIS2_PLACEMENT_3D ( 'NONE', #1500, #3719, #467 ) ;
#7205 = EDGE_CURVE ( 'NONE', #901, #2743, #6892, .T. ) ;
#7206 = DIRECTION ( 'NONE',  ( 1.000000000000000000, 0.000000000000000000, 0.000000000000000000 ) ) ;
#7207 = CARTESIAN_POINT ( 'NONE',  ( 26.79999999999998650, -0.3000000000000000444, -70.90000000000001990 ) ) ;
#7208 = LINE ( 'NONE', #2227, #1506 ) ;
#7209 = ORIENTED_EDGE ( 'NONE', *, *, #6737, .F. ) ;
#7210 = ORIENTED_EDGE ( 'NONE', *, *, #4933, .F. ) ;
#7211 = ORIENTED_EDGE ( 'NONE', *, *, #968, .T. ) ;
#7212 = CARTESIAN_POINT ( 'NONE',  ( 31.19999999999999574, -0.5000000000000000000, -67.59999999999998010 ) ) ;
#7213 = DIRECTION ( 'NONE',  ( -4.205390244792263776E-16, -0.000000000000000000, 1.000000000000000000 ) ) ;
#7214 = DIRECTION ( 'NONE',  ( 1.000000000000000000, 0.000000000000000000, 3.469446951953620105E-15 ) ) ;
#7215 = VERTEX_POINT ( 'NONE', #2318 ) ;
#7216 = ADVANCED_FACE ( 'NONE', ( #6785 ), #1696, .F. ) ;
#7217 = VECTOR ( 'NONE', #4126, 1000.000000000000000 ) ;
#7218 = VERTEX_POINT ( 'NONE', #3397 ) ;
#7219 = ORIENTED_EDGE ( 'NONE', *, *, #4707, .T. ) ;
#7220 = CARTESIAN_POINT ( 'NONE',  ( 29.69999999999997797, -1.500000000000000000, -41.29999999999999716 ) ) ;
#7221 = CARTESIAN_POINT ( 'NONE',  ( 25.74999999999998934, 0.000000000000000000, -68.90000000000001990 ) ) ;
#7222 = PLANE ( 'NONE',  #5799 ) ;
#7223 = CARTESIAN_POINT ( 'NONE',  ( 24.99999999999998579, 0.000000000000000000, -70.90000000000001990 ) ) ;
#7224 = CARTESIAN_POINT ( 'NONE',  ( 33.70000000000000284, -0.1000000000000000056, -6.000000000000028422 ) ) ;
#7225 = LINE ( 'NONE', #1027, #2966 ) ;
#7226 = VERTEX_POINT ( 'NONE', #1796 ) ;
#7227 = ORIENTED_EDGE ( 'NONE', *, *, #6310, .T. ) ;
#7228 = VERTEX_POINT ( 'NONE', #590 ) ;
#7229 = DIRECTION ( 'NONE',  ( -0.000000000000000000, 1.000000000000000000, 0.000000000000000000 ) ) ;
#7230 = EDGE_CURVE ( 'NONE', #7253, #2976, #2847, .T. ) ;
#7231 = DIRECTION ( 'NONE',  ( 1.000000000000000000, 0.000000000000000000, 0.000000000000000000 ) ) ;
#7232 = DIRECTION ( 'NONE',  ( -0.000000000000000000, -0.000000000000000000, 1.000000000000000000 ) ) ;
#7233 = FACE_OUTER_BOUND ( 'NONE', #4170, .T. ) ;
#7234 = DIRECTION ( 'NONE',  ( 0.000000000000000000, 0.000000000000000000, -1.000000000000000000 ) ) ;
#7235 = CARTESIAN_POINT ( 'NONE',  ( 49.19999999999999574, -0.5000000000000000000, -47.59999999999998010 ) ) ;
#7236 = EDGE_LOOP ( 'NONE', ( #6969, #748, #3815, #1966 ) ) ;
#7237 = ORIENTED_EDGE ( 'NONE', *, *, #7316, .F. ) ;
#7238 = ORIENTED_EDGE ( 'NONE', *, *, #6812, .F. ) ;
#7239 = CARTESIAN_POINT ( 'NONE',  ( 28.00000000000000355, -0.6000000000000000888, -71.09999999999999432 ) ) ;
#7240 = PLANE ( 'NONE',  #4418 ) ;
#7241 = CARTESIAN_POINT ( 'NONE',  ( 28.19999999999999218, -0.2000000000000000111, -67.40000000000001990 ) ) ;
#7242 = DIRECTION ( 'NONE',  ( 1.000000000000000000, 0.000000000000000000, -0.000000000000000000 ) ) ;
#7243 = ORIENTED_EDGE ( 'NONE', *, *, #4411, .T. ) ;
#7244 = ORIENTED_EDGE ( 'NONE', *, *, #1388, .T. ) ;
#7245 = ORIENTED_EDGE ( 'NONE', *, *, #2295, .F. ) ;
#7246 = CARTESIAN_POINT ( 'NONE',  ( 29.69999999999997797, -0.1000000000000000056, -41.29999999999999716 ) ) ;
#7247 = AXIS2_PLACEMENT_3D ( 'NONE', #1317, #5355, #313 ) ;
#7248 = CARTESIAN_POINT ( 'NONE',  ( 33.70000000000000995, -0.1000000000000000056, -37.29999999999996163 ) ) ;
#7249 = EDGE_CURVE ( 'NONE', #1798, #7129, #6400, .T. ) ;
#7250 = ORIENTED_EDGE ( 'NONE', *, *, #6763, .F. ) ;
#7251 = EDGE_CURVE ( 'NONE', #2588, #3827, #4732, .T. ) ;
#7252 = ORIENTED_EDGE ( 'NONE', *, *, #4448, .F. ) ;
#7253 = VERTEX_POINT ( 'NONE', #2421 ) ;
#7254 = CYLINDRICAL_SURFACE ( 'NONE', #3390, 0.9999999999999940048 ) ;
#7255 = EDGE_CURVE ( 'NONE', #6061, #2405, #5249, .T. ) ;
#7256 = CARTESIAN_POINT ( 'NONE',  ( 46.39999999999999858, -0.2999999999999999889, -47.59999999999998010 ) ) ;
#7257 = LINE ( 'NONE', #950, #5688 ) ;
#7258 = FACE_OUTER_BOUND ( 'NONE', #4066, .T. ) ;
#7259 = FACE_OUTER_BOUND ( 'NONE', #4302, .T. ) ;
#7260 = DIRECTION ( 'NONE',  ( -0.000000000000000000, -1.000000000000000000, -0.000000000000000000 ) ) ;
#7261 = CIRCLE ( 'NONE', #3346, 0.5000000000000004441 ) ;
#7262 = ORIENTED_EDGE ( 'NONE', *, *, #1928, .F. ) ;
#7263 = VERTEX_POINT ( 'NONE', #6956 ) ;
#7264 = VERTEX_POINT ( 'NONE', #5815 ) ;
#7265 = CARTESIAN_POINT ( 'NONE',  ( 35.69999999999999574, 0.000000000000000000, -7.000000000000000000 ) ) ;
#7266 = VECTOR ( 'NONE', #1887, 1000.000000000000000 ) ;
#7267 = LINE ( 'NONE', #2853, #5385 ) ;
#7268 = DIRECTION ( 'NONE',  ( 0.000000000000000000, 0.000000000000000000, -1.000000000000000000 ) ) ;
#7269 = DIRECTION ( 'NONE',  ( 0.000000000000000000, 0.000000000000000000, 1.000000000000000000 ) ) ;
#7270 = CARTESIAN_POINT ( 'NONE',  ( 17.84999999999999787, 0.5000000000000000000, -43.60000000000000142 ) ) ;
#7271 = CYLINDRICAL_SURFACE ( 'NONE', #4024, 4.000000000000000000 ) ;
#7272 = ORIENTED_EDGE ( 'NONE', *, *, #1695, .T. ) ;
#7273 = ORIENTED_EDGE ( 'NONE', *, *, #6617, .F. ) ;
#7274 = EDGE_CURVE ( 'NONE', #2809, #3886, #2986, .T. ) ;
#7275 = VERTEX_POINT ( 'NONE', #1869 ) ;
#7276 = CARTESIAN_POINT ( 'NONE',  ( 0.000000000000000000, -0.7999999999999999334, 0.000000000000000000 ) ) ;
#7277 = DIRECTION ( 'NONE',  ( 0.000000000000000000, -1.000000000000000000, 0.000000000000000000 ) ) ;
#7278 = DIRECTION ( 'NONE',  ( 1.000000000000000000, 0.000000000000000000, -0.000000000000000000 ) ) ;
#7279 = DIRECTION ( 'NONE',  ( 1.108449505416492044E-16, 0.000000000000000000, -1.000000000000000000 ) ) ;
#7280 = EDGE_CURVE ( 'NONE', #6821, #1397, #4137, .T. ) ;
#7281 = ORIENTED_EDGE ( 'NONE', *, *, #5825, .T. ) ;
#7282 = ORIENTED_EDGE ( 'NONE', *, *, #226, .F. ) ;
#7283 = ORIENTED_EDGE ( 'NONE', *, *, #4551, .F. ) ;
#7284 = MANIFOLD_SOLID_BREP ( '凸台-拉伸11[2]', #6363 ) ;
#7285 = CARTESIAN_POINT ( 'NONE',  ( 27.50000000000000355, -0.3999999999999999667, 0.000000000000000000 ) ) ;
#7286 = CARTESIAN_POINT ( 'NONE',  ( 27.24999999999998934, 0.000000000000000000, -70.90000000000001990 ) ) ;
#7287 = EDGE_LOOP ( 'NONE', ( #2300, #6939, #2040, #5824 ) ) ;
#7288 = VERTEX_POINT ( 'NONE', #366 ) ;
#7289 = ORIENTED_EDGE ( 'NONE', *, *, #1414, .F. ) ;
#7290 = DIRECTION ( 'NONE',  ( -2.216899010832982115E-16, 0.000000000000000000, 1.000000000000000000 ) ) ;
#7291 = ADVANCED_FACE ( 'NONE', ( #3930 ), #4369, .F. ) ;
#7292 = DIRECTION ( 'NONE',  ( -0.000000000000000000, 1.000000000000000000, 0.000000000000000000 ) ) ;
#7293 = EDGE_CURVE ( 'NONE', #882, #3169, #6159, .T. ) ;
#7294 = DIRECTION ( 'NONE',  ( -0.000000000000000000, -1.000000000000000000, -0.000000000000000000 ) ) ;
#7295 = DIRECTION ( 'NONE',  ( 0.000000000000000000, 0.000000000000000000, -1.000000000000000000 ) ) ;
#7296 = CYLINDRICAL_SURFACE ( 'NONE', #4003, 0.5000000000000004441 ) ;
#7297 = MANIFOLD_SOLID_BREP ( '凸台-拉伸12', #2686 ) ;
#7298 = VECTOR ( 'NONE', #4909, 1000.000000000000000 ) ;
#7299 = CIRCLE ( 'NONE', #2309, 0.5000000000000004441 ) ;
#7300 = DIRECTION ( 'NONE',  ( -1.000000000000000000, -0.000000000000000000, -0.000000000000000000 ) ) ;
#7301 = ORIENTED_EDGE ( 'NONE', *, *, #494, .F. ) ;
#7302 = EDGE_CURVE ( 'NONE', #3814, #5957, #5482, .T. ) ;
#7303 = VERTEX_POINT ( 'NONE', #2622 ) ;
#7304 = AXIS2_PLACEMENT_3D ( 'NONE', #4867, #5943, #345 ) ;
#7305 = VECTOR ( 'NONE', #6249, 1000.000000000000000 ) ;
#7306 = ORIENTED_EDGE ( 'NONE', *, *, #3133, .F. ) ;
#7307 = DIRECTION ( 'NONE',  ( 0.000000000000000000, -1.000000000000000000, 0.000000000000000000 ) ) ;
#7308 = CARTESIAN_POINT ( 'NONE',  ( 31.95000000000000639, -0.3999999999999999667, -69.09999999999999432 ) ) ;
#7309 = DIRECTION ( 'NONE',  ( -1.734723475976805517E-15, -0.000000000000000000, -1.000000000000000000 ) ) ;
#7310 = PLANE ( 'NONE',  #3187 ) ;
#7311 = DIRECTION ( 'NONE',  ( 0.000000000000000000, 1.000000000000000000, 0.000000000000000000 ) ) ;
#7312 = CARTESIAN_POINT ( 'NONE',  ( 27.54999999999999005, -0.3000000000000000444, -68.90000000000001990 ) ) ;
#7313 = ORIENTED_EDGE ( 'NONE', *, *, #2482, .T. ) ;
#7314 = VECTOR ( 'NONE', #5851, 1000.000000000000000 ) ;
#7315 = ORIENTED_EDGE ( 'NONE', *, *, #2394, .F. ) ;
#7316 = EDGE_CURVE ( 'NONE', #7163, #3908, #3890, .T. ) ;
#7317 = ORIENTED_EDGE ( 'NONE', *, *, #2762, .T. ) ;
#7318 = PLANE ( 'NONE',  #421 ) ;
#7319 = AXIS2_PLACEMENT_3D ( 'NONE', #3729, #364, #3657 ) ;
#7320 = CARTESIAN_POINT ( 'NONE',  ( 29.69999999999997797, -1.500000000000000000, -41.29999999999999716 ) ) ;
#7321 = CARTESIAN_POINT ( 'NONE',  ( 26.79999999999998650, 0.000000000000000000, -70.90000000000001990 ) ) ;
#7322 = AXIS2_PLACEMENT_3D ( 'NONE', #2216, #6121, #2740 ) ;
#7323 = DIRECTION ( 'NONE',  ( 1.000000000000000000, 0.000000000000000000, 1.486905836551547896E-15 ) ) ;
#7324 = VECTOR ( 'NONE', #6715, 1000.000000000000000 ) ;
#7325 = VERTEX_POINT ( 'NONE', #7194 ) ;
#7326 = VERTEX_POINT ( 'NONE', #2174 ) ;
#7327 = CIRCLE ( 'NONE', #6849, 0.5000000000000004441 ) ;
#7328 = PLANE ( 'NONE',  #6081 ) ;
#7329 = LINE ( 'NONE', #6139, #5170 ) ;
#7330 = ADVANCED_FACE ( 'NONE', ( #7233 ), #995, .T. ) ;
#7331 = AXIS2_PLACEMENT_3D ( 'NONE', #4876, #2128, #4911 ) ;
#7332 = ORIENTED_EDGE ( 'NONE', *, *, #1346, .T. ) ;
#7333 = ORIENTED_EDGE ( 'NONE', *, *, #5334, .F. ) ;
#7334 = DIRECTION ( 'NONE',  ( 0.7071067811865480168, 0.000000000000000000, 0.7071067811865470176 ) ) ;
#7335 = DIRECTION ( 'NONE',  ( 1.734723475976805517E-15, 0.000000000000000000, 1.000000000000000000 ) ) ;
#7336 = AXIS2_PLACEMENT_3D ( 'NONE', #912, #4176, #839 ) ;
#7337 = DIRECTION ( 'NONE',  ( 1.000000000000000000, 0.000000000000000000, -1.734723475976805517E-15 ) ) ;
#7338 = FACE_OUTER_BOUND ( 'NONE', #6655, .T. ) ;
#7339 = CARTESIAN_POINT ( 'NONE',  ( 32.00000000000000000, -0.3999999999999999667, -71.09999999999998010 ) ) ;
#7340 = DIRECTION ( 'NONE',  ( 0.000000000000000000, 0.000000000000000000, -1.000000000000000000 ) ) ;
#7341 = CARTESIAN_POINT ( 'NONE',  ( 32.20000000000000284, -0.5000000000000000000, -54.59999999999998010 ) ) ;
#7342 = ORIENTED_EDGE ( 'NONE', *, *, #6786, .T. ) ;
#7343 = VERTEX_POINT ( 'NONE', #5560 ) ;
#7344 = LOCAL_TIME ( 11, 27, 8.000000000000000000, #633 ) ;
#7345 = ADVANCED_FACE ( 'NONE', ( #2097 ), #7310, .F. ) ;
#7346 = AXIS2_PLACEMENT_3D ( 'NONE', #4433, #5029, #5548 ) ;
#7347 = ORIENTED_EDGE ( 'NONE', *, *, #5189, .T. ) ;
#7348 = FACE_OUTER_BOUND ( 'NONE', #4036, .T. ) ;
#7349 = CARTESIAN_POINT ( 'NONE',  ( 0.000000000000000000, -0.3999999999999999667, -41.29999999999999716 ) ) ;
#7350 = CARTESIAN_POINT ( 'NONE',  ( 10.10000000000002984, -0.3999999999999999667, -5.005916316390225126E-15 ) ) ;
#7351 = EDGE_CURVE ( 'NONE', #3169, #1842, #2215, .T. ) ;
#7352 = CARTESIAN_POINT ( 'NONE',  ( 29.19999999999997797, -0.1000000000000000056, -64.84999999999999432 ) ) ;
#7353 = VECTOR ( 'NONE', #3367, 1000.000000000000000 ) ;
#7354 = CARTESIAN_POINT ( 'NONE',  ( 33.70000000000000995, -1.500000000000000000, -37.29999999999999716 ) ) ;
ENDSEC;
END-ISO-10303-21;
